--
-- PostgreSQL database dump
--

\restrict jqc2DblcpO5xr3YR8vfjuHicMxlgTzu3ESKdUE4agZpSKDqV99T9FMOnHxVO7As

-- Dumped from database version 17.10
-- Dumped by pg_dump version 17.10

SET statement_timeout = 0;
SET lock_timeout = 0;
SET idle_in_transaction_session_timeout = 0;
SET transaction_timeout = 0;
SET client_encoding = 'UTF8';
SET standard_conforming_strings = on;
SELECT pg_catalog.set_config('search_path', '', false);
SET check_function_bodies = false;
SET xmloption = content;
SET client_min_messages = warning;
SET row_security = off;

SET default_tablespace = '';

SET default_table_access_method = heap;

--
-- Name: auth_group; Type: TABLE; Schema: public; Owner: elearn_user
--

CREATE TABLE public.auth_group (
    id integer NOT NULL,
    name character varying(150) NOT NULL
);


ALTER TABLE public.auth_group OWNER TO elearn_user;

--
-- Name: auth_group_id_seq; Type: SEQUENCE; Schema: public; Owner: elearn_user
--

ALTER TABLE public.auth_group ALTER COLUMN id ADD GENERATED BY DEFAULT AS IDENTITY (
    SEQUENCE NAME public.auth_group_id_seq
    START WITH 1
    INCREMENT BY 1
    NO MINVALUE
    NO MAXVALUE
    CACHE 1
);


--
-- Name: auth_group_permissions; Type: TABLE; Schema: public; Owner: elearn_user
--

CREATE TABLE public.auth_group_permissions (
    id bigint NOT NULL,
    group_id integer NOT NULL,
    permission_id integer NOT NULL
);


ALTER TABLE public.auth_group_permissions OWNER TO elearn_user;

--
-- Name: auth_group_permissions_id_seq; Type: SEQUENCE; Schema: public; Owner: elearn_user
--

ALTER TABLE public.auth_group_permissions ALTER COLUMN id ADD GENERATED BY DEFAULT AS IDENTITY (
    SEQUENCE NAME public.auth_group_permissions_id_seq
    START WITH 1
    INCREMENT BY 1
    NO MINVALUE
    NO MAXVALUE
    CACHE 1
);


--
-- Name: auth_permission; Type: TABLE; Schema: public; Owner: elearn_user
--

CREATE TABLE public.auth_permission (
    id integer NOT NULL,
    name character varying(255) NOT NULL,
    content_type_id integer NOT NULL,
    codename character varying(100) NOT NULL
);


ALTER TABLE public.auth_permission OWNER TO elearn_user;

--
-- Name: auth_permission_id_seq; Type: SEQUENCE; Schema: public; Owner: elearn_user
--

ALTER TABLE public.auth_permission ALTER COLUMN id ADD GENERATED BY DEFAULT AS IDENTITY (
    SEQUENCE NAME public.auth_permission_id_seq
    START WITH 1
    INCREMENT BY 1
    NO MINVALUE
    NO MAXVALUE
    CACHE 1
);


--
-- Name: coureses_answer; Type: TABLE; Schema: public; Owner: elearn_user
--

CREATE TABLE public.coureses_answer (
    id bigint NOT NULL,
    content text NOT NULL,
    is_correct boolean NOT NULL,
    question_id bigint NOT NULL
);


ALTER TABLE public.coureses_answer OWNER TO elearn_user;

--
-- Name: coureses_answer_id_seq; Type: SEQUENCE; Schema: public; Owner: elearn_user
--

ALTER TABLE public.coureses_answer ALTER COLUMN id ADD GENERATED BY DEFAULT AS IDENTITY (
    SEQUENCE NAME public.coureses_answer_id_seq
    START WITH 1
    INCREMENT BY 1
    NO MINVALUE
    NO MAXVALUE
    CACHE 1
);


--
-- Name: coureses_course; Type: TABLE; Schema: public; Owner: elearn_user
--

CREATE TABLE public.coureses_course (
    id bigint NOT NULL,
    title character varying(100) NOT NULL,
    "desc" text NOT NULL,
    slug character varying(50) NOT NULL,
    image character varying(100)
);


ALTER TABLE public.coureses_course OWNER TO elearn_user;

--
-- Name: coureses_course_id_seq; Type: SEQUENCE; Schema: public; Owner: elearn_user
--

ALTER TABLE public.coureses_course ALTER COLUMN id ADD GENERATED BY DEFAULT AS IDENTITY (
    SEQUENCE NAME public.coureses_course_id_seq
    START WITH 1
    INCREMENT BY 1
    NO MINVALUE
    NO MAXVALUE
    CACHE 1
);


--
-- Name: coureses_module; Type: TABLE; Schema: public; Owner: elearn_user
--

CREATE TABLE public.coureses_module (
    id bigint NOT NULL,
    title character varying(100) NOT NULL,
    "order" bigint NOT NULL,
    content text NOT NULL,
    course_id bigint NOT NULL,
    CONSTRAINT coureses_module_order_check CHECK (("order" >= 0))
);


ALTER TABLE public.coureses_module OWNER TO elearn_user;

--
-- Name: coureses_module_id_seq; Type: SEQUENCE; Schema: public; Owner: elearn_user
--

ALTER TABLE public.coureses_module ALTER COLUMN id ADD GENERATED BY DEFAULT AS IDENTITY (
    SEQUENCE NAME public.coureses_module_id_seq
    START WITH 1
    INCREMENT BY 1
    NO MINVALUE
    NO MAXVALUE
    CACHE 1
);


--
-- Name: coureses_quest; Type: TABLE; Schema: public; Owner: elearn_user
--

CREATE TABLE public.coureses_quest (
    id bigint NOT NULL,
    content text NOT NULL,
    quest_id bigint NOT NULL
);


ALTER TABLE public.coureses_quest OWNER TO elearn_user;

--
-- Name: coureses_quest_id_seq; Type: SEQUENCE; Schema: public; Owner: elearn_user
--

ALTER TABLE public.coureses_quest ALTER COLUMN id ADD GENERATED BY DEFAULT AS IDENTITY (
    SEQUENCE NAME public.coureses_quest_id_seq
    START WITH 1
    INCREMENT BY 1
    NO MINVALUE
    NO MAXVALUE
    CACHE 1
);


--
-- Name: coureses_question; Type: TABLE; Schema: public; Owner: elearn_user
--

CREATE TABLE public.coureses_question (
    id bigint NOT NULL,
    content text NOT NULL,
    question_id bigint NOT NULL,
    "order" bigint NOT NULL,
    CONSTRAINT coureses_question_order_check CHECK (("order" >= 0))
);


ALTER TABLE public.coureses_question OWNER TO elearn_user;

--
-- Name: coureses_question_id_seq; Type: SEQUENCE; Schema: public; Owner: elearn_user
--

ALTER TABLE public.coureses_question ALTER COLUMN id ADD GENERATED BY DEFAULT AS IDENTITY (
    SEQUENCE NAME public.coureses_question_id_seq
    START WITH 1
    INCREMENT BY 1
    NO MINVALUE
    NO MAXVALUE
    CACHE 1
);


--
-- Name: coureses_topic; Type: TABLE; Schema: public; Owner: elearn_user
--

CREATE TABLE public.coureses_topic (
    id bigint NOT NULL,
    title character varying(100) NOT NULL,
    content text NOT NULL,
    module_id bigint NOT NULL,
    "order" bigint NOT NULL,
    CONSTRAINT coureses_topic_order_check CHECK (("order" >= 0))
);


ALTER TABLE public.coureses_topic OWNER TO elearn_user;

--
-- Name: coureses_topic_id_seq; Type: SEQUENCE; Schema: public; Owner: elearn_user
--

ALTER TABLE public.coureses_topic ALTER COLUMN id ADD GENERATED BY DEFAULT AS IDENTITY (
    SEQUENCE NAME public.coureses_topic_id_seq
    START WITH 1
    INCREMENT BY 1
    NO MINVALUE
    NO MAXVALUE
    CACHE 1
);


--
-- Name: django_admin_log; Type: TABLE; Schema: public; Owner: elearn_user
--

CREATE TABLE public.django_admin_log (
    id integer NOT NULL,
    action_time timestamp with time zone NOT NULL,
    object_id text,
    object_repr character varying(200) NOT NULL,
    action_flag smallint NOT NULL,
    change_message text NOT NULL,
    content_type_id integer,
    user_id bigint NOT NULL,
    CONSTRAINT django_admin_log_action_flag_check CHECK ((action_flag >= 0))
);


ALTER TABLE public.django_admin_log OWNER TO elearn_user;

--
-- Name: django_admin_log_id_seq; Type: SEQUENCE; Schema: public; Owner: elearn_user
--

ALTER TABLE public.django_admin_log ALTER COLUMN id ADD GENERATED BY DEFAULT AS IDENTITY (
    SEQUENCE NAME public.django_admin_log_id_seq
    START WITH 1
    INCREMENT BY 1
    NO MINVALUE
    NO MAXVALUE
    CACHE 1
);


--
-- Name: django_content_type; Type: TABLE; Schema: public; Owner: elearn_user
--

CREATE TABLE public.django_content_type (
    id integer NOT NULL,
    app_label character varying(100) NOT NULL,
    model character varying(100) NOT NULL
);


ALTER TABLE public.django_content_type OWNER TO elearn_user;

--
-- Name: django_content_type_id_seq; Type: SEQUENCE; Schema: public; Owner: elearn_user
--

ALTER TABLE public.django_content_type ALTER COLUMN id ADD GENERATED BY DEFAULT AS IDENTITY (
    SEQUENCE NAME public.django_content_type_id_seq
    START WITH 1
    INCREMENT BY 1
    NO MINVALUE
    NO MAXVALUE
    CACHE 1
);


--
-- Name: django_migrations; Type: TABLE; Schema: public; Owner: elearn_user
--

CREATE TABLE public.django_migrations (
    id bigint NOT NULL,
    app character varying(255) NOT NULL,
    name character varying(255) NOT NULL,
    applied timestamp with time zone NOT NULL
);


ALTER TABLE public.django_migrations OWNER TO elearn_user;

--
-- Name: django_migrations_id_seq; Type: SEQUENCE; Schema: public; Owner: elearn_user
--

ALTER TABLE public.django_migrations ALTER COLUMN id ADD GENERATED BY DEFAULT AS IDENTITY (
    SEQUENCE NAME public.django_migrations_id_seq
    START WITH 1
    INCREMENT BY 1
    NO MINVALUE
    NO MAXVALUE
    CACHE 1
);


--
-- Name: django_session; Type: TABLE; Schema: public; Owner: elearn_user
--

CREATE TABLE public.django_session (
    session_key character varying(40) NOT NULL,
    session_data text NOT NULL,
    expire_date timestamp with time zone NOT NULL
);


ALTER TABLE public.django_session OWNER TO elearn_user;

--
-- Name: e_learn_mode; Type: TABLE; Schema: public; Owner: elearn_user
--

CREATE TABLE public.e_learn_mode (
    id bigint NOT NULL,
    name character varying(50) NOT NULL,
    image character varying(100),
    url character varying(50) NOT NULL
);


ALTER TABLE public.e_learn_mode OWNER TO elearn_user;

--
-- Name: e_learn_mode_id_seq; Type: SEQUENCE; Schema: public; Owner: elearn_user
--

ALTER TABLE public.e_learn_mode ALTER COLUMN id ADD GENERATED BY DEFAULT AS IDENTITY (
    SEQUENCE NAME public.e_learn_mode_id_seq
    START WITH 1
    INCREMENT BY 1
    NO MINVALUE
    NO MAXVALUE
    CACHE 1
);


--
-- Name: quizes_quiz; Type: TABLE; Schema: public; Owner: elearn_user
--

CREATE TABLE public.quizes_quiz (
    id bigint NOT NULL,
    title character varying(200) NOT NULL,
    course_id bigint NOT NULL
);


ALTER TABLE public.quizes_quiz OWNER TO elearn_user;

--
-- Name: quizes_quiz_answer; Type: TABLE; Schema: public; Owner: elearn_user
--

CREATE TABLE public.quizes_quiz_answer (
    id bigint NOT NULL,
    option character varying(200) NOT NULL,
    answer_id bigint NOT NULL,
    is_correct boolean NOT NULL
);


ALTER TABLE public.quizes_quiz_answer OWNER TO elearn_user;

--
-- Name: quizes_quiz_answer_id_seq; Type: SEQUENCE; Schema: public; Owner: elearn_user
--

ALTER TABLE public.quizes_quiz_answer ALTER COLUMN id ADD GENERATED BY DEFAULT AS IDENTITY (
    SEQUENCE NAME public.quizes_quiz_answer_id_seq
    START WITH 1
    INCREMENT BY 1
    NO MINVALUE
    NO MAXVALUE
    CACHE 1
);


--
-- Name: quizes_quiz_id_seq; Type: SEQUENCE; Schema: public; Owner: elearn_user
--

ALTER TABLE public.quizes_quiz ALTER COLUMN id ADD GENERATED BY DEFAULT AS IDENTITY (
    SEQUENCE NAME public.quizes_quiz_id_seq
    START WITH 1
    INCREMENT BY 1
    NO MINVALUE
    NO MAXVALUE
    CACHE 1
);


--
-- Name: quizes_quiz_task; Type: TABLE; Schema: public; Owner: elearn_user
--

CREATE TABLE public.quizes_quiz_task (
    id bigint NOT NULL,
    context character varying(200) NOT NULL,
    task_id bigint NOT NULL
);


ALTER TABLE public.quizes_quiz_task OWNER TO elearn_user;

--
-- Name: quizes_quiz_task_id_seq; Type: SEQUENCE; Schema: public; Owner: elearn_user
--

ALTER TABLE public.quizes_quiz_task ALTER COLUMN id ADD GENERATED BY DEFAULT AS IDENTITY (
    SEQUENCE NAME public.quizes_quiz_task_id_seq
    START WITH 1
    INCREMENT BY 1
    NO MINVALUE
    NO MAXVALUE
    CACHE 1
);


--
-- Name: results_results; Type: TABLE; Schema: public; Owner: elearn_user
--

CREATE TABLE public.results_results (
    id bigint NOT NULL,
    score integer NOT NULL,
    max_score integer NOT NULL,
    started_at timestamp with time zone NOT NULL,
    finished_at timestamp with time zone NOT NULL,
    duration interval NOT NULL,
    quiz_id bigint NOT NULL,
    users_id bigint NOT NULL
);


ALTER TABLE public.results_results OWNER TO elearn_user;

--
-- Name: results_results_id_seq; Type: SEQUENCE; Schema: public; Owner: elearn_user
--

ALTER TABLE public.results_results ALTER COLUMN id ADD GENERATED BY DEFAULT AS IDENTITY (
    SEQUENCE NAME public.results_results_id_seq
    START WITH 1
    INCREMENT BY 1
    NO MINVALUE
    NO MAXVALUE
    CACHE 1
);


--
-- Name: users_user; Type: TABLE; Schema: public; Owner: elearn_user
--

CREATE TABLE public.users_user (
    id bigint NOT NULL,
    password character varying(128) NOT NULL,
    last_login timestamp with time zone,
    is_superuser boolean NOT NULL,
    username character varying(150) NOT NULL,
    first_name character varying(150) NOT NULL,
    last_name character varying(150) NOT NULL,
    is_staff boolean NOT NULL,
    is_active boolean NOT NULL,
    date_joined timestamp with time zone NOT NULL,
    email character varying(254) NOT NULL,
    avatar character varying(100),
    created_at timestamp with time zone NOT NULL
);


ALTER TABLE public.users_user OWNER TO elearn_user;

--
-- Name: users_user_groups; Type: TABLE; Schema: public; Owner: elearn_user
--

CREATE TABLE public.users_user_groups (
    id bigint NOT NULL,
    user_id bigint NOT NULL,
    group_id integer NOT NULL
);


ALTER TABLE public.users_user_groups OWNER TO elearn_user;

--
-- Name: users_user_groups_id_seq; Type: SEQUENCE; Schema: public; Owner: elearn_user
--

ALTER TABLE public.users_user_groups ALTER COLUMN id ADD GENERATED BY DEFAULT AS IDENTITY (
    SEQUENCE NAME public.users_user_groups_id_seq
    START WITH 1
    INCREMENT BY 1
    NO MINVALUE
    NO MAXVALUE
    CACHE 1
);


--
-- Name: users_user_id_seq; Type: SEQUENCE; Schema: public; Owner: elearn_user
--

ALTER TABLE public.users_user ALTER COLUMN id ADD GENERATED BY DEFAULT AS IDENTITY (
    SEQUENCE NAME public.users_user_id_seq
    START WITH 1
    INCREMENT BY 1
    NO MINVALUE
    NO MAXVALUE
    CACHE 1
);


--
-- Name: users_user_user_permissions; Type: TABLE; Schema: public; Owner: elearn_user
--

CREATE TABLE public.users_user_user_permissions (
    id bigint NOT NULL,
    user_id bigint NOT NULL,
    permission_id integer NOT NULL
);


ALTER TABLE public.users_user_user_permissions OWNER TO elearn_user;

--
-- Name: users_user_user_permissions_id_seq; Type: SEQUENCE; Schema: public; Owner: elearn_user
--

ALTER TABLE public.users_user_user_permissions ALTER COLUMN id ADD GENERATED BY DEFAULT AS IDENTITY (
    SEQUENCE NAME public.users_user_user_permissions_id_seq
    START WITH 1
    INCREMENT BY 1
    NO MINVALUE
    NO MAXVALUE
    CACHE 1
);


--
-- Data for Name: auth_group; Type: TABLE DATA; Schema: public; Owner: elearn_user
--

COPY public.auth_group (id, name) FROM stdin;
\.


--
-- Data for Name: auth_group_permissions; Type: TABLE DATA; Schema: public; Owner: elearn_user
--

COPY public.auth_group_permissions (id, group_id, permission_id) FROM stdin;
\.


--
-- Data for Name: auth_permission; Type: TABLE DATA; Schema: public; Owner: elearn_user
--

COPY public.auth_permission (id, name, content_type_id, codename) FROM stdin;
1	Can add log entry	1	add_logentry
2	Can change log entry	1	change_logentry
3	Can delete log entry	1	delete_logentry
4	Can view log entry	1	view_logentry
5	Can add permission	2	add_permission
6	Can change permission	2	change_permission
7	Can delete permission	2	delete_permission
8	Can view permission	2	view_permission
9	Can add group	3	add_group
10	Can change group	3	change_group
11	Can delete group	3	delete_group
12	Can view group	3	view_group
13	Can add content type	4	add_contenttype
14	Can change content type	4	change_contenttype
15	Can delete content type	4	delete_contenttype
16	Can view content type	4	view_contenttype
17	Can add session	5	add_session
18	Can change session	5	change_session
19	Can delete session	5	delete_session
20	Can view session	5	view_session
21	Can add user	6	add_user
22	Can change user	6	change_user
23	Can delete user	6	delete_user
24	Can view user	6	view_user
25	Can add lesson	7	add_lesson
26	Can change lesson	7	change_lesson
27	Can delete lesson	7	delete_lesson
28	Can view lesson	7	view_lesson
29	Can add module	8	add_module
30	Can change module	8	change_module
31	Can delete module	8	delete_module
32	Can view module	8	view_module
33	Can add topic	9	add_topic
34	Can change topic	9	change_topic
35	Can delete topic	9	delete_topic
36	Can view topic	9	view_topic
37	Can add question	10	add_question
38	Can change question	10	change_question
39	Can delete question	10	delete_question
40	Can view question	10	view_question
41	Can add answer	11	add_answer
42	Can change answer	11	change_answer
43	Can delete answer	11	delete_answer
44	Can view answer	11	view_answer
45	Can add quest	12	add_quest
46	Can change quest	12	change_quest
47	Can delete quest	12	delete_quest
48	Can view quest	12	view_quest
49	Can add course	13	add_course
50	Can change course	13	change_course
51	Can delete course	13	delete_course
52	Can view course	13	view_course
53	Can add quiz_ answer	14	add_quiz_answer
54	Can change quiz_ answer	14	change_quiz_answer
55	Can delete quiz_ answer	14	delete_quiz_answer
56	Can view quiz_ answer	14	view_quiz_answer
57	Can add quiz	15	add_quiz
58	Can change quiz	15	change_quiz
59	Can delete quiz	15	delete_quiz
60	Can view quiz	15	view_quiz
61	Can add quiz_ task	16	add_quiz_task
62	Can change quiz_ task	16	change_quiz_task
63	Can delete quiz_ task	16	delete_quiz_task
64	Can view quiz_ task	16	view_quiz_task
65	Can add results	17	add_results
66	Can change results	17	change_results
67	Can delete results	17	delete_results
68	Can view results	17	view_results
69	Can add mode	18	add_mode
70	Can change mode	18	change_mode
71	Can delete mode	18	delete_mode
72	Can view mode	18	view_mode
\.


--
-- Data for Name: coureses_answer; Type: TABLE DATA; Schema: public; Owner: elearn_user
--

COPY public.coureses_answer (id, content, is_correct, question_id) FROM stdin;
1	1110 0000	t	1
2	1110 1000	f	1
3	1101 1112	f	1
4	1100 1001	f	1
101	<p>op1</p>	f	78
102	<p>op2</p>	f	78
103	<p>op3</p>	f	78
5	11x	f	52
6	8x	t	52
7	14x	f	52
8	4x	f	52
9	6a + 2b	f	53
10	11a + 3b	f	53
11	5a + 2b	t	53
12	5b + 2a	f	53
104	<p>op4</p>	f	78
16	<div><code>x&sup2; + 64x + 16</code></div>	f	54
15	<div><code>x&sup2; + 16x + 64</code></div>	t	54
14	<div><code>x&sup2; + 24x + 64</code></div>	f	54
105	<p>op1</p>	f	79
13	<div><code>x&sup3; + 16x + 64</code></div>	f	54
17	<p><code>(a + 6)(a + 6)</code></p>	f	55
18	<p><code>(a - 6)(a + 6)</code></p>	t	55
19	<p><code>(a - 5)(a + 6)</code></p>	f	55
20	<p><code>(a - 6)(b + 6)</code></p>	f	55
21	<p>27</p>	f	56
22	<p>15</p>	f	56
23	<p>20</p>	f	56
24	<p>22</p>	t	56
26	<p><code>x = 59/9, y = 73/9</code></p>	t	62
27	<p><code>x = 54/7, y = 34/5</code></p>	f	62
28	<p><code>x = 28/5, y = 59,9</code></p>	f	62
25	<div><code>x = 54/9, y = 73/3</code></div>	f	62
29	<p><code>x = 2, y = 13/2</code></p>	t	63
30	<p>op2</p>	f	63
31	<p>op3</p>	f	63
32	<p>op4</p>	f	63
33	<p>op1</p>	f	64
34	<p>op2</p>	f	64
35	<p>op3</p>	f	64
36	<p>op4</p>	f	64
37	<p>op1</p>	f	65
38	<p>op2</p>	f	65
39	<p>op3</p>	f	65
40	<p>op4</p>	f	65
41	<p>op1</p>	f	67
42	<p>op2</p>	f	67
43	<p>op3</p>	f	67
44	<p>op4</p>	f	67
45	<p><code>a₁ = 1, a₂ = 3, a₃ = 5, a₄ = 7, a₅ = 9</code></p>	f	68
46	<p><code>a₁ = 11, a₂ = 9, a₃ = 7, a₄ = 5, a₅ = 3</code></p>	f	68
47	<p><code>a₁ = 3, a₂ = 5, a₃ = 7, a₄ = 9, a₅ = 11</code></p>	t	68
48	<p><code>a₁ = 3, a₂ = 5, a₃ = 7, a₄ = 7, a₅ = 7</code></p>	f	68
49	<p>op1</p>	f	69
50	<p>op2</p>	f	69
51	<p>op3</p>	f	69
52	<p>op4</p>	f	69
53	<p>op1</p>	f	70
54	<p>op2</p>	f	70
55	<p>op3</p>	f	70
56	<p>op4</p>	f	70
57	<p>op1</p>	f	71
58	<p>op2</p>	f	71
59	<p>op3</p>	f	71
60	<p>op4</p>	f	71
61	<p>op1</p>	f	72
62	<p>op2</p>	f	72
63	<p>op3</p>	f	72
64	<p>op4</p>	f	72
65	<p>op1</p>	f	57
66	<p>op2</p>	f	57
67	<p>op3</p>	f	57
68	<p>op4</p>	f	57
69	<p>op1</p>	f	58
70	<p>op2</p>	f	58
71	<p>op3</p>	f	58
72	<p>op4</p>	f	58
73	<p>op1</p>	f	59
74	<p>op2</p>	f	59
75	<p>op3</p>	f	59
76	<p>op4</p>	f	59
77	<p>op1</p>	f	60
78	<p>op2</p>	f	60
79	<p>op3</p>	f	60
80	<p>op4</p>	f	60
81	<p>op1</p>	f	61
82	<p>op2</p>	f	61
83	<p>op3</p>	f	61
84	<p>op4</p>	f	61
85	<p>op1</p>	f	74
86	<p>op2</p>	f	74
87	<p>op3</p>	f	74
88	<p>op4</p>	f	74
89	<p>op1</p>	f	75
90	<p>op2</p>	f	75
91	<p>op3</p>	f	75
92	<p>op4</p>	f	75
93	<p>op1</p>	f	76
94	<p>op2</p>	f	76
95	<p>op3</p>	f	76
96	<p>op4</p>	f	76
97	<p>op1</p>	f	77
98	<p>op2</p>	f	77
99	<p>op3</p>	f	77
100	<p>op4</p>	f	77
106	<p>op2</p>	f	79
107	<p>op3</p>	f	79
108	<p>op4</p>	f	79
109	<p>op1</p>	f	80
110	<p>op2</p>	f	80
111	<p>op3</p>	f	80
112	<p>op4</p>	f	80
113	<p>op1</p>	f	81
114	<p>op2</p>	f	81
115	<p>op3</p>	f	81
116	<p>op4</p>	f	81
117	<p>op1</p>	f	82
118	<p>op2</p>	f	82
119	<p>op3</p>	f	82
120	<p>op4</p>	f	82
121	<p>op1</p>	f	83
122	<p>op2</p>	f	83
123	<p>op3</p>	f	83
124	<p>op4</p>	f	83
125	<p>op1</p>	f	84
126	<p>op2</p>	f	84
127	<p>op3</p>	f	84
128	<p>op4</p>	f	84
129	<p>op1</p>	f	85
130	<p>op2</p>	f	85
131	<p>op3</p>	f	85
132	<p>op4</p>	f	85
133	<p>op1</p>	f	86
134	<p>op2</p>	f	86
135	<p>op3</p>	f	86
136	<p>op4</p>	f	86
137	<p>op1</p>	f	87
138	<p>op2</p>	f	87
139	<p>op3</p>	f	87
140	<p>op4</p>	f	87
141	<p>op1</p>	f	88
142	<p>op2</p>	f	88
143	<p>op3</p>	f	88
144	<p>op4</p>	f	88
145	<p>op1</p>	f	91
146	<p>op1</p>	f	89
147	<p>op2</p>	f	89
148	<p>op3</p>	f	89
149	<p>op4</p>	f	89
150	<p>op1</p>	f	90
151	<p>op2</p>	f	90
152	<p>op3</p>	f	90
153	<p>op4</p>	f	90
154	<p>op1</p>	f	91
155	<p>op2</p>	f	91
156	<p>op4</p>	f	91
157	<p>op1</p>	f	92
158	<p>op2</p>	f	92
159	<p>op3</p>	f	92
160	<p>op4</p>	f	92
161	<p>op1</p>	f	93
162	<p>op2</p>	f	93
163	<p>op3</p>	f	93
164	<p>stała</p>	f	68
165	<p>nierosnąca</p>	f	68
166	<p>nierosnąca</p>	f	93
167	<p>rosnąca</p>	f	94
168	<p>malejąca</p>	t	94
169	<p>stała</p>	f	94
170	<p>nierosnąca</p>	f	69
171	<p>rosnąca</p>	f	95
172	<p>malejąca</p>	f	95
173	<p>stała</p>	f	95
174	<p>rosnąca</p>	f	96
175	<p>malejąca</p>	f	96
176	<p>stała</p>	t	96
177	<p>rośnie</p>	f	97
178	<p>maleje</p>	f	97
179	<p>wartości funkcji są takie same</p>	f	97
180	<p>wynik wynosi nieskończoność dodatnia</p>	f	97
181	<p>3</p>	f	98
182	<p>7</p>	f	98
183	<p>1</p>	f	98
184	<p>9</p>	f	98
185	<p>5</p>	t	98
186	<p>12</p>	f	99
187	<p>4</p>	f	99
188	<p>8</p>	t	99
189	<p>6</p>	t	99
190	<p>10</p>	t	100
191	<p>33</p>	f	100
192	<p>14</p>	f	100
193	<p>18</p>	f	100
194	<p>6</p>	f	100
195	<p>9</p>	f	100
196	<p>op1</p>	f	101
197	<p>op2</p>	f	101
198	<p>op3</p>	f	101
199	<p>op4</p>	f	101
200	<p>op1</p>	f	102
201	<p>op2</p>	f	102
202	<p>op3</p>	f	102
203	<p>op4</p>	f	102
204	<p>5</p>	f	103
205	<p>5</p>	f	103
206	<p>6</p>	f	103
207	<p>7</p>	f	103
208	<p>8</p>	f	103
209	<p>10</p>	f	104
210	<p>12</p>	f	103
211	<p>15</p>	f	104
212	<p>18</p>	f	104
213	<p>tak</p>	f	105
214	<p>nie</p>	t	105
215	<p>2</p>	t	106
216	<p>3</p>	t	106
217	<p>4</p>	t	106
218	<p>wszystkie są dominantami</p>	t	106
219	<p>A</p>	f	107
220	<p>B</p>	t	107
221	<p>C</p>	t	107
222	<p>D</p>	f	107
223	<p>E</p>	f	107
224	<p>op1</p>	f	108
225	<p>op2</p>	f	108
226	<p>op3</p>	f	108
227	<p>op4</p>	f	108
228	<p>op1</p>	f	109
229	<p>op2</p>	f	109
230	<p>op3</p>	f	109
231	<p>op4</p>	f	109
232	<p>A</p>	f	110
233	<p>B</p>	t	110
234	<p>C</p>	f	110
235	<p>D</p>	f	110
236	<p>3</p>	t	111
237	<p>5</p>	f	111
238	<p>nie ma znaczenia</p>	f	111
239	<p>op1</p>	f	112
240	<p>op2</p>	f	112
241	<p>op3</p>	f	112
242	<p>op4</p>	f	112
243	<p>op1</p>	f	115
244	<p>op2</p>	f	115
245	<p>op3</p>	f	115
246	<p>op4</p>	f	115
247	<p>op1</p>	f	113
248	<p>op2</p>	f	113
249	<p>op3</p>	f	113
250	<p>op4</p>	f	113
251	<p>op1</p>	f	114
252	<p>op2</p>	f	114
253	<p>op3</p>	f	114
254	<p>op4</p>	f	114
255	<p>Klasa A</p>	f	116
256	<p>Klasa B</p>	f	116
257	<p>obie</p>	f	116
258	<p>żadna</p>	f	116
259	<p>op1</p>	f	117
260	<p>op2</p>	f	117
261	<p>op3</p>	f	117
262	<p>op3</p>	f	117
263	<p>op4</p>	f	117
264	<p>op1</p>	f	3
265	<p>op2</p>	f	3
266	<p>op3</p>	f	3
267	<p>op4</p>	f	3
268	<p>op1</p>	f	2
269	<p>op2</p>	f	2
270	<p>op3</p>	f	2
271	<p>op4</p>	f	2
272	<p>op1</p>	f	4
273	<p>op2</p>	f	4
274	<p>op3</p>	f	4
275	<p>op4</p>	f	4
276	<p>op1</p>	f	5
277	<p>op2</p>	f	5
278	<p>op3</p>	f	5
279	<p>op4</p>	f	5
280	<p>op1</p>	f	6
281	<p>op2</p>	f	6
282	<p>op3</p>	f	6
283	<p>op4</p>	f	6
284	<p>op1</p>	f	8
285	<p>op2</p>	f	8
286	<p>op3</p>	f	8
287	<p>op4</p>	f	8
288	<p>op1</p>	f	9
289	<p>op2</p>	f	9
290	<p>op3</p>	f	9
291	<p>op4</p>	f	9
292	<p>op1</p>	f	10
293	<p>op2</p>	f	10
294	<p>op3</p>	f	10
295	<p>op4</p>	f	10
296	<p>op1</p>	f	11
297	<p>op2</p>	f	11
298	<p>op3</p>	f	11
299	<p>op4</p>	f	11
300	<p>op1</p>	f	12
301	<p>op2</p>	f	12
302	<p>op3</p>	f	12
303	<p>op4</p>	f	12
304	<p>op1</p>	f	13
305	<p>op2</p>	f	13
306	<p>op3</p>	f	13
307	<p>op4</p>	f	13
308	<p>op1</p>	f	14
309	<p>op2</p>	f	14
310	<p>op3</p>	f	14
311	<p>op4</p>	f	14
312	<p>op1</p>	f	15
313	<p>op2</p>	f	15
314	<p>op3</p>	f	15
315	<p>op4</p>	f	15
316	<p>op1</p>	f	16
317	<p>op2</p>	f	16
318	<p>op3</p>	f	16
319	<p>op4</p>	f	16
320	<p>op1</p>	f	17
321	<p>op3</p>	f	17
322	<p>op4</p>	f	17
323	<p>op1</p>	f	18
324	<p>op2</p>	f	18
325	<p>op3</p>	f	18
326	<p>op4</p>	f	18
327	<p>op2</p>	f	17
328	<p>op1</p>	f	19
329	<p>op2</p>	f	19
330	<p>op3</p>	f	19
331	<p>op4</p>	f	19
332	<p>op1</p>	f	20
333	<p>op2</p>	f	20
334	<p>op3</p>	f	20
335	<p>op4</p>	f	20
336	<p>op1</p>	f	21
337	<p>op2</p>	f	21
338	<p>op3</p>	f	21
339	<p>op3</p>	f	21
340	<p>op1</p>	f	22
341	<p>op2</p>	f	22
342	<p>op3</p>	f	22
343	<p>op4</p>	f	22
344	<p>op1</p>	f	23
345	<p>op2</p>	f	23
346	<p>op3</p>	f	23
347	<p>op4</p>	f	23
348	<p>op1</p>	f	24
349	<p>op2</p>	f	24
350	<p>op3</p>	f	24
351	<p>op4</p>	f	24
352	<p>op1</p>	f	25
353	<p>op2</p>	f	25
354	<p>op3</p>	f	25
355	<p>op4</p>	f	25
356	<p>op1</p>	f	35
357	<p>op2</p>	f	35
358	<p>op3</p>	f	35
359	<p>op4</p>	f	35
360	<p>op1</p>	f	27
361	<p>op3</p>	f	27
362	<p>op4</p>	f	27
363	<p>op1</p>	f	27
364	<p>op1</p>	f	36
365	<p>op2</p>	f	36
366	<p>op3</p>	f	36
367	<p>op4</p>	f	36
368	<p>op1</p>	f	37
369	<p>op2</p>	f	37
370	<p>op3</p>	f	37
371	<p>op4</p>	f	37
372	<p>op1</p>	f	38
373	<p>op2</p>	f	38
374	<p>op3</p>	f	38
375	<p>op4</p>	f	38
376	<p>op1</p>	f	39
377	<p>op2</p>	f	39
378	<p>op3</p>	f	39
379	<p>op4</p>	f	39
380	<p>op1</p>	f	30
381	<p>op2</p>	f	30
382	<p>op3</p>	f	30
383	<p>op4</p>	f	30
384	<p>op1</p>	f	31
385	<p>op2</p>	f	31
386	<p>op3</p>	f	31
387	<p>op4</p>	f	31
388	<p>op1</p>	f	32
389	<p>op2</p>	f	32
390	<p>op3</p>	f	32
391	<p>op4</p>	f	32
392	<p>op1</p>	f	33
393	<p>op2</p>	f	33
394	<p>op3</p>	f	33
395	<p>op4</p>	f	33
396	<p>op1</p>	f	34
397	<p>op2</p>	f	34
398	<p>op3</p>	f	34
399	<p>op4</p>	f	34
400	<p>op1</p>	f	40
401	<p>op2</p>	f	40
402	<p>op3</p>	f	40
403	<p>op4</p>	f	40
404	<p>op1</p>	f	41
405	<p>op2</p>	f	41
406	<p>op3</p>	f	41
407	<p>op4</p>	f	41
408	<p>op1</p>	f	42
409	<p>op2</p>	f	42
410	<p>op3</p>	f	42
411	<p>op4</p>	f	42
412	<p>A</p>	f	43
413	<p>B</p>	f	43
414	<p>C</p>	t	43
415	<p>Żadna</p>	f	43
416	<p>op1</p>	f	44
417	<p>op2</p>	f	44
418	<p>op3</p>	f	44
419	<p>op4</p>	f	44
420	<p>op1</p>	f	45
421	<p>op2</p>	f	45
422	<p>op3</p>	f	45
423	<p>op4</p>	f	45
424	<p>op1</p>	f	46
425	<p>op2</p>	f	46
426	<p>op3</p>	f	46
427	<p>op4</p>	f	46
428	<p>op1</p>	f	47
429	<p>op2</p>	f	47
430	<p>op3</p>	f	47
431	<p>opc4</p>	f	47
432	<p>op1</p>	f	48
433	<p>op2</p>	f	48
434	<p>op3</p>	f	48
435	<p>op4</p>	f	48
436	<p>op1</p>	f	49
437	<p>op2</p>	f	49
438	<p>op3</p>	f	49
439	<p>op4</p>	f	49
440	<p>op1</p>	f	50
441	<p>op2</p>	f	50
442	<p>op3</p>	f	50
443	<p>op4</p>	f	50
444	<p>op1</p>	f	51
445	<p>op2</p>	f	51
446	<p>op3</p>	f	51
447	<p>op4</p>	f	51
448	<p>op1</p>	f	123
449	<p>op2</p>	f	123
450	<p>op3</p>	f	123
451	<p>op4</p>	f	123
452	<p>op1</p>	f	124
453	<p>op2</p>	f	124
454	<p>op3</p>	f	124
455	<p>op4</p>	f	124
456	<p>op1</p>	f	125
457	<p>op2</p>	f	125
458	<p>op3</p>	f	125
459	<p>op4</p>	f	125
460	<p>op1</p>	f	126
461	<p>op2</p>	f	126
462	<p>op3</p>	f	126
463	<p>op4</p>	f	126
464	<p>op1</p>	f	127
465	<p>op2</p>	f	127
466	<p>op3</p>	f	127
467	<p>op4</p>	f	127
468	<p>op1</p>	f	118
469	<p>op2</p>	f	118
470	<p>op3</p>	f	118
471	<p>op3</p>	f	118
472	<p>op4</p>	f	118
473	<p>op1</p>	f	119
474	<p>op2</p>	f	119
475	<p>op3</p>	f	119
476	<p>op4</p>	f	119
477	<p>op1</p>	f	68
478	<p>op2</p>	f	120
479	<p>op3</p>	f	120
480	<p>op4</p>	f	120
481	<p>op1</p>	f	121
482	<p>op3</p>	f	121
483	<p>op4</p>	f	121
484	<p>op</p>	f	122
485	<p>op2</p>	f	122
486	<p>op2</p>	f	122
487	<p>op3</p>	f	122
488	<p>op4</p>	f	122
489	<p>A</p>	f	128
490	<p>B</p>	t	128
491	<p>C</p>	f	128
492	<p>A</p>	f	129
493	<p>B</p>	t	129
494	<p>C</p>	f	129
495	<p>A</p>	f	130
496	<p>B</p>	f	130
497	<p>C</p>	t	130
498	<p>A</p>	t	131
499	<p>B</p>	f	131
500	<p>C</p>	f	131
501	<p>A</p>	t	132
502	<p>B</p>	f	132
503	<p>C</p>	f	132
504	<p>kanapa</p>	f	174
505	<p>przedpok&oacute;j</p>	t	174
506	<p>dach</p>	f	174
507	<p>lod&oacute;wka</p>	t	175
508	<p>komin</p>	f	175
509	<p>kuchnia</p>	f	175
510	<p>drzwi</p>	f	176
511	<p>brama</p>	f	176
512	<p>sufit</p>	t	176
513	<p>dishwasher</p>	t	177
514	<p>garden</p>	f	177
515	<p>wardrobe</p>	f	177
516	<p>floor</p>	f	178
517	<p>basement</p>	t	178
518	<p>sofa</p>	f	178
519	<p>świadectwo</p>	f	179
520	<p>biologia</p>	f	179
521	<p>sekretarka</p>	t	179
522	<p>fizyka</p>	t	180
523	<p>ocena</p>	f	180
524	<p>wychowawca</p>	f	180
525	<p>zadanie</p>	f	181
526	<p>informatyka</p>	f	181
527	<p>tablica</p>	t	181
528	<p>textbook</p>	f	182
529	<p>report card</p>	t	182
530	<p>history</p>	f	182
531	<p>physical education</p>	t	183
532	<p>librarian</p>	f	183
533	<p>assignment</p>	f	183
534	<p>ł&oacute;dź</p>	f	169
535	<p>stacja</p>	t	169
536	<p>miasto</p>	f	169
537	<p>motocykl</p>	t	170
538	<p>las</p>	f	170
539	<p>port</p>	f	170
540	<p>jezioro</p>	t	171
541	<p>lotnisko</p>	f	171
542	<p>tramwaj</p>	f	171
543	<p>desert</p>	f	172
544	<p>forest</p>	f	172
545	<p>car</p>	t	172
546	<p>harbour</p>	f	173
547	<p>countryside</p>	t	173
548	<p>ship</p>	f	173
549	<p>A</p>	f	133
550	<p>B</p>	t	133
551	<p>C</p>	f	133
552	<p>A</p>	t	134
553	<p>B</p>	f	134
554	<p>C</p>	f	134
555	<p>A</p>	f	135
556	<p>B</p>	t	135
557	<p>C</p>	f	135
558	<p>A</p>	t	136
559	<p>B</p>	f	136
560	<p>C</p>	f	136
561	<p>A</p>	f	137
562	<p>B</p>	f	137
563	<p>C</p>	t	137
564	<p>A</p>	f	138
565	<p>B</p>	t	138
566	<p>C</p>	f	138
567	<p>D</p>	f	138
568	<p>A</p>	t	139
569	<p>B</p>	f	139
570	<p>C</p>	f	139
571	<p>D</p>	f	139
572	<p>A</p>	f	140
573	<p>B</p>	f	140
574	<p>C</p>	t	140
575	<p>D</p>	f	140
576	<p>A</p>	t	141
577	<p>B</p>	f	141
578	<p>C</p>	f	141
579	<p>D</p>	f	141
580	<p>A</p>	f	142
581	<p>B</p>	t	142
582	<p>C</p>	f	142
583	<p>D</p>	f	142
584	<p>A</p>	f	143
585	<p>B</p>	t	143
586	<p>C</p>	f	143
587	<p>A</p>	f	144
590	<p>B</p>	t	144
591	<p>C</p>	f	144
592	<p>A</p>	t	145
593	<p>B</p>	f	145
594	<p>C</p>	f	145
595	<p>A</p>	f	146
596	<p>B</p>	t	146
597	<p>C</p>	f	146
598	<p>A</p>	f	147
599	<p>B</p>	t	147
600	<p>C</p>	f	147
601	<p>A</p>	t	148
602	<p>B</p>	f	148
603	<p>C</p>	f	148
604	<p>A</p>	t	149
605	<p>B</p>	f	149
606	<p>C</p>	f	149
607	<p>A</p>	t	150
608	<p>B</p>	f	150
609	<p>C</p>	f	150
610	<p>A</p>	f	151
611	<p>B</p>	t	151
612	<p>C</p>	f	151
613	<p>A</p>	t	152
614	<p>B</p>	f	152
615	<p>C</p>	f	152
616	<p>A</p>	f	153
617	<p>B</p>	t	153
618	<p>C</p>	f	153
619	<p>A</p>	f	154
620	<p>B</p>	t	154
621	<p>C</p>	f	154
622	<p>will</p>	t	155
623	<p>won&#39;t</p>	f	155
624	<p>will</p>	f	156
625	<p>won&#39;t</p>	t	156
626	<p>will</p>	t	157
627	<p>won&#39;t</p>	f	157
628	<p>will</p>	f	158
629	<p>won&#39;t</p>	t	158
630	<p>will</p>	t	159
631	<p>won&#39;t</p>	f	159
632	<p>will sleeping</p>	f	160
633	<p>will be spleeping</p>	t	160
634	<p>sleeping</p>	f	160
635	<p>were be sleeping</p>	f	160
636	<p>travels</p>	f	161
637	<p>been traveling</p>	f	161
638	<p>is traveling</p>	f	161
639	<p>will be traveling</p>	t	161
640	<p>watch</p>	f	162
641	<p>will be watching</p>	t	162
642	<p>were watching</p>	f	162
643	<p>are watching</p>	f	162
644	<p>had having</p>	f	163
645	<p>having</p>	f	163
646	<p>will be having</p>	t	163
647	<p>had</p>	f	163
648	<p>is working</p>	f	164
649	<p>been working</p>	f	164
650	<p>will be working</p>	t	164
651	<p>did worked</p>	f	164
652	<p>A</p>	f	165
653	<p>B</p>	t	165
654	<p>C</p>	f	165
655	<p>A</p>	f	166
656	<p>B</p>	t	166
657	<p>C</p>	f	166
658	<p>A</p>	f	167
659	<p>B</p>	t	167
660	<p>C</p>	f	167
661	<p>A</p>	t	168
662	<p>B</p>	f	168
663	<p>C</p>	f	168
\.


--
-- Data for Name: coureses_course; Type: TABLE DATA; Schema: public; Owner: elearn_user
--

COPY public.coureses_course (id, title, "desc", slug, image) FROM stdin;
1	Fizyka	W tym kursie nauczysz się podstaw fizyki, w tym: mechanika, termodynamika, elektromagnetyzm oraz optyka.	fizyka	coureses/physics.png
2	Matematyka	W tym kursie nauczysz się podstaw matematyki, w tym: arytmetykę i algebrę, geometrię, analizę i funkcje oraz statystyki i prawdopodobieństwa.	matematyka	coureses/math.png
3	Język angielski	W tym kursie nauczysz się podstaw języka angielskiego, w tym: odmiany czasów, znajomość słówek oraz gramatyki.	jezyk-angielski	coureses/ang.png
4	Informatyka	W tym kursie nauczysz się podstaw informatyki, w tym: operacji na liczbach binarnych, budowa komputera oraz programowanie w pseudokodzie.	informatyka	coureses/komp.png
\.


--
-- Data for Name: coureses_module; Type: TABLE DATA; Schema: public; Owner: elearn_user
--

COPY public.coureses_module (id, title, "order", content, course_id) FROM stdin;
1	Mechanika	1	<p>zawartość modułu mechanika</p>	1
2	Termodynamika	2	<p>zawartość modułu&nbsp;Termodynamika</p>	1
3	Elektromagnetyzm	3	<p>zawartość modułu&nbsp;Elektromagnetyzm</p>	1
4	Optyka	4	<p>zawartość modułu Optyka</p>	1
5	Algebra	1	<p>zawartość modułu&nbsp;Algebra</p>	2
6	Geometria	2	<p>zawartość modułu&nbsp;Geometria</p>	2
7	Funkcje	3	<p>zawartość modułu&nbsp;Funkcje</p>	2
8	Statystyka i prawdopodobieństwo	4	<p>zawartość modułu&nbsp;Statystyka i prawdopodobieństwo</p>	2
9	Słówka	1	<p>zawartość modułu&nbsp;Sł&oacute;wka</p>	3
10	Czas teraźniejszy	2	<p>zawartość modułu&nbsp;Czas teraźniejszy</p>	3
11	Czas przeszły	3	<p>zawartość modułu&nbsp;Czas przeszły</p>	3
12	Czas przyszły	4	<p>zawartość modułu Czas przyszły</p>	3
13	Budowa komputera	1	<p>zawartość modułu&nbsp;Budowa komputera</p>	4
14	Pseudokod	2	<p>Pisanie pseudokodu jest podobne do pisania kodu w wyspecjalizowanym języku, jednakże pseudkod ma taką zaletę, że każdy programista, kt&oacute;ry jest zapoznany z jednym językiem programowania, może go odczytać i zainterpretować go na sw&oacute;j własny język.</p>	4
15	Operacje na liczbach binarnych	3	<p>Operacje na liczbach binarnych można por&oacute;wnać do operacji na liczbach dziesiętnych: dodawanie, odejmowanie, mnożenie i dzielenie.</p>	4
\.


--
-- Data for Name: coureses_quest; Type: TABLE DATA; Schema: public; Owner: elearn_user
--

COPY public.coureses_quest (id, content, quest_id) FROM stdin;
1	Zadanie dla dodawania	1
2	Zadanie dla kinematyki	10
3	Zadania dla pola elektrycznego	18
4	Zadania dla podróży	22
6	zadania dla domu	20
7	zadania dla szkoły	19
8	zadania dla ładunku elektrycznego	17
9	zadania dla zasady termodynamiki	16
10	zadania dla przemiany gazowe	15
11	zadania dla temperatura i ciepło	14
12	zadania dla grawitacji	13
13	zadania dla praca energia i moc	12
14	Zadania dla dynamika	11
15	Zadania dla pamięci masowej	9
16	zadania dla zasilacza	8
17	zadania dla płyty głównej	7
18	zadania dla pamięci ram	6
19	zadania dla procesora	5
20	zadania dla dzielenia binarnego	4
21	zadania dla mnożenia binarnego	3
22	zadania dla odejmowania binarnego	2
23	zadania dla wyrażeń algebraicznych	23
24	zadania dla równania i nierówności	24
25	zadania dla układów równań	25
26	zadania dla ciągów liczbowych	26
27	zadania dla kątów	27
28	Zadania dla trójkątów	28
29	zadania dla czworokątów	29
30	zadania dla wyznaczanie wartości funkcji	30
31	zadania dla dziedziny funkcji	31
32	zadania dla miejsc zerowych funkcji	32
33	zadania dla monotoniczności funkcji	33
34	zadania dla mediany	34
35	zadania dla dominantę	35
36	zadania dla średniej ważonej	36
37	zadania dla wariancji	37
38	zadania dla optyki geometrycznej	52
39	zadania dla optyki falowej	53
40	zestaw pytań dla Present Simple	38
41	zestaw pytań dla Present Continuous	39
42	zestaw pytań dla Prezent Perfect	40
43	zestaw pytań dla Past Simple	41
44	zestaw pytań dla Past Continuous	42
45	zastaw pytań dla Past Perfect	43
46	zestaw pytań dla Future Simple	44
47	zestaw pytań dla Future Continuous	45
48	zestaw pytań dla Future Perfect	46
\.


--
-- Data for Name: coureses_question; Type: TABLE DATA; Schema: public; Owner: elearn_user
--

COPY public.coureses_question (id, content, question_id, "order") FROM stdin;
1	<p>Jaki jest wynik tego działania:</p>\r\n\r\n<p>10010101 + 1001011 = ?</p>	1	0
2	<p>Rowerzysta przejechał 600 m w czasie 2 minut.</p>\r\n\r\n<p>Oblicz jego średnią prędkość w m/s.</p>	2	0
3	<h3>Zadanie 2</h3>\r\n\r\n<p>Samoch&oacute;d porusza się ze stałą prędkością 15 m/s przez 20 sekund.</p>\r\n\r\n<p>Jaką drogę pokona?</p>	2	0
4	<h3>Zadanie 3</h3>\r\n\r\n<p>Pociąg zwiększył swoją prędkość z 10 m/s do 25 m/s w czasie 5 s.</p>\r\n\r\n<p>Oblicz przyspieszenie.</p>	2	0
5	<h3>Zadanie 4</h3>\r\n\r\n<p>Biegacz porusza się z prędkością 6 m/s.</p>\r\n\r\n<p>Ile czasu zajmie mu przebiegnięcie 1200 m?</p>	2	0
6	<h3>Zadanie 5 (test jednokrotnego wyboru)</h3>\r\n\r\n<p>Jaką jednostkę ma prędkość w układzie SI?</p>	2	0
7	<h3>Zadanie 6 (test jednokrotnego wyboru)</h3>\r\n\r\n<p>Kt&oacute;ry wz&oacute;r pozwala obliczyć drogę?</p>	2	0
8	<p>Samoch&oacute;d przejechał:</p>\r\n\r\n<ul>\r\n\t<li>pierwsze 100 km z prędkością 50 km/h,</li>\r\n\t<li>kolejne 100 km z prędkością 100 km/h.</li>\r\n</ul>\r\n\r\n<p>Oblicz średnią prędkość na całej trasie.</p>	2	0
9	<h4>Zadanie 1</h4>\r\n\r\n<p>Na ciało o masie 4 kg działa siła 20 N.</p>\r\n\r\n<p>Oblicz przyspieszenie ciała.</p>	14	0
10	<h4>Zadanie 2</h4>\r\n\r\n<p>Jaką siłę należy przyłożyć do ciała o masie 8 kg, aby nadać mu przyspieszenie 3 m/s&sup2;?</p>	14	0
11	<h4>Zadanie 3</h4>\r\n\r\n<p>Oblicz ciężar ciała o masie 15 kg.</p>	14	0
12	<h4>Zadanie 4</h4>\r\n\r\n<p>Samoch&oacute;d o masie 1000 kg przyspiesza z wartością 2 m/s&sup2;.</p>\r\n\r\n<p>Oblicz siłę wypadkową działającą na samoch&oacute;d.</p>	14	0
13	<h4>Zadanie 5</h4>\r\n\r\n<p>Na ciało działają dwie siły:</p>\r\n\r\n<ul>\r\n\t<li>30 N w prawo,</li>\r\n\t<li>10 N w lewo.</li>\r\n</ul>\r\n\r\n<p>Oblicz wartość siły wypadkowej.</p>	14	0
14	<h2>Zadanie 1</h2>\r\n\r\n<p>Oblicz pracę wykonaną przez siłę 80 N przesuwającą ciało na odległość 5 m.</p>	13	0
15	<h2>Zadanie 2</h2>\r\n\r\n<p>Jaką pracę wykonano, przesuwając szafę siłą 120 N na odległość 3 m?</p>	13	0
16	<h2>Zadanie 3</h2>\r\n\r\n<p>Oblicz energię kinetyczną rowerzysty o masie 70 kg jadącego z prędkością 6 m/s.</p>	13	0
17	<h2>Zadanie 4</h2>\r\n\r\n<p>Oblicz energię potencjalną kamienia o masie 2 kg znajdującego się na wysokości 10 m.</p>	13	0
18	<h2>Zadanie 5</h2>\r\n\r\n<p>Maszyna wykonała pracę 5000 J w czasie 25 s.</p>\r\n\r\n<p>Oblicz jej moc.</p>	13	0
40	<h2>Zadanie 1</h2>\r\n\r\n<p>Podaj znak ładunku:</p>\r\n\r\n<p>a) elektronu<br />\r\nb) protonu</p>	8	0
19	<p>zadanie6</p>\r\n\r\n<p>Silnik ma moc 1500 W i pracuje przez 10 s.</p>\r\n\r\n<p>Jaką pracę wykonał?</p>	13	0
20	<h2>Zadanie 1</h2>\r\n\r\n<p>Oblicz ciężar ciała o masie 5 kg.</p>	12	0
21	<h2>Zadanie 2</h2>\r\n\r\n<p>Oblicz ciężar plecaka o masie 8 kg.</p>	12	0
22	<h2>Zadanie 3</h2>\r\n\r\n<p>Jaką masę ma ciało, kt&oacute;rego ciężar wynosi 196,2 N?</p>	12	0
23	<h2>Zadanie 4</h2>\r\n\r\n<p>Na Księżycu przyspieszenie grawitacyjne wynosi około:</p>\r\n\r\n<pre>\r\n\r\n&nbsp;</pre>\r\n\r\n<pre>\r\n<code>1,62 m/s&sup2;</code></pre>\r\n\r\n<p>Oblicz ciężar astronauty o masie 80 kg.</p>	12	0
24	<h2>Zadanie 5</h2>\r\n\r\n<p>Por&oacute;wnaj ciężar ciała o masie 10 kg na Ziemi i na Księżycu.</p>	12	0
25	<h2>Zadanie 6</h2>\r\n\r\n<p>Ciało spada swobodnie przez 3 sekundy. Jaką prędkość osiągnie?</p>	12	0
26	<h2>Zadanie 1</h2>\r\n\r\n<p>Przelicz temperaturę 25&deg;C na kelwiny.</p>	11	0
27	<h2>Zadanie 2</h2>\r\n\r\n<p>Oblicz ilość ciepła potrzebną do ogrzania 2 kg wody o 10&deg;C.</p>	11	0
28	<h2>Zadanie 3</h2>\r\n\r\n<p>Ile energii potrzeba do ogrzania 5 kg wody od 20&deg;C do 30&deg;C?</p>	11	0
29	<h2>Zadanie 4</h2>\r\n\r\n<p>Aluminiowy blok o masie 3 kg ogrzano o 20&deg;C.</p>	11	0
30	<h2>Zadanie 1 &ndash; przemiana izotermiczna</h2>\r\n\r\n<p>Gaz miał:</p>\r\n\r\n<pre>\r\n\r\n&nbsp;</pre>\r\n\r\n<pre>\r\n<code>p₁ = 100 kPa\r\nV₁ = 2 m&sup3;</code></pre>\r\n\r\n<p>Po sprężeniu objętość zmalała do:</p>\r\n\r\n<pre>\r\n\r\n&nbsp;</pre>\r\n\r\n<pre>\r\n<code>V₂ = 1 m&sup3;</code></pre>\r\n\r\n<p>Oblicz nowe ciśnienie.</p>	10	0
31	<h2>Zadanie 2 &ndash; przemiana izobaryczna</h2>\r\n\r\n<p>Objętość gazu wynosiła:</p>\r\n\r\n<pre>\r\n\r\n&nbsp;</pre>\r\n\r\n<pre>\r\n<code>V₁ = 3 m&sup3;</code></pre>\r\n\r\n<p>Temperatura wzrosła z:</p>\r\n\r\n<pre>\r\n\r\n&nbsp;</pre>\r\n\r\n<pre>\r\n<code>T₁ = 300 K</code></pre>\r\n\r\n<p>do:</p>\r\n\r\n<pre>\r\n\r\n&nbsp;</pre>\r\n\r\n<pre>\r\n<code>T₂ = 450 K</code></pre>\r\n\r\n<p>Oblicz nową objętość.</p>	10	0
32	<h2>Zadanie 3 &ndash; przemiana izochoryczna</h2>\r\n\r\n<p>Ciśnienie gazu wynosiło:</p>\r\n\r\n<pre>\r\n\r\n&nbsp;</pre>\r\n\r\n<pre>\r\n<code>p₁ = 100 kPa</code></pre>\r\n\r\n<p>Temperatura wzrosła z:</p>\r\n\r\n<pre>\r\n\r\n&nbsp;</pre>\r\n\r\n<pre>\r\n<code>T₁ = 250 K</code></pre>\r\n\r\n<p>do:</p>\r\n\r\n<pre>\r\n\r\n&nbsp;</pre>\r\n\r\n<pre>\r\n<code>T₂ = 500 K</code></pre>\r\n\r\n<p>Oblicz nowe ciśnienie.</p>	10	0
33	<p>Przelicz temperaturę:</p>\r\n\r\n<pre>\r\n\r\n&nbsp;</pre>\r\n\r\n<pre>\r\n<code>25&deg;C</code></pre>\r\n\r\n<p>na kelwiny.</p>	10	0
34	<p>Przelicz:</p>\r\n\r\n<pre>\r\n\r\n&nbsp;</pre>\r\n\r\n<pre>\r\n<code>127&deg;C</code></pre>\r\n\r\n<p>na kelwiny.</p>	10	0
35	<h2>Zadanie 1</h2>\r\n\r\n<p>Do układu dostarczono 300 J ciepła i wykonano nad nim pracę 100 J.</p>\r\n\r\n<p>Oblicz zmianę energii wewnętrznej.</p>	9	0
36	<h2>Zadanie 2</h2>\r\n\r\n<p>Ile ciepła potrzeba do ogrzania 2 kg wody o 10&deg;C?</p>	9	0
37	<h2>Zadanie 3</h2>\r\n\r\n<p>Oblicz ilość energii potrzebną do ogrzania 5 kg aluminium o 20&deg;C.</p>	9	0
38	<h2>Zadanie 4</h2>\r\n\r\n<p>Gaz otrzymał 700 J ciepła i wykonał pracę 200 J na otoczeniu.</p>\r\n\r\n<p>Oblicz zmianę energii wewnętrznej.</p>	9	0
39	<h2>Zadanie 5</h2>\r\n\r\n<p>O ile wzrośnie temperatura 1 kg wody, jeśli dostarczymy 21 000 J energii?</p>	9	0
41	<h2>Zadanie 2</h2>\r\n\r\n<p>Dwa dodatnio naładowane ciała zbliżono do siebie.</p>\r\n\r\n<p>Jak będą oddziaływać?</p>	8	0
42	<h2>Zadanie 3</h2>\r\n\r\n<p>Ciało posiada ładunek:</p>\r\n\r\n<pre>\r\n\r\n&nbsp;</pre>\r\n\r\n<pre>\r\n<code>q = 4 C</code></pre>\r\n\r\n<p>Podaj jednostkę tego ładunku.</p>	8	0
43	<h2>Zadanie 4</h2>\r\n\r\n<p>Wskaż, kt&oacute;re pary ładunk&oacute;w będą się przyciągać:</p>\r\n\r\n<p>A. (+) i (+)</p>\r\n\r\n<p>B. (-) i (-)</p>\r\n\r\n<p>C. (+) i (-)</p>	8	0
44	<h2>Zadanie 5</h2>\r\n\r\n<p>Podczas elektryzowania przez tarcie balon otrzymał dodatkowe elektrony.</p>\r\n\r\n<p>Jaki znak będzie miał jego ładunek?</p>	8	0
45	<h2>Zadanie 6</h2>\r\n\r\n<p>Odległość między dwoma naładowanymi ciałami zwiększono dwukrotnie.</p>\r\n\r\n<p>Jak zmieni się siła oddziaływania?</p>	8	0
46	<h2>Zadanie 7</h2>\r\n\r\n<p>Oblicz liczbę elektron&oacute;w odpowiadającą ładunkowi:</p>\r\n\r\n<pre>\r\n\r\n&nbsp;</pre>\r\n\r\n<pre>\r\n<code>q = 3,2 &middot; 10⁻&sup1;⁹ C</code></pre>\r\n\r\n<p>Dane:</p>\r\n\r\n<pre>\r\n\r\n&nbsp;</pre>\r\n\r\n<pre>\r\n<code>e = 1,6 &middot; 10⁻&sup1;⁹ C</code></pre>	8	0
47	<h2>Zadanie 1</h2>\r\n\r\n<p>Na ładunek 5 C działa siła 20 N.</p>\r\n\r\n<p>Oblicz natężenie pola elektrycznego.</p>\r\n\r\n<h3>Rozwiązanie</h3>\r\n\r\n<pre>\r\n\r\n&nbsp;</pre>\r\n\r\n<pre>\r\n<code>E = F / q\r\nE = 20 / 5\r\nE = 4 N/C</code></pre>\r\n\r\n<p><strong>Odpowiedź:</strong> 4 N/C</p>	3	0
48	<h2>Zadanie 2</h2>\r\n\r\n<p>Oblicz siłę działającą na ładunek 3 C umieszczony w polu o natężeniu 8 N/C.</p>	3	0
49	<h2>Zadanie 3</h2>\r\n\r\n<p>Ładunek 2 C znajduje się w polu o natężeniu 15 N/C.</p>\r\n\r\n<p>Oblicz siłę działającą na ten ładunek.</p>	3	0
50	<h2>Zadanie 4</h2>\r\n\r\n<p>Na ładunek działa siła 18 N.</p>\r\n\r\n<p>Natężenie pola wynosi 6 N/C.</p>\r\n\r\n<p>Oblicz wartość ładunku.</p>	3	0
51	<h2>Zadanie 5</h2>\r\n\r\n<p>W polu elektrycznym o natężeniu 12 N/C znajduje się ładunek 10 C.</p>\r\n\r\n<p>Oblicz siłę działającą na ładunek.</p>	3	0
57	<h2>Zadanie 1</h2>\r\n\r\n<p>Rozwiąż r&oacute;wnanie:</p>\r\n\r\n<pre>\r\n\r\n&nbsp;</pre>\r\n\r\n<pre>\r\n<code>x + 9 = 20</code></pre>	24	0
58	<h2>Zadanie 2</h2>\r\n\r\n<p>Rozwiąż r&oacute;wnanie:</p>\r\n\r\n<pre>\r\n\r\n&nbsp;</pre>\r\n\r\n<pre>\r\n<code>3x = 27</code></pre>	24	0
59	<h2>Zadanie 3</h2>\r\n\r\n<p>Rozwiąż r&oacute;wnanie:</p>\r\n\r\n<pre>\r\n\r\n&nbsp;</pre>\r\n\r\n<pre>\r\n<code>2x - 6 = 18</code></pre>	24	0
60	<h2>Zadanie 4</h2>\r\n\r\n<p>Rozwiąż r&oacute;wnanie:</p>\r\n\r\n<pre>\r\n\r\n&nbsp;</pre>\r\n\r\n<pre>\r\n<code>4(x + 2) = 24</code></pre>	24	0
61	<h2>Zadanie 5</h2>\r\n\r\n<p>Rozwiąż nier&oacute;wność:</p>\r\n\r\n<pre>\r\n\r\n&nbsp;</pre>\r\n\r\n<pre>\r\n<code>x - 3 &gt; 8</code></pre>	24	0
68	<h3>Zadanie 1</h3>\r\n\r\n<p>Wypisz pierwszych pięć wyraz&oacute;w ciągu określonego wzorem:</p>\r\n\r\n<pre>\r\n\r\n&nbsp;</pre>\r\n\r\n<pre>\r\n<code>aₙ = 2n + 1</code></pre>	26	0
69	<h3>Zadanie 2</h3>\r\n\r\n<p>Czy ciąg:</p>\r\n\r\n<pre>\r\n\r\n&nbsp;</pre>\r\n\r\n<pre>\r\n<code>5, 8, 11, 14, 17</code></pre>\r\n\r\n<p>jest ciągiem arytmetycznym?</p>	26	0
70	<h3>Zadanie 3</h3>\r\n\r\n<p>Oblicz 12. wyraz ciągu arytmetycznego:</p>\r\n\r\n<pre>\r\n\r\n&nbsp;</pre>\r\n\r\n<pre>\r\n<code>2, 5, 8, 11, ...</code></pre>	26	0
71	<h3>Zadanie 4</h3>\r\n\r\n<p>Wyznacz iloraz ciągu geometrycznego:</p>\r\n\r\n<pre>\r\n\r\n&nbsp;</pre>\r\n\r\n<pre>\r\n<code>4, 12, 36, 108, ...</code></pre>	26	0
72	<h3>Zadanie 5</h3>\r\n\r\n<p>Oblicz 7. wyraz ciągu geometrycznego:</p>\r\n\r\n<pre>\r\n\r\n&nbsp;</pre>\r\n\r\n<pre>\r\n<code>1, 2, 4, 8, ...</code></pre>	26	0
73	<p>W tr&oacute;jkącie dwa kąty mają miary:</p>\r\n\r\n<pre>\r\n\r\n&nbsp;</pre>\r\n\r\n<pre>\r\n<code>35&deg; i 75&deg;</code></pre>\r\n\r\n<p>Oblicz trzeci kąt.</p>	27	0
74	<h3>Zadanie 2</h3>\r\n\r\n<p>W tr&oacute;jkącie r&oacute;wnoramiennym kąt przy wierzchołku ma 40&deg;.</p>\r\n\r\n<p>Oblicz pozostałe kąty.</p>	27	0
75	<h3>Zadanie 3</h3>\r\n\r\n<p>Trzy kąty czworokąta mają:</p>\r\n\r\n<pre>\r\n\r\n&nbsp;</pre>\r\n\r\n<pre>\r\n<code>90&deg;, 110&deg;, 70&deg;</code></pre>\r\n\r\n<p>Oblicz czwarty kąt.</p>	27	0
76	<h3>Zadanie 4</h3>\r\n\r\n<p>Oblicz sumę kąt&oacute;w wewnętrznych siedmiokąta.</p>	27	0
77	<h3>Zadanie 5</h3>\r\n\r\n<p>Oblicz miarę jednego kąta w sześciokącie foremnym.</p>	27	0
78	<h2>Zadanie 1</h2>\r\n\r\n<p>W tr&oacute;jkącie dwa kąty mają miary:</p>\r\n\r\n<pre>\r\n\r\n&nbsp;</pre>\r\n\r\n<pre>\r\n<code>45&deg; i 80&deg;</code></pre>\r\n\r\n<p>Oblicz miarę trzeciego kąta.</p>	28	0
79	<h2>Zadanie 2</h2>\r\n\r\n<p>Oblicz pole tr&oacute;jkąta o podstawie 12 cm i wysokości 7 cm.</p>	28	0
80	<h2>Zadanie 3</h2>\r\n\r\n<p>Tr&oacute;jkąt ma boki:</p>\r\n\r\n<pre>\r\n\r\n&nbsp;</pre>\r\n\r\n<pre>\r\n<code>5 cm, 5 cm, 8 cm</code></pre>\r\n\r\n<p>Określ jego rodzaj ze względu na boki.</p>	28	0
81	<h2>Zadanie 4</h2>\r\n\r\n<p>Oblicz długość przeciwprostokątnej tr&oacute;jkąta prostokątnego o przyprostokątnych:</p>\r\n\r\n<pre>\r\n\r\n&nbsp;</pre>\r\n\r\n<pre>\r\n<code>6 cm i 8 cm</code></pre>	28	0
82	<h2>Zadanie 5 (trudniejsze)</h2>\r\n\r\n<p>W tr&oacute;jkącie prostokątnym przeciwprostokątna ma długość 13 cm, a jedna przyprostokątna 5 cm.</p>\r\n\r\n<p>Oblicz długość drugiej przyprostokątnej.</p>	28	0
83	<h2>Zadanie 1</h2>\r\n\r\n<p>Kwadrat ma bok długości 8 cm.</p>\r\n\r\n<p>Oblicz:</p>\r\n\r\n<ul>\r\n\t<li>pole,</li>\r\n\t<li>obw&oacute;d.</li>\r\n</ul>	29	0
84	<h2>Zadanie 2</h2>\r\n\r\n<p>Prostokąt ma długość 10 cm i szerokość 4 cm.</p>\r\n\r\n<p>Oblicz jego pole.</p>	29	0
85	<h2>Zadanie 3</h2>\r\n\r\n<p>R&oacute;wnoległobok ma podstawę długości 12 cm i wysokość 5 cm.</p>\r\n\r\n<p>Oblicz pole.</p>	29	0
86	<h2>Zadanie 4</h2>\r\n\r\n<p>Trapez ma podstawy długości:</p>\r\n\r\n<ul>\r\n\t<li>10 cm,</li>\r\n\t<li>6 cm,</li>\r\n</ul>\r\n\r\n<p>oraz wysokość 4 cm.</p>\r\n\r\n<p>Oblicz pole.</p>	29	0
87	<h2>Zadanie 5 (rozszerzone)</h2>\r\n\r\n<p>Boisko sportowe ma kształt prostokąta o wymiarach:</p>\r\n\r\n<ul>\r\n\t<li>długość: 30 m,</li>\r\n\t<li>szerokość: 20 m.</li>\r\n</ul>\r\n\r\n<p>Oblicz:</p>\r\n\r\n<ol>\r\n\t<li>Pole boiska.</li>\r\n\t<li>Obw&oacute;d boiska.</li>\r\n</ol>	29	0
55	<h2>Zadanie 4</h2>\r\n\r\n<p>Rozwiąż r&oacute;wnanie kwadratowe:</p>\r\n\r\n<pre>\r\n<code>(a&sup2; - 36)</code></pre>	23	4
56	<h2>Zadanie 5</h2>\r\n\r\n<p>Oblicz wartość wyrażenia:</p>\r\n\r\n<pre>\r\n<code>3x + 7</code></pre>\r\n\r\n<p>dla:</p>\r\n\r\n<pre>\r\n<code>x = 5</code></pre>	23	5
64	<h2>Zadanie 3</h2>\r\n\r\n<p>Rozwiąż układ:</p>\r\n\r\n<div><code>| x + y = 50</code></div>\r\n\r\n<div><code>| x = y - 5</code></div>	25	3
54	<h2>Zadanie 3</h2>\r\n\r\n<p>Rozwiąż wyrażenie:</p>\r\n\r\n<pre>\r\n<code>(x + 8)&sup2;</code></pre>	23	3
65	<h2>Zadanie 4</h2>\r\n\r\n<p>Jacek i Paweł mają w sumie 35. Jacek jest starszy od Pawła o 5 lat. Ile lat mają Jacek i Paweł?&nbsp;</p>	25	4
67	<h2>Zadanie 5</h2>\r\n\r\n<p>W sklepie kupiono 3 zeszyty i 2 długopisy za 19 zł. Następnie kupiono 2 zeszyty i 4 długopisy za 18 zł. Ile kosztował zeszyt i długopis?</p>	25	5
62	<h2>Zadanie 1</h2>\r\n\r\n<p>Rozwiąż układ:</p>\r\n\r\n<div><code>| 7x + y = 54</code></div>\r\n\r\n<div><code>| 5y - x = 34</code></div>	25	1
88	<h3>Zadanie 1</h3>\r\n\r\n<p>Dana jest funkcja:</p>\r\n\r\n<p>f(x)=3x+1f(x)=3x+1f(x)=3x+1</p>\r\n\r\n<p>Oblicz:</p>\r\n\r\n<ul>\r\n\t<li>f(2)f(2)f(2)</li>\r\n\t<li>f(5)f(5)f(5)</li>\r\n</ul>	30	0
89	<h3>Zadanie 2</h3>\r\n\r\n<p>Dana jest funkcja:</p>\r\n\r\n<p>f(x)=x2+2f(x)=x^2+2f(x)=x2+2</p>\r\n\r\n<p>Oblicz:</p>\r\n\r\n<ul>\r\n\t<li>f(1)f(1)f(1)</li>\r\n\t<li>f(4)f(4)f(4)</li>\r\n</ul>	30	0
90	<h3>Zadanie 3</h3>\r\n\r\n<p>Dana jest funkcja:</p>\r\n\r\n<p>f(x)=5&minus;xf(x)=5-xf(x)=5&minus;x</p>\r\n\r\n<p>Oblicz:</p>\r\n\r\n<ul>\r\n\t<li>f(2)f(2)f(2)</li>\r\n\t<li>f(7)f(7)f(7)</li>\r\n</ul>	30	0
91	<p>Dana jest funkcja:</p>\r\n\r\n<p>f(x)=2x2&minus;3xf(x)=2x^2-3xf(x)=2x2&minus;3x</p>\r\n\r\n<p>Oblicz wartość funkcji dla:</p>\r\n\r\n<p>x=2x=2x=2</p>	30	0
92	<h3>Zadanie 5 (trudniejsze)</h3>\r\n\r\n<p>Dana jest funkcja:</p>\r\n\r\n<p>f(x)=x2&minus;4x+1f(x)=x^2-4x+1f(x)=x2&minus;4x+1</p>\r\n\r\n<p>Oblicz:</p>\r\n\r\n<ul>\r\n\t<li>f(0)f(0)f(0)</li>\r\n\t<li>f(2)f(2)f(2)</li>\r\n\t<li>f(5)f(5)f(5)</li>\r\n</ul>	30	0
93	<h3>Zadanie 1</h3>\r\n\r\n<p>Określ monotoniczność funkcji:</p>\r\n\r\n<pre>\r\n\r\n&nbsp;</pre>\r\n\r\n<pre>\r\n<code>f(x) = 3x + 2</code></pre>	33	0
94	<h3>Zadanie 2</h3>\r\n\r\n<p>Określ monotoniczność funkcji:</p>\r\n\r\n<pre>\r\n\r\n&nbsp;</pre>\r\n\r\n<pre>\r\n<code>f(x) = -5x + 7</code></pre>	33	0
95	<h3>Zadanie 3</h3>\r\n\r\n<p>Czy funkcja f(x)=4f(x) = 4f(x)=4 jest rosnąca, malejąca czy stała?</p>	33	0
96	<h3>Zadanie 4</h3>\r\n\r\n<p>Dana jest funkcja:</p>\r\n\r\n<pre>\r\n\r\n&nbsp;</pre>\r\n\r\n<pre>\r\n<code>f(x) = 0x + 9</code></pre>\r\n\r\n<p>Określ jej monotoniczność.</p>	33	0
97	<h3>Zadanie 5</h3>\r\n\r\n<p>Dla funkcji f(x)=2x&minus;10f(x) = 2x - 10f(x)=2x&minus;10 oblicz:</p>\r\n\r\n<ul>\r\n\t<li>czy funkcja rośnie czy maleje</li>\r\n\t<li>wartość f(3)f(3)f(3)</li>\r\n</ul>	33	0
98	<h3>Zadanie 1</h3>\r\n\r\n<p>Oblicz medianę:<br />\r\n<code>3, 7, 1, 9, 5</code></p>	34	0
99	<h3>Zadanie 2</h3>\r\n\r\n<p>Oblicz medianę:<br />\r\n<code>12, 4, 8, 6</code></p>	34	0
100	<h3>Zadanie 3</h3>\r\n\r\n<p>Znaleźć medianę:<br />\r\n<code>10, 2, 33, 14, 18, 6, 9</code></p>	34	0
101	<h3>Zadanie 4 (zadanie praktyczne)</h3>\r\n\r\n<p>Wzrost uczni&oacute;w w klasie (cm):<br />\r\n<code>160, 165, 170, 155, 180, 175</code></p>	34	0
102	<h3>Zadanie 5 (interpretacyjne)</h3>\r\n\r\n<p>Wyniki testu:<br />\r\n<code>1, 2, 2, 3, 3, 3, 10</code></p>\r\n\r\n<p>Kt&oacute;ra miara lepiej opisuje typowy wynik: średnia czy mediana? Uzasadnij.</p>	34	0
103	<h3>Zadanie 1</h3>\r\n\r\n<p>Znajdź dominantę:</p>\r\n\r\n<pre>\r\n\r\n&nbsp;</pre>\r\n\r\n<pre>\r\n<code>4, 5, 6, 4, 7, 4, 8</code></pre>	35	0
104	<h3>Zadanie 2</h3>\r\n\r\n<p>Znajdź dominantę:</p>\r\n\r\n<pre>\r\n\r\n&nbsp;</pre>\r\n\r\n<pre>\r\n<code>10, 12, 12, 15, 15, 15, 18</code></pre>	35	0
105	<h3>Zadanie 3</h3>\r\n\r\n<p>Czy istnieje dominanta?</p>\r\n\r\n<pre>\r\n\r\n&nbsp;</pre>\r\n\r\n<pre>\r\n<code>1, 2, 3, 4, 5, 6</code></pre>	35	0
106	<h3>Zadanie 4</h3>\r\n\r\n<p>Znajdź dominantę:</p>\r\n\r\n<pre>\r\n\r\n&nbsp;</pre>\r\n\r\n<pre>\r\n<code>2, 2, 3, 3, 4, 4</code></pre>	35	0
107	<h3>Zadanie 5 (trudniejsze)</h3>\r\n\r\n<p>W sklepie sprzedano liczbę produkt&oacute;w w dniu:</p>\r\n\r\n<pre>\r\n\r\n&nbsp;</pre>\r\n\r\n<pre>\r\n<code>A: 2 szt.\r\nB: 5 szt.\r\nC: 5 szt.\r\nD: 3 szt.\r\nE: 2 szt.</code></pre>\r\n\r\n<p>Kt&oacute;ry produkt sprzedawał się najczęściej?</p>	35	0
108	<h3>Zadanie 1</h3>\r\n\r\n<p>Uczeń ma oceny:</p>\r\n\r\n<ul>\r\n\t<li>6 (waga 3)</li>\r\n\t<li>4 (waga 2)</li>\r\n\t<li>5 (waga 1)</li>\r\n</ul>\r\n\r\n<p>Oblicz średnią ważoną.</p>	36	0
109	<h3>Zadanie 2</h3>\r\n\r\n<p>Student uzyskał wyniki:</p>\r\n\r\n<ul>\r\n\t<li>70% (waga 2)</li>\r\n\t<li>80% (waga 3)</li>\r\n\t<li>60% (waga 1)</li>\r\n</ul>\r\n\r\n<p>Oblicz średnią ważoną.</p>	36	0
110	<h3>Zadanie 3</h3>\r\n\r\n<p>Kt&oacute;ry wynik ma większy wpływ na średnią?</p>\r\n\r\n<ul>\r\n\t<li>A) ocena z wagą 1</li>\r\n\t<li>B) ocena z wagą 5 ✅</li>\r\n\t<li>C) ocena z wagą 2</li>\r\n\t<li>D) wszystkie mają taki sam wpływ</li>\r\n</ul>	36	0
111	<h3>Zadanie 4</h3>\r\n\r\n<p>Uczeń ma średnią:</p>\r\n\r\n<ul>\r\n\t<li>3 (waga 4)</li>\r\n\t<li>5 (waga 1)</li>\r\n</ul>\r\n\r\n<p>Czy średnia będzie bliższa 3 czy 5?</p>	36	0
112	<h3>Zadanie 5 (zadanie praktyczne)</h3>\r\n\r\n<p>Sprawdziany mają wagę 4, kartk&oacute;wki wagę 2, prace domowe wagę 1.</p>\r\n\r\n<p>Uczeń uzyskał:</p>\r\n\r\n<ul>\r\n\t<li>sprawdzian: 2</li>\r\n\t<li>kartk&oacute;wka: 5</li>\r\n\t<li>praca domowa: 6</li>\r\n</ul>\r\n\r\n<p>Oblicz średnią ważoną.</p>	36	0
115	<h2>Zadanie 3</h2>\r\n\r\n<p>Ile r&oacute;żnych haseł 5-znakowych można utworzyć z liter A&ndash;Z, jeśli powt&oacute;rzenia są dozwolone?</p>	37	0
113	<h2>Zadanie 1 (podstawowe)</h2>\r\n\r\n<p>Dane:<br />\r\n<code>3, 3, 3, 3, 3</code></p>\r\n\r\n<p>Oblicz wariancję.</p>	37	0
114	<p>Dane:<br />\r\n<code>1, 2, 3, 4, 5</code></p>\r\n\r\n<p>Oblicz:</p>\r\n\r\n<ul>\r\n\t<li>średnią</li>\r\n\t<li>wariancję</li>\r\n</ul>	37	0
116	<h2>Zadanie 4</h2>\r\n\r\n<p>Dane dw&oacute;ch klas:</p>\r\n\r\n<ul>\r\n\t<li>Klasa A: <code>5, 5, 6, 6, 5</code></li>\r\n\t<li>Klasa B: <code>2, 5, 8, 10, 5</code></li>\r\n</ul>\r\n\r\n<p>Kt&oacute;ra klasa ma większą wariancję?</p>	37	0
117	<p>Wyniki testu:</p>\r\n\r\n<p><code>2, 4, 6, 8, 10, 12</code></p>\r\n\r\n<p>Oblicz wariancję i zinterpretuj wynik.</p>	37	0
52	<h2>Zadanie 1</h2>\r\n\r\n<p>Zredukuj wyrazy podobne:</p>\r\n\r\n<pre>\r\n<code>4x + 7x - 3x</code></pre>	23	1
155	<p>Zadanie 1.</p>\r\n\r\n<p>Wstaw <strong>will</strong> lub <strong>won&rsquo;t</strong>:</p>\r\n\r\n<p>I ___ call you tomorrow.</p>	46	1
156	<p>Zadanie 2.</p>\r\n\r\n<p>Wstaw <strong>will</strong> lub <strong>won&rsquo;t</strong>:</p>\r\n\r\n<p>She ___ be late. (She is very punctual)</p>	46	2
53	<h2>Zadanie 2</h2>\r\n\r\n<p>Zredukuj wyrazy podobne:</p>\r\n\r\n<pre>\r\n<code>8a - 3a + 2b</code></pre>	23	2
63	<h2>Zadanie 2</h2>\r\n\r\n<p>Rozwiąż metodą podstawiania:</p>\r\n\r\n<div><code>| 3x + 2y = 19</code></div>\r\n\r\n<div><code>| 2y + 5x = 23</code></div>	25	2
118	<h2>Zadanie 1</h2>\r\n\r\n<p>Promień światła pada na lustro pod kątem 40&deg;.</p>\r\n\r\n<p>Oblicz kąt odbicia.</p>	38	1
119	<h2>Zadanie 2</h2>\r\n\r\n<p>Promień pada na zwierciadło pod kątem 25&deg;.</p>\r\n\r\n<p>Jaki będzie kąt odbicia?</p>	38	2
120	<h2>Zadanie 3</h2>\r\n\r\n<p>Przedmiot znajduje się 2 m przed zwierciadłem płaskim.</p>\r\n\r\n<p>W jakiej odległości za lustrem powstanie obraz?</p>	38	3
121	<h2>Zadanie 4</h2>\r\n\r\n<p>Przedmiot znajduje się 5 m od lustra.</p>\r\n\r\n<p>Jaka jest odległość między przedmiotem a jego obrazem?</p>	38	4
157	<p>Zadanie 3.</p>\r\n\r\n<p>Wstaw <strong>will</strong> lub <strong>won&rsquo;t</strong>:</p>\r\n\r\n<p>They ___ help us with the project. (They are allways helpful)</p>	46	3
122	<h2>Zadanie 5</h2>\r\n\r\n<p>Podaj przykład urządzenia wykorzystującego soczewkę skupiającą.</p>\r\n\r\n<h3>Przykładowe odpowiedzi</h3>\r\n\r\n<ul>\r\n\t<li>lupa,</li>\r\n\t<li>mikroskop,</li>\r\n\t<li>aparat fotograficzny,</li>\r\n\t<li>teleskop.</li>\r\n</ul>	38	5
123	<h2>Zadanie 1</h2>\r\n\r\n<p>Oblicz długość fali światła o częstotliwości:</p>\r\n\r\n<pre>\r\n<code>6 &middot; 10&sup1;⁴ Hz</code></pre>\r\n\r\n<p>Przyjmij:</p>\r\n\r\n<pre>\r\n<code>c = 3 &middot; 10⁸ m/s</code></pre>	39	1
124	<h2>Zadanie 2</h2>\r\n\r\n<p>Oblicz częstotliwość światła o długości fali:</p>\r\n\r\n<pre>\r\n<code>600 nm</code></pre>	39	2
125	<h2>Zadanie 3</h2>\r\n\r\n<p>Jak zmieni się długość fali światła, gdy jego częstotliwość wzrośnie dwukrotnie?</p>	39	3
126	<h2>Zadanie 4</h2>\r\n\r\n<p>Podaj dwa przykłady zjawisk świadczących o falowej naturze światła.</p>	39	4
127	<h2>Zadanie 5</h2>\r\n\r\n<p>Dlaczego na powierzchni bańki mydlanej obserwujemy kolorowe wzory?</p>	39	5
138	<p>Zadanie 1.</p>\r\n\r\n<p>Uzupełni brakujące zdanie:</p>\r\n\r\n<p>I ______ my homework already.</p>\r\n\r\n<p>A) did<br />\r\nB) have done<br />\r\nC) do<br />\r\nD) am doing</p>	42	1
139	<p>Zadanie 2.</p>\r\n\r\n<p>Uzupełni brakujące zdanie:</p>\r\n\r\n<p>She ______ to Spain three times.</p>\r\n\r\n<p>A) has gone<br />\r\nB) has been<br />\r\nC) went<br />\r\nD) goes</p>	42	2
140	<p>Zadanie 3.</p>\r\n\r\n<p>Uzupełni brakujące zdanie:</p>\r\n\r\n<p>______ you ever ridden a horse?</p>\r\n\r\n<p>A) Did<br />\r\nB) Do<br />\r\nC) Have<br />\r\nD) Has</p>	42	3
131	<p>Zadanie 4.</p>\r\n\r\n<p>Uzupełni brakujące zdanie:</p>\r\n\r\n<p>___ your parents work in Gdańsk?</p>\r\n\r\n<ul>\r\n\t<li>A) Do</li>\r\n\t<li>B) Does</li>\r\n\t<li>C) Are</li>\r\n</ul>	40	4
130	<p>Zadanie 3.</p>\r\n\r\n<p>Uzupełni brakujące zdanie:</p>\r\n\r\n<p>She ___ her homework every day.</p>\r\n\r\n<ul>\r\n\t<li>A) do</li>\r\n\t<li>B) doing</li>\r\n\t<li>C) does</li>\r\n</ul>	40	3
141	<p>Zadanie 4.</p>\r\n\r\n<p>Uzupełni brakujące zdanie:</p>\r\n\r\n<p>They ______ the project yet.</p>\r\n\r\n<p>A) haven&#39;t finished<br />\r\nB) didn&#39;t finish<br />\r\nC) don&#39;t finish<br />\r\nD) aren&#39;t finishing</p>	42	4
129	<p>Zadanie 2.</p>\r\n\r\n<p>Uzupełni brakujące zdanie:</p>\r\n\r\n<p>We ___ breakfast at 7 a.m.</p>\r\n\r\n<ul>\r\n\t<li>A) has</li>\r\n\t<li>B) have</li>\r\n\t<li>C) having</li>\r\n</ul>	40	2
142	<p>Zadanie 5.</p>\r\n\r\n<p>Uzupełni brakujące zdanie:</p>\r\n\r\n<p>He ______ his keys.</p>\r\n\r\n<p>A) lost<br />\r\nB) has lost<br />\r\nC) loses<br />\r\nD) losing</p>	42	5
128	<p>Zadanie 1.</p>\r\n\r\n<p>Uzupełni brakujące zdanie:</p>\r\n\r\n<p>My brother ___ to school by bus.</p>\r\n\r\n<ul>\r\n\t<li>A) go</li>\r\n\t<li>B) goes</li>\r\n\t<li>C) going</li>\r\n</ul>	40	1
143	<p>Zadanie 1.</p>\r\n\r\n<p>Uzupełni brakujące zdanie:</p>\r\n\r\n<p>She _____ to the cinema yesterday.</p>\r\n\r\n<ul>\r\n\t<li>A) go</li>\r\n\t<li>B) went</li>\r\n\t<li>C) gone</li>\r\n</ul>	43	1
132	<p>Zadanie 5.</p>\r\n\r\n<p>Uzupełni brakujące zdanie:</p>\r\n\r\n<p>He ___ like fish.</p>\r\n\r\n<ul>\r\n\t<li>A) doesn&#39;t</li>\r\n\t<li>B) don&#39;t</li>\r\n\t<li>C) isn&#39;t</li>\r\n</ul>	40	5
136	<p>Zadanie 4.</p>\r\n\r\n<p>Uzupełni brakujące zdanie:</p>\r\n\r\n<p>I ________ my homework now.</p>\r\n\r\n<ul>\r\n\t<li>A) am doing</li>\r\n\t<li>B) do</li>\r\n\t<li>C) does</li>\r\n</ul>	41	4
135	<p>Zadanie 3.</p>\r\n\r\n<p>Uzupełni brakujące zdanie:</p>\r\n\r\n<p>________ they playing basketball?</p>\r\n\r\n<ul>\r\n\t<li>A) Is</li>\r\n\t<li>B) Are</li>\r\n\t<li>C) Am</li>\r\n</ul>	41	3
134	<p>Zadanie 2.</p>\r\n\r\n<p>Uzupełni brakujące zdanie:</p>\r\n\r\n<p>We ________ dinner at the moment.</p>\r\n\r\n<ul>\r\n\t<li>A) are eating</li>\r\n\t<li>B) eat</li>\r\n\t<li>C) eats</li>\r\n</ul>	41	2
133	<p>Zadanie 1.</p>\r\n\r\n<p>Uzupełni brakujące zdanie:</p>\r\n\r\n<p>My brother ________ TV now.</p>\r\n\r\n<ul>\r\n\t<li>A) watches</li>\r\n\t<li>B) is watching</li>\r\n\t<li>C) watch</li>\r\n</ul>	41	1
137	<p>Zadanie 5.</p>\r\n\r\n<p>Uzupełni brakujące zdanie:</p>\r\n\r\n<p>She ________ not listening.</p>\r\n\r\n<ul>\r\n\t<li>A) are</li>\r\n\t<li>B) am</li>\r\n\t<li>C) is</li>\r\n</ul>	41	5
144	<p>Zadanie 2.</p>\r\n\r\n<p>Uzupełni brakujące zdanie:</p>\r\n\r\n<p>We _____ dinner at 7 p.m.</p>\r\n\r\n<ul>\r\n\t<li>A) eat</li>\r\n\t<li>B) ate</li>\r\n\t<li>C) eaten</li>\r\n</ul>	43	2
145	<p>Zadanie 3.</p>\r\n\r\n<p>Uzupełni brakujące zdanie:</p>\r\n\r\n<p>Did you _____ the book?</p>\r\n\r\n<ul>\r\n\t<li>A) read</li>\r\n\t<li>B) reads</li>\r\n\t<li>C) reading</li>\r\n</ul>	43	3
146	<p>Zadanie 4.</p>\r\n\r\n<p>Uzupełni brakujące zdanie:</p>\r\n\r\n<p>They _____ not come to the party.</p>\r\n\r\n<ul>\r\n\t<li>A) do</li>\r\n\t<li>B) did</li>\r\n\t<li>C) were</li>\r\n</ul>	43	4
147	<p>Zadanie 5.</p>\r\n\r\n<p>Uzupełni brakujące zdanie:</p>\r\n\r\n<p>I _____ my keys last week.</p>\r\n\r\n<ul>\r\n\t<li>A) lose</li>\r\n\t<li>B) lost</li>\r\n\t<li>C) losing</li>\r\n</ul>	43	5
148	<p>Zadanie 1.</p>\r\n\r\n<p>Uzupełni brakujące zdanie:</p>\r\n\r\n<p>While I ___ to school, it started raining.<br />\r\nA) was walking<br />\r\nB) walked<br />\r\nC) am walking</p>	44	1
149	<p>Zadanie 2.</p>\r\n\r\n<p>Uzupełni brakujące zdanie:</p>\r\n\r\n<p>They ___ dinner when I arrived.<br />\r\nA) were eating<br />\r\nB) ate<br />\r\nC) eat</p>	44	2
150	<p>Zadanie 3.</p>\r\n\r\n<p>Uzupełni brakujące zdanie:</p>\r\n\r\n<p>She ___ not listening to the teacher.<br />\r\nA) was<br />\r\nB) were<br />\r\nC) did</p>	44	3
151	<p>Zadanie 1.</p>\r\n\r\n<p>Uzupełni brakujące zdanie:</p>\r\n\r\n<p>By the time we got there, the film _________:</p>\r\n\r\n<ul>\r\n\t<li>A) started</li>\r\n\t<li>B) had started</li>\r\n\t<li>C) was starting</li>\r\n</ul>	45	1
152	<p>Zadanie 2.</p>\r\n\r\n<p>Uzupełni brakujące zdanie:</p>\r\n\r\n<p>He didn&rsquo;t recognize me, because he ______________________:</p>\r\n\r\n<ul>\r\n\t<li>A) hadn&rsquo;t seen me for years</li>\r\n\t<li>B) didn&rsquo;t see me for years</li>\r\n\t<li>C) hasn&rsquo;t seen me for years</li>\r\n</ul>	45	2
153	<p>Zadanie 3.</p>\r\n\r\n<p>Uzupełni brakujące zdanie:</p>\r\n\r\n<p>After she __________ dinner, she went out.</p>\r\n\r\n<ul>\r\n\t<li>A) cooked</li>\r\n\t<li>B) had cooked</li>\r\n\t<li>C) cooks</li>\r\n</ul>	45	3
154	<p>Zadanie 4.</p>\r\n\r\n<p>Uzupełni brakujące zdanie:</p>\r\n\r\n<p>They were upset, because they ___________________:</p>\r\n\r\n<ul>\r\n\t<li>A) lost the keys</li>\r\n\t<li>B) had lost the keys</li>\r\n\t<li>C) were losing the keys</li>\r\n</ul>	45	4
158	<p>Zadanie 4.</p>\r\n\r\n<p>Wstaw <strong>will</strong> lub <strong>won&rsquo;t</strong>:</p>\r\n\r\n<p>It ___ rain today. (The sky is clear)</p>	46	4
159	<p>Zadanie 5.</p>\r\n\r\n<p>Wstaw <strong>will</strong> lub <strong>won&rsquo;t</strong>:</p>\r\n\r\n<p>We ___ win this match, I hope.</p>	46	5
160	<p>Zadanie 1.</p>\r\n\r\n<p>Uzupełni brakujące zdanie:</p>\r\n\r\n<p>At 10 p.m. I ______ (sleep).</p>	47	1
161	<p>Zadanie 2.</p>\r\n\r\n<p>Uzupełni brakujące zdanie:</p>\r\n\r\n<p>This time tomorrow she ______ (travel) to Paris.</p>	47	2
162	<p>Zadanie 3.</p>\r\n\r\n<p>Uzupełni brakujące zdanie:</p>\r\n\r\n<p>They ______ (watch) TV at 7 p.m.</p>	47	3
163	<p>Zadanie 4.</p>\r\n\r\n<p>Uzupełni brakujące zdanie:</p>\r\n\r\n<p>We ______ (have) dinner at 6 o&rsquo;clock.</p>	47	4
164	<p>Zadanie 5.</p>\r\n\r\n<p>Uzupełni brakujące zdanie:</p>\r\n\r\n<p>He ______ (work) when you arrive.</p>	47	5
165	<p>Zadanie 1.</p>\r\n\r\n<p>Uzupełni brakujące zdanie:</p>\r\n\r\n<p>By next month, I ___ my driving test.<br />\r\nA) pass<br />\r\nB. will have passed<br />\r\nC. will pass</p>	48	1
166	<p>Zadanie 2.</p>\r\n\r\n<p>Uzupełni brakujące zdanie:</p>\r\n\r\n<p>They ___ the film before we arrive.<br />\r\nA) will watch<br />\r\nB) will have watched<br />\r\nC) watch</p>	48	2
167	<p>Zadanie 3.</p>\r\n\r\n<p>Uzupełni brakujące zdanie:</p>\r\n\r\n<p>She ___ by the time you call her.<br />\r\nA) will leave<br />\r\nB) will have left<br />\r\nC) leaves</p>	48	3
168	<p>Zadanie 4.</p>\r\n\r\n<p>Uzupełni brakujące zdanie:</p>\r\n\r\n<p>We ___ dinner by 7 p.m.<br />\r\nA) will have eaten<br />\r\nB) eat<br />\r\nC) will eat</p>	48	4
169	<p>Zadanie 1.&nbsp;</p>\r\n\r\n<p>Co oznacza słowo:</p>\r\n\r\n<p><strong>station</strong></p>	4	1
170	<p>Zadanie 2.&nbsp;</p>\r\n\r\n<p>Co oznacza słowo:</p>\r\n\r\n<p><strong>motorbike</strong></p>	4	2
171	<p>Zadanie 3.&nbsp;</p>\r\n\r\n<p>Co oznacza słowo:</p>\r\n\r\n<p><strong>lake</strong></p>	4	3
172	<p>Zadanie 4.&nbsp;</p>\r\n\r\n<p>Jak po angielsku brzmi słowo:</p>\r\n\r\n<p><strong>samoch&oacute;d</strong></p>	4	4
173	<p>Zadanie 5.&nbsp;</p>\r\n\r\n<p>Jak po angielsku brzmi słowo:</p>\r\n\r\n<p><strong>wieś</strong></p>	4	5
174	<p>Zadanie 1.&nbsp;</p>\r\n\r\n<p>Co oznacza słowo:</p>\r\n\r\n<p><strong>hallway</strong></p>	6	1
175	<p>Zadanie 2.&nbsp;</p>\r\n\r\n<p>Co oznacza słowo:</p>\r\n\r\n<p><strong>fridge</strong></p>	6	2
176	<p>Zadanie 3.&nbsp;</p>\r\n\r\n<p>Co oznacza słowo:</p>\r\n\r\n<p><strong>ceiling</strong></p>	6	3
177	<p>Zadanie 4.&nbsp;</p>\r\n\r\n<p>Jak po angielsku brzmi słowo:</p>\r\n\r\n<p><strong>zmywarka</strong></p>	6	4
178	<p>Zadanie 5.&nbsp;</p>\r\n\r\n<p>Jak po angielsku brzmi słowo:</p>\r\n\r\n<p><strong>piwnica</strong></p>	6	5
179	<p>Zadanie 1.&nbsp;</p>\r\n\r\n<p>Co oznacza słowo:</p>\r\n\r\n<p><strong>secretary</strong></p>	7	1
180	<p>Zadanie 2.&nbsp;</p>\r\n\r\n<p>Co oznacza słowo:</p>\r\n\r\n<p><strong>physics</strong></p>	7	2
181	<p>Zadanie 3.&nbsp;</p>\r\n\r\n<p>Co oznacza słowo:</p>\r\n\r\n<p><strong>blackbord</strong></p>	7	3
182	<p>Zadanie 4.&nbsp;</p>\r\n\r\n<p>Jak po angielsku brzmi słowo:</p>\r\n\r\n<p><strong>świadectwo</strong></p>	7	4
183	<p>Zadanie 5.&nbsp;</p>\r\n\r\n<p>Jak po angielsku brzmi słowo:</p>\r\n\r\n<p><strong>wychowanie fizyczne</strong></p>	7	5
\.


--
-- Data for Name: coureses_topic; Type: TABLE DATA; Schema: public; Owner: elearn_user
--

COPY public.coureses_topic (id, title, content, module_id, "order") FROM stdin;
7	Płyta główna	<p>zawartość tematu Płyta gł&oacute;wna</p>	13	0
8	Zasilacz	<p>zawartość tematu Zasilacz</p>	13	0
9	Pamięć masowa	<p>zawartość tematu Pamięć masowa</p>	13	0
1	Dodawanie binarne	<p>Dodawani liczb binarnych wygląda w następujący spos&oacute;b:</p>\r\n\r\n<p><code>0 + 0 = 0</code></p>\r\n\r\n<p><code>0 + 1 = 1</code></p>\r\n\r\n<p><code>1 + 0 = 1</code></p>\r\n\r\n<p><code>1 + 1 = 1 0</code></p>\r\n\r\n<p>w ostatniej operacji, nie dostaliśmy liczby 10, tylko cyfra 1 została przeniesiona pozycję dalej</p>	15	0
11	Dynamika	<p><strong>Dynamika</strong> to dział mechaniki badający zależność między ruchem ciał a siłami działającymi na te ciała.</p>\r\n\r\n<p>Tw&oacute;rcą podstaw dynamiki był Isaac Newton, kt&oacute;ry sformułował trzy zasady dynamiki.</p>\r\n\r\n<h4>I zasada dynamiki Newtona (zasada bezwładności)</h4>\r\n\r\n<p>Jeżeli na ciało nie działa żadna siła lub działające siły r&oacute;wnoważą się, ciało pozostaje w spoczynku lub porusza się ruchem jednostajnym prostoliniowym.</p>\r\n\r\n<p><strong>Przykład:</strong> Puck ślizgający się po lodzie porusza się prawie bez zmiany prędkości, ponieważ działające siły oporu są niewielkie.</p>\r\n\r\n<hr />\r\n<h4>II zasada dynamiki Newtona</h4>\r\n\r\n<p>Przyspieszenie ciała jest wprost proporcjonalne do siły wypadkowej działającej na ciało i odwrotnie proporcjonalne do jego masy.</p>\r\n\r\n<p>Wz&oacute;r:</p>\r\n\r\n<pre>\r\n\r\n&nbsp;</pre>\r\n\r\n<pre>\r\n<code>F = m &middot; a</code></pre>\r\n\r\n<p>gdzie:</p>\r\n\r\n<ul>\r\n\t<li>F &ndash; siła [N],</li>\r\n\t<li>m &ndash; masa [kg],</li>\r\n\t<li>a &ndash; przyspieszenie [m/s&sup2;].</li>\r\n</ul>\r\n\r\n<p><strong>Przykład:</strong></p>\r\n\r\n<p>Jeżeli na ciało o masie 2 kg działa siła 10 N:</p>\r\n\r\n<pre>\r\n\r\n&nbsp;</pre>\r\n\r\n<pre>\r\n<code>a = F / m\r\na = 10 / 2\r\na = 5 m/s&sup2;</code></pre>\r\n\r\n<hr />\r\n<h4>III zasada dynamiki Newtona</h4>\r\n\r\n<p>Jeżeli ciało A działa na ciało B pewną siłą, to ciało B działa na ciało A siłą o takiej samej wartości i przeciwnym zwrocie.</p>\r\n\r\n<p><strong>Przykład:</strong></p>\r\n\r\n<ul>\r\n\t<li>odrzut rakiety,</li>\r\n\t<li>chodzenie (odpychamy Ziemię nogą, a Ziemia odpycha nas do przodu).</li>\r\n</ul>\r\n\r\n<hr />\r\n<h3>Najważniejsze siły w dynamice</h3>\r\n\r\n<h4>Siła ciężkości</h4>\r\n\r\n<pre>\r\n\r\n&nbsp;</pre>\r\n\r\n<pre>\r\n<code>Fg = m &middot; g</code></pre>\r\n\r\n<p>gdzie:</p>\r\n\r\n<pre>\r\n\r\n&nbsp;</pre>\r\n\r\n<pre>\r\n<code>g &asymp; 9,81 m/s&sup2;</code></pre>\r\n\r\n<p>Przykład dla masy 10 kg:</p>\r\n\r\n<pre>\r\n\r\n&nbsp;</pre>\r\n\r\n<pre>\r\n<code>Fg = 10 &middot; 9,81\r\nFg = 98,1 N</code></pre>\r\n\r\n<hr />\r\n<h4>Siła tarcia</h4>\r\n\r\n<p>Powstaje podczas kontaktu dw&oacute;ch powierzchni i przeciwdziała ruchowi.</p>\r\n\r\n<p>Przykłady:</p>\r\n\r\n<ul>\r\n\t<li>hamowanie samochodu,</li>\r\n\t<li>przesuwanie szafy po podłodze.</li>\r\n</ul>	1	2
12	Praca, energia i moc	<h2>1. Praca mechaniczna</h2>\r\n\r\n<p>Praca mechaniczna jest wykonywana wtedy, gdy na ciało działa siła i powoduje ona przemieszczenie tego ciała.</p>\r\n\r\n<p>Wz&oacute;r na pracę:</p>\r\n\r\n<pre>\r\n\r\n&nbsp;</pre>\r\n\r\n<pre>\r\n<code>W = F &middot; s</code></pre>\r\n\r\n<p>gdzie:</p>\r\n\r\n<ul>\r\n\t<li><strong>W</strong> &ndash; praca [J] (dżule),</li>\r\n\t<li><strong>F</strong> &ndash; siła [N] (niutony),</li>\r\n\t<li><strong>s</strong> &ndash; droga [m] (metry).</li>\r\n</ul>\r\n\r\n<h3>Przykład</h3>\r\n\r\n<p>Uczeń przesuwa skrzynię siłą 50 N na odległość 4 m.</p>\r\n\r\n<pre>\r\n\r\n&nbsp;</pre>\r\n\r\n<pre>\r\n<code>W = 50 &middot; 4\r\nW = 200 J</code></pre>\r\n\r\n<p>Wykonana praca wynosi <strong>200 J</strong>.</p>\r\n\r\n<hr />\r\n<h2>2. Energia</h2>\r\n\r\n<p>Energia to zdolność do wykonania pracy.</p>\r\n\r\n<p>Zgodnie z zasadą zachowania energii:</p>\r\n\r\n<p>Energia nie może zostać stworzona ani zniszczona, może jedynie zmieniać swoją postać.</p>\r\n\r\n<h3>Energia kinetyczna</h3>\r\n\r\n<p>Jest związana z ruchem ciała.</p>\r\n\r\n<p>Wz&oacute;r:</p>\r\n\r\n<pre>\r\n\r\n&nbsp;</pre>\r\n\r\n<pre>\r\n<code>Ek = (m &middot; v&sup2;) / 2</code></pre>\r\n\r\n<p>gdzie:</p>\r\n\r\n<ul>\r\n\t<li><strong>m</strong> &ndash; masa [kg],</li>\r\n\t<li><strong>v</strong> &ndash; prędkość [m/s].</li>\r\n</ul>\r\n\r\n<h3>Przykład</h3>\r\n\r\n<p>Samoch&oacute;d o masie 1000 kg porusza się z prędkością 20 m/s.</p>\r\n\r\n<pre>\r\n\r\n&nbsp;</pre>\r\n\r\n<pre>\r\n<code>Ek = (1000 &middot; 20&sup2;) / 2\r\nEk = (1000 &middot; 400) / 2\r\nEk = 200000 J</code></pre>\r\n\r\n<p>Energia kinetyczna wynosi <strong>200 000 J</strong>.</p>\r\n\r\n<hr />\r\n<h3>Energia potencjalna grawitacji</h3>\r\n\r\n<p>Jest związana z położeniem ciała względem powierzchni Ziemi.</p>\r\n\r\n<p>Wz&oacute;r:</p>\r\n\r\n<pre>\r\n\r\n&nbsp;</pre>\r\n\r\n<pre>\r\n<code>Ep = m &middot; g &middot; h</code></pre>\r\n\r\n<p>gdzie:</p>\r\n\r\n<ul>\r\n\t<li><strong>m</strong> &ndash; masa [kg],</li>\r\n\t<li><strong>g</strong> &ndash; przyspieszenie ziemskie (9,81 m/s&sup2;),</li>\r\n\t<li><strong>h</strong> &ndash; wysokość [m].</li>\r\n</ul>\r\n\r\n<h3>Przykład</h3>\r\n\r\n<p>Plecak o masie 5 kg znajduje się na wysokości 2 m.</p>\r\n\r\n<pre>\r\n\r\n&nbsp;</pre>\r\n\r\n<pre>\r\n<code>Ep = 5 &middot; 9,81 &middot; 2\r\nEp = 98,1 J</code></pre>\r\n\r\n<p>Energia potencjalna wynosi <strong>98,1 J</strong>.</p>\r\n\r\n<hr />\r\n<h2>3. Moc</h2>\r\n\r\n<p>Moc określa szybkość wykonywania pracy.</p>\r\n\r\n<p>Wz&oacute;r:</p>\r\n\r\n<pre>\r\n\r\n&nbsp;</pre>\r\n\r\n<pre>\r\n<code>P = W / t</code></pre>\r\n\r\n<p>gdzie:</p>\r\n\r\n<ul>\r\n\t<li><strong>P</strong> &ndash; moc [W] (waty),</li>\r\n\t<li><strong>W</strong> &ndash; praca [J],</li>\r\n\t<li><strong>t</strong> &ndash; czas [s].</li>\r\n</ul>\r\n\r\n<h3>Przykład</h3>\r\n\r\n<p>Robotnik wykonał pracę 1000 J w czasie 20 s.</p>\r\n\r\n<pre>\r\n\r\n&nbsp;</pre>\r\n\r\n<pre>\r\n<code>P = 1000 / 20\r\nP = 50 W</code></pre>\r\n\r\n<p>Moc wynosi <strong>50 W</strong>.</p>\r\n\r\n<hr />\r\n<h2>4. Zależność między pracą, energią i mocą</h2>\r\n\r\n<ul>\r\n\t<li>wykonanie pracy powoduje zmianę energii,</li>\r\n\t<li>energia umożliwia wykonanie pracy,</li>\r\n\t<li>moc określa tempo wykonywania pracy.</li>\r\n</ul>\r\n\r\n<p>Przykład:</p>\r\n\r\n<p>Dw&oacute;ch uczni&oacute;w wnosi tę samą skrzynię na schody. Obaj wykonują taką samą pracę, ale ten, kt&oacute;ry zrobi to szybciej, osiąga większą moc.</p>	1	3
16	Zasady termodynamiki	<h2>1. Wprowadzenie</h2>\r\n\r\n<p><strong>Termodynamika</strong> to dział fizyki zajmujący się badaniem ciepła, temperatury, energii oraz przemian zachodzących w układach fizycznych.</p>\r\n\r\n<p>Termodynamika pozwala wyjaśnić działanie:</p>\r\n\r\n<ul>\r\n\t<li>silnik&oacute;w spalinowych,</li>\r\n\t<li>lod&oacute;wek,</li>\r\n\t<li>klimatyzator&oacute;w,</li>\r\n\t<li>elektrowni,</li>\r\n\t<li>proces&oacute;w zachodzących w przyrodzie.</li>\r\n</ul>\r\n\r\n<p>Podstawą termodynamiki są cztery zasady: zerowa, pierwsza, druga i trzecia zasada termodynamiki.</p>\r\n\r\n<hr />\r\n<h1>2. Zerowa zasada termodynamiki</h1>\r\n\r\n<p>Jeżeli dwa ciała znajdują się w r&oacute;wnowadze termicznej z trzecim ciałem, to są r&oacute;wnież w r&oacute;wnowadze termicznej względem siebie.</p>\r\n\r\n<h3>Znaczenie</h3>\r\n\r\n<p>To właśnie ta zasada umożliwia pomiar temperatury za pomocą termometr&oacute;w.</p>\r\n\r\n<h3>Przykład</h3>\r\n\r\n<p>Jeżeli:</p>\r\n\r\n<ul>\r\n\t<li>termometr ma temperaturę 20&deg;C,</li>\r\n\t<li>kubek z wodą ma temperaturę 20&deg;C,</li>\r\n</ul>\r\n\r\n<p>to po zetknięciu nie nastąpi przepływ ciepła między nimi.</p>\r\n\r\n<hr />\r\n<h1>3. Pierwsza zasada termodynamiki</h1>\r\n\r\n<p>Pierwsza zasada termodynamiki jest odpowiednikiem zasady zachowania energii dla proces&oacute;w cieplnych.</p>\r\n\r\n<p>M&oacute;wi ona, że:</p>\r\n\r\n<p>Zmiana energii wewnętrznej układu jest r&oacute;wna sumie dostarczonego ciepła i pracy wykonanej nad układem.</p>\r\n\r\n<p>Wz&oacute;r:</p>\r\n\r\n<pre>\r\n\r\n&nbsp;</pre>\r\n\r\n<pre>\r\n<code>&Delta;U = Q + W</code></pre>\r\n\r\n<p>gdzie:</p>\r\n\r\n<ul>\r\n\t<li>&Delta;U &ndash; zmiana energii wewnętrznej [J],</li>\r\n\t<li>Q &ndash; dostarczone ciepło [J],</li>\r\n\t<li>W &ndash; praca wykonana nad układem [J].</li>\r\n</ul>\r\n\r\n<h3>Przykład</h3>\r\n\r\n<p>Jeżeli do gazu dostarczono:</p>\r\n\r\n<pre>\r\n\r\n&nbsp;</pre>\r\n\r\n<pre>\r\n<code>Q = 500 J</code></pre>\r\n\r\n<p>oraz wykonano nad nim pracę:</p>\r\n\r\n<pre>\r\n\r\n&nbsp;</pre>\r\n\r\n<pre>\r\n<code>W = 200 J</code></pre>\r\n\r\n<p>to:</p>\r\n\r\n<pre>\r\n\r\n&nbsp;</pre>\r\n\r\n<pre>\r\n<code>&Delta;U = 500 + 200\r\n&Delta;U = 700 J</code></pre>\r\n\r\n<p>Energia wewnętrzna wzrosła o 700 J.</p>\r\n\r\n<hr />\r\n<h1>4. Druga zasada termodynamiki</h1>\r\n\r\n<p>Druga zasada termodynamiki określa kierunek przepływu ciepła.</p>\r\n\r\n<p>M&oacute;wi ona, że:</p>\r\n\r\n<p>Ciepło samorzutnie przepływa od ciała cieplejszego do chłodniejszego.</p>\r\n\r\n<p>Nie jest możliwe samoczynne przepływanie ciepła od ciała zimniejszego do cieplejszego bez wykonania pracy.</p>\r\n\r\n<h3>Przykład</h3>\r\n\r\n<p>Po włożeniu kostki lodu do gorącej herbaty:</p>\r\n\r\n<ul>\r\n\t<li>herbata oddaje energię,</li>\r\n\t<li>l&oacute;d ją pobiera.</li>\r\n</ul>\r\n\r\n<p>Po pewnym czasie osiągnięta zostaje wsp&oacute;lna temperatura.</p>\r\n\r\n<hr />\r\n<h2>Entropia</h2>\r\n\r\n<p>Druga zasada termodynamiki wiąże się r&oacute;wnież z pojęciem <strong>entropii</strong>.</p>\r\n\r\n<p>Entropia opisuje stopień nieuporządkowania układu.</p>\r\n\r\n<p>Zgodnie z drugą zasadą:</p>\r\n\r\n<p>W układzie izolowanym entropia nie maleje.</p>\r\n\r\n<p>Przykład:</p>\r\n\r\n<ul>\r\n\t<li>rozbitego kubka nie da się samoczynnie złożyć,</li>\r\n\t<li>ciepła kawa samoczynnie stygnie.</li>\r\n</ul>\r\n\r\n<hr />\r\n<h1>5. Trzecia zasada termodynamiki</h1>\r\n\r\n<p>M&oacute;wi ona, że:</p>\r\n\r\n<p>Gdy temperatura układu zbliża się do zera bezwzględnego, entropia dąży do wartości minimalnej.</p>\r\n\r\n<p>Zero bezwzględne wynosi:</p>\r\n\r\n<pre>\r\n\r\n&nbsp;</pre>\r\n\r\n<pre>\r\n<code>0 K = -273,15&deg;C</code></pre>\r\n\r\n<p>W praktyce osiągnięcie dokładnie 0 K jest niemożliwe.</p>\r\n\r\n<hr />\r\n<h1>6. Energia wewnętrzna</h1>\r\n\r\n<p>Energia wewnętrzna jest sumą:</p>\r\n\r\n<ul>\r\n\t<li>energii ruchu cząsteczek,</li>\r\n\t<li>energii oddziaływań między cząsteczkami.</li>\r\n</ul>\r\n\r\n<p>Energia wewnętrzna wzrasta, gdy:</p>\r\n\r\n<ul>\r\n\t<li>ogrzewamy ciało,</li>\r\n\t<li>wykonujemy nad nim pracę.</li>\r\n</ul>\r\n\r\n<p>Energia wewnętrzna maleje, gdy:</p>\r\n\r\n<ul>\r\n\t<li>ciało oddaje ciepło,</li>\r\n\t<li>wykonuje pracę nad otoczeniem.</li>\r\n</ul>\r\n\r\n<hr />\r\n<h1>7. Ciepło właściwe</h1>\r\n\r\n<p>Ciepło właściwe określa ilość energii potrzebnej do ogrzania 1 kg substancji o 1&deg;C.</p>\r\n\r\n<p>Wz&oacute;r:</p>\r\n\r\n<pre>\r\n\r\n&nbsp;</pre>\r\n\r\n<pre>\r\n<code>Q = m &middot; c &middot; &Delta;T</code></pre>\r\n\r\n<p>gdzie:</p>\r\n\r\n<ul>\r\n\t<li>Q &ndash; ilość ciepła [J],</li>\r\n\t<li>m &ndash; masa [kg],</li>\r\n\t<li>c &ndash; ciepło właściwe [J/(kg&middot;&deg;C)],</li>\r\n\t<li>&Delta;T &ndash; zmiana temperatury [&deg;C].</li>\r\n</ul>	2	0
19	Szkoła	<p>Lista sł&oacute;wek dotycząca przedmiot&oacute;w, pracownik&oacute;w i innych rzeczy w szkole:&nbsp;</p>\r\n\r\n<ul>\r\n\t<li>\r\n\t<h3>Przedmioty w szkole:</h3>\r\n\t</li>\r\n\t<li><strong>matematyka</strong>&nbsp;&ndash; mathematics</li>\r\n\t<li><strong>biologia</strong>&nbsp;&ndash; biology</li>\r\n\t<li><strong>chemia</strong> &ndash; chemistry</li>\r\n\t<li><strong>fizyka</strong> &ndash; physics</li>\r\n\t<li><strong>geografia</strong> &ndash; geography</li>\r\n\t<li><strong>historia</strong> &ndash; history</li>\r\n\t<li><strong>informatyka</strong>&nbsp;&ndash; computer science</li>\r\n\t<li><strong>wychowanie fizyczne</strong> &ndash; physical education</li>\r\n\t<li><strong>muzyka</strong> &ndash; music</li>\r\n\t<li>\r\n\t<h3>Stanowiska pracownik&oacute;w w szkole:</h3>\r\n\t</li>\r\n\t<li><strong>nauczyciel</strong>&nbsp;&ndash; teacher</li>\r\n\t<li><strong>dyrektor</strong> &ndash; headmaster / princilap</li>\r\n\t<li><strong>wicedyrektor</strong> &ndash; vice principal</li>\r\n\t<li><strong>nauczyciel zastępczy</strong> &ndash; substitute teacher</li>\r\n\t<li><strong>wychowawca</strong>&nbsp;&ndash; homeroom teacher</li>\r\n\t<li><strong>pedagog szkolny</strong> &ndash; school counselor</li>\r\n\t<li><strong>psycholog szkolny</strong> &ndash; school psychologist</li>\r\n\t<li><strong>bibliotekarz</strong> &ndash; librarian</li>\r\n\t<li><strong>sekretarka</strong> &ndash; secretary</li>\r\n\t<li><strong>pani sprzątająca</strong> &ndash; cleaning lady</li>\r\n\t<li><strong>woźny</strong> &ndash; janitor</li>\r\n\t<li><strong>opiekun świetlicy</strong>&nbsp;&ndash; after-school care worker</li>\r\n\t<li>\r\n\t<h3>Inne rzeczy zwiazane ze szkołą:</h3>\r\n\t</li>\r\n\t<li><strong>classroom</strong> &ndash; klasa</li>\r\n\t<li><strong>homework</strong> &ndash; praca domowa</li>\r\n\t<li><strong>exam</strong> &ndash; egzamin</li>\r\n\t<li><strong>textbook</strong> &ndash; podręcznik</li>\r\n\t<li><strong>notebook</strong> &ndash; zeszyt</li>\r\n\t<li><strong>blackboard</strong>&nbsp;&ndash; tablica</li>\r\n\t<li><strong>lesson</strong> &ndash; lekcja</li>\r\n\t<li><strong>recess / break</strong> &ndash; przerwa</li>\r\n\t<li><strong>report card</strong> &ndash; świadectwo</li>\r\n\t<li><strong>assignment</strong> &ndash; zadanie</li>\r\n\t<li><strong>project</strong> &ndash; projekt</li>\r\n\t<li><strong>grade</strong> &ndash; ocena</li>\r\n</ul>	9	2
20	Dom	<p>Lista sł&oacute;wek dotycząca pomieszczeń lub przedmiot&oacute;w w domu:&nbsp;</p>\r\n\r\n<ul>\r\n\t<li>\r\n\t<h3>Rodzaje pomieszczeń:</h3>\r\n\t</li>\r\n\t<li><strong>living room</strong>&nbsp;&ndash; salon</li>\r\n\t<li><strong>bedroom</strong>&nbsp;&ndash; sypialnia</li>\r\n\t<li><strong>kitchen</strong>&nbsp;&ndash; kuchnia</li>\r\n\t<li><strong>bathroom</strong>&nbsp;&ndash; łazienka</li>\r\n\t<li><strong>hallway</strong>&nbsp;&ndash; przedpok&oacute;j</li>\r\n\t<li><strong>basement</strong>&nbsp;&ndash; piwnica</li>\r\n\t<li><strong>garage</strong>&nbsp;&ndash; garaż</li>\r\n\t<li><strong>garden</strong>&nbsp;&ndash; ogr&oacute;d</li>\r\n\t<li><strong>balcony</strong>&nbsp;&ndash; balkon</li>\r\n\t<li>\r\n\t<h3>R&oacute;żne przedmioty / meble:</h3>\r\n\t</li>\r\n\t<li><strong>sofa</strong>&nbsp;&ndash; kanapa</li>\r\n\t<li><strong>table</strong>&nbsp;&ndash; st&oacute;ł</li>\r\n\t<li><strong>chair</strong>&nbsp;&ndash; krzesło</li>\r\n\t<li><strong>bed</strong>&nbsp;&ndash; ł&oacute;żko</li>\r\n\t<li><strong>wardrobe</strong>&nbsp;&ndash; szafa</li>\r\n\t<li><strong>bookshelf</strong>&nbsp;&ndash; p&oacute;łka na książki</li>\r\n\t<li><strong>desk</strong>&nbsp;&ndash; biurko</li>\r\n\t<li><strong>armchair</strong>&nbsp;&ndash; fotel</li>\r\n\t<li><strong>drawer</strong>&nbsp;&ndash; szuflada</li>\r\n\t<li><strong>rug</strong>&nbsp;&ndash; dywanik</li>\r\n\t<li><strong>fridge</strong>&nbsp;&ndash; lod&oacute;wka</li>\r\n\t<li><strong>oven</strong>&nbsp;&ndash; piekarnik</li>\r\n\t<li><strong>washing machine</strong>&nbsp;&ndash; pralka</li>\r\n\t<li><strong>microwave</strong>&nbsp;&ndash; mikrofal&oacute;wka</li>\r\n\t<li><strong>dishwasher</strong>&nbsp;&ndash; zmywarka</li>\r\n\t<li><strong>lamp</strong>&nbsp;&ndash; lampa</li>\r\n\t<li><strong>fan</strong>&nbsp;&ndash; wentylator</li>\r\n\t<li><strong>TV</strong>&nbsp;&ndash; telewizor</li>\r\n\t<li><strong>iron</strong>&nbsp;&ndash; żelazko</li>\r\n\t<li>\r\n\t<h3>Cęści budowy domu:</h3>\r\n\t</li>\r\n\t<li><strong>floor</strong>&nbsp;&ndash; podłoga</li>\r\n\t<li><strong>ceiling</strong>&nbsp;&ndash; sufit</li>\r\n\t<li><strong>wall</strong>&nbsp;&ndash; ściana</li>\r\n\t<li><strong>door</strong>&nbsp;&ndash; drzwi</li>\r\n\t<li><strong>window</strong>&nbsp;&ndash; okno</li>\r\n\t<li><strong>stairs</strong>&nbsp;&ndash; schody</li>\r\n\t<li><strong>roof</strong>&nbsp;&ndash; dach</li>\r\n\t<li><strong>chimney</strong>&nbsp;&ndash; komin</li>\r\n\t<li><strong>fence</strong>&nbsp;&ndash; płot</li>\r\n\t<li><strong>gate</strong>&nbsp;&ndash; brama</li>\r\n</ul>	9	1
2	Odejmowanie binarne	<p>Odejmowanie liczb binarnych wygląda w następujący spos&oacute;b:</p>\r\n\r\n<p><code>0 - 0 = 0</code></p>\r\n\r\n<p><code>0 - 1 = 1&nbsp; &nbsp;?</code></p>\r\n\r\n<p><code>1 - 0 = 1</code></p>\r\n\r\n<p><code>1 - 1 = 0</code></p>\r\n\r\n<p>&nbsp;</p>	15	0
3	Mnożenie binarne	<p>Mnożenie liczb binarnych wygląda w następujący spos&oacute;b:</p>\r\n\r\n<p><code>0 * 0 = 0</code></p>\r\n\r\n<p><code>0 * 1 = 0</code></p>\r\n\r\n<p><code>1 * 0 = 0</code></p>\r\n\r\n<p><code>1 * 1 = 1</code></p>\r\n\r\n<p>&nbsp;</p>	15	0
5	Procesor (CPU)	<p><strong>Procesor</strong> (CPU &ndash; Central Processing Unit) to gł&oacute;wny układ elektroniczny komputera odpowiedzialny za wykonywanie instrukcji program&oacute;w. Można go por&oacute;wnać do &bdquo;m&oacute;zgu komputera&rdquo;, ponieważ steruje pracą wszystkich innych podzespoł&oacute;w.</p>\r\n\r\n<p>Procesor wykonuje bardzo szybkie operacje matematyczne, logiczne oraz sterujące.</p>\r\n\r\n<hr />\r\n<h2>2. Budowa procesora</h2>\r\n\r\n<p>Procesor składa się z kilku kluczowych element&oacute;w:</p>\r\n\r\n<ul>\r\n\t<li><strong>ALU (Arithmetic Logic Unit)</strong> &ndash; wykonuje operacje matematyczne i logiczne</li>\r\n\t<li><strong>CU (Control Unit)</strong> &ndash; steruje pracą procesora i przepływem danych</li>\r\n\t<li><strong>Rejestry</strong> &ndash; bardzo szybka pamięć wewnętrzna procesora</li>\r\n\t<li><strong>Pamięć podręczna (cache)</strong> &ndash; przyspiesza dostęp do często używanych danych</li>\r\n</ul>\r\n\r\n<hr />\r\n<h2>3. Jak działa procesor?</h2>\r\n\r\n<p>Procesor wykonuje instrukcje w cyklu:</p>\r\n\r\n<h3>1. Pobranie (Fetch)</h3>\r\n\r\n<p>Procesor pobiera instrukcję z pamięci RAM.</p>\r\n\r\n<h3>2. Dekodowanie (Decode)</h3>\r\n\r\n<p>Instrukcja jest analizowana i tłumaczona na operacje.</p>\r\n\r\n<h3>3. Wykonanie (Execute)</h3>\r\n\r\n<p>Procesor wykonuje operację (np. dodawanie liczb).</p>\r\n\r\n<h3>4. Zapis (Store)</h3>\r\n\r\n<p>Wynik zostaje zapisany w pamięci lub rejestrze.</p>\r\n\r\n<p>Ten cykl powtarza się miliardy razy na sekundę.</p>\r\n\r\n<hr />\r\n<h2>4. Taktowanie procesora</h2>\r\n\r\n<p>Szybkość procesora określa częstotliwość taktowania:</p>\r\n\r\n<pre>\r\n\r\n&nbsp;</pre>\r\n\r\n<pre>\r\n<code>1 Hz = 1 cykl na sekundę</code></pre>\r\n\r\n<p>Nowoczesne procesory mają:</p>\r\n\r\n<pre>\r\n\r\n&nbsp;</pre>\r\n\r\n<pre>\r\n<code>3 GHz = 3 miliardy cykli na sekundę</code></pre>\r\n\r\n<hr />\r\n<h2>5. Rdzenie procesora</h2>\r\n\r\n<p>Procesor może mieć wiele rdzeni:</p>\r\n\r\n<ul>\r\n\t<li>1 rdzeń &ndash; wykonuje jedną operację naraz</li>\r\n\t<li>4 rdzenie &ndash; cztery operacje r&oacute;wnocześnie</li>\r\n\t<li>8+ rdzeni &ndash; bardzo wysoka wydajność</li>\r\n</ul>\r\n\r\n<p>Więcej rdzeni = lepsza wielozadaniowość.</p>\r\n\r\n<hr />\r\n<h2>6. Procesor a inne podzespoły</h2>\r\n\r\n<p>Procesor wsp&oacute;łpracuje z:</p>\r\n\r\n<ul>\r\n\t<li>pamięcią RAM,</li>\r\n\t<li>dyskiem twardym/SSD,</li>\r\n\t<li>kartą graficzną,</li>\r\n\t<li>płytą gł&oacute;wną.</li>\r\n</ul>\r\n\r\n<p>Bez procesora komputer nie może działać.</p>	13	1
6	Pamięć RAM	<p>zawartość tematu Pamięć RAM</p>	13	0
14	Temperatura i ciepło	<h2>1. Czym jest temperatura?</h2>\r\n\r\n<p>Temperatura jest wielkością fizyczną określającą stopień nagrzania ciała. Informuje nas o tym, jak szybko poruszają się cząsteczki tworzące daną substancję.</p>\r\n\r\n<p>Im szybciej poruszają się cząsteczki:</p>\r\n\r\n<ul>\r\n\t<li>tym wyższa jest temperatura,</li>\r\n\t<li>tym większa jest energia wewnętrzna substancji.</li>\r\n</ul>\r\n\r\n<h3>Jednostki temperatury</h3>\r\n\r\n<p>Najczęściej używane są:</p>\r\n\r\n<ul>\r\n\t<li>stopnie Celsjusza (&deg;C),</li>\r\n\t<li>kelwiny (K).</li>\r\n</ul>\r\n\r\n<p>Zależność między nimi:</p>\r\n\r\n<pre>\r\n\r\n&nbsp;</pre>\r\n\r\n<pre>\r\n<code>T[K] = t[&deg;C] + 273,15</code></pre>\r\n\r\n<p>Przykład:</p>\r\n\r\n<pre>\r\n\r\n&nbsp;</pre>\r\n\r\n<pre>\r\n<code>20&deg;C = 293,15 K</code></pre>\r\n\r\n<hr />\r\n<h2>2. Czym jest ciepło?</h2>\r\n\r\n<p>Ciepło to energia przekazywana między ciałami wskutek r&oacute;żnicy temperatur.</p>\r\n\r\n<p>Przepływ ciepła zachodzi zawsze:</p>\r\n\r\n<pre>\r\n\r\n&nbsp;</pre>\r\n\r\n<pre>\r\n<code>od ciała cieplejszego &rarr; do ciała chłodniejszego</code></pre>\r\n\r\n<p>aż do momentu osiągnięcia r&oacute;wnowagi cieplnej.</p>\r\n\r\n<h3>Przykład</h3>\r\n\r\n<p>Po włożeniu kostki lodu do gorącej herbaty:</p>\r\n\r\n<ul>\r\n\t<li>herbata oddaje ciepło,</li>\r\n\t<li>l&oacute;d pobiera ciepło i topnieje.</li>\r\n</ul>\r\n\r\n<p>Po pewnym czasie temperatura obu substancji się wyr&oacute;wnuje.</p>\r\n\r\n<hr />\r\n<h2>3. Energia wewnętrzna</h2>\r\n\r\n<p>Energia wewnętrzna jest sumą energii wszystkich cząsteczek tworzących dane ciało.</p>\r\n\r\n<p>Może się zmieniać przez:</p>\r\n\r\n<h3>Ogrzewanie</h3>\r\n\r\n<p>Przykład:</p>\r\n\r\n<p>Podgrzewanie wody w czajniku powoduje wzrost jej energii wewnętrznej.</p>\r\n\r\n<h3>Wykonywanie pracy</h3>\r\n\r\n<p>Przykład:</p>\r\n\r\n<p>Pocieranie dłoni powoduje ich ogrzanie.</p>\r\n\r\n<hr />\r\n<h2>4. Ilość ciepła</h2>\r\n\r\n<p>Ilość ciepła potrzebna do ogrzania ciała zależy od:</p>\r\n\r\n<ul>\r\n\t<li>masy ciała,</li>\r\n\t<li>rodzaju substancji,</li>\r\n\t<li>zmiany temperatury.</li>\r\n</ul>\r\n\r\n<p>Wz&oacute;r:</p>\r\n\r\n<pre>\r\n\r\n&nbsp;</pre>\r\n\r\n<pre>\r\n<code>Q = m &middot; c &middot; &Delta;T</code></pre>\r\n\r\n<p>gdzie:</p>\r\n\r\n<ul>\r\n\t<li><strong>Q</strong> &ndash; ilość ciepła [J],</li>\r\n\t<li><strong>m</strong> &ndash; masa [kg],</li>\r\n\t<li><strong>c</strong> &ndash; ciepło właściwe [J/(kg&middot;&deg;C)],</li>\r\n\t<li><strong>&Delta;T</strong> &ndash; zmiana temperatury [&deg;C].</li>\r\n</ul>\r\n\r\n<hr />\r\n<h2>5. Ciepło właściwe</h2>\r\n\r\n<p>Ciepło właściwe określa ilość energii potrzebnej do ogrzania 1 kg substancji o 1&deg;C.</p>\r\n\r\n<p>Przykładowe wartości:</p>\r\n\r\n<table>\r\n\t<thead>\r\n\t\t<tr>\r\n\t\t\t<th>Substancja</th>\r\n\t\t\t<th>Ciepło właściwe</th>\r\n\t\t</tr>\r\n\t</thead>\r\n\t<tbody>\r\n\t\t<tr>\r\n\t\t\t<td>Woda</td>\r\n\t\t\t<td>4200 J/(kg&middot;&deg;C)</td>\r\n\t\t</tr>\r\n\t\t<tr>\r\n\t\t\t<td>Aluminium</td>\r\n\t\t\t<td>900 J/(kg&middot;&deg;C)</td>\r\n\t\t</tr>\r\n\t\t<tr>\r\n\t\t\t<td>Żelazo</td>\r\n\t\t\t<td>460 J/(kg&middot;&deg;C)</td>\r\n\t\t</tr>\r\n\t</tbody>\r\n</table>\r\n\r\n<p>Oznacza to, że ogrzanie wody wymaga znacznie więcej energii niż ogrzanie metalu o tej samej masie.</p>\r\n\r\n<hr />\r\n<h2>6. Przewodnictwo cieplne</h2>\r\n\r\n<p>Ciepło może być przekazywane na trzy sposoby:</p>\r\n\r\n<h3>Przewodnictwo</h3>\r\n\r\n<p>Przekazywanie energii przez bezpośredni kontakt cząsteczek.</p>\r\n\r\n<p>Przykład:</p>\r\n\r\n<p>Metalowa łyżeczka pozostawiona w gorącej herbacie nagrzewa się.</p>\r\n\r\n<hr />\r\n<h3>Konwekcja</h3>\r\n\r\n<p>Przenoszenie energii przez ruch cieczy lub gaz&oacute;w.</p>\r\n\r\n<p>Przykład:</p>\r\n\r\n<p>Ogrzewanie pomieszczenia przez kaloryfer.</p>\r\n\r\n<hr />\r\n<h3>Promieniowanie</h3>\r\n\r\n<p>Przenoszenie energii za pomocą fal elektromagnetycznych.</p>\r\n\r\n<p>Przykład:</p>\r\n\r\n<p>Ogrzewanie Ziemi przez Słońce</p>	2	0
15	Przemiany gazowe	<h2>1. Wprowadzenie</h2>\r\n\r\n<p>Gaz może zmieniać swoje właściwości pod wpływem ogrzewania, chłodzenia, sprężania lub rozprężania. Takie zmiany nazywamy <strong>przemianami gazowymi</strong>.</p>\r\n\r\n<p>Do opisu stanu gazu używamy trzech podstawowych wielkości:</p>\r\n\r\n<ul>\r\n\t<li><strong>p</strong> &ndash; ciśnienie [Pa],</li>\r\n\t<li><strong>V</strong> &ndash; objętość [m&sup3;],</li>\r\n\t<li><strong>T</strong> &ndash; temperatura [K].</li>\r\n</ul>\r\n\r\n<p>Dla danej ilości gazu wielkości te są ze sobą powiązane.</p>\r\n\r\n<hr />\r\n<h1>2. Przemiana izotermiczna</h1>\r\n\r\n<p>W przemianie izotermicznej temperatura pozostaje stała.</p>\r\n\r\n<pre>\r\n\r\n&nbsp;</pre>\r\n\r\n<pre>\r\n<code>T = const</code></pre>\r\n\r\n<p>Prawo Boyle&#39;a-Mariotte&#39;a:</p>\r\n\r\n<pre>\r\n\r\n&nbsp;</pre>\r\n\r\n<pre>\r\n<code>p₁ &middot; V₁ = p₂ &middot; V₂</code></pre>\r\n\r\n<p>Jeżeli objętość maleje, ciśnienie rośnie.</p>\r\n\r\n<h3>Przykład</h3>\r\n\r\n<p>Podczas pompowania roweru tłok zmniejsza objętość powietrza, przez co wzrasta jego ciśnienie.</p>\r\n\r\n<hr />\r\n<h1>3. Przemiana izobaryczna</h1>\r\n\r\n<p>W przemianie izobarycznej ciśnienie pozostaje stałe.</p>\r\n\r\n<pre>\r\n\r\n&nbsp;</pre>\r\n\r\n<pre>\r\n<code>p = const</code></pre>\r\n\r\n<p>Prawo Charlesa:</p>\r\n\r\n<pre>\r\n\r\n&nbsp;</pre>\r\n\r\n<pre>\r\n<code>V₁ / T₁ = V₂ / T₂</code></pre>\r\n\r\n<p>Jeżeli temperatura wzrasta, objętość r&oacute;wnież wzrasta.</p>\r\n\r\n<h3>Przykład</h3>\r\n\r\n<p>Balon pozostawiony na słońcu zwiększa swoją objętość, ponieważ ogrzane powietrze rozszerza się.</p>\r\n\r\n<hr />\r\n<h1>4. Przemiana izochoryczna</h1>\r\n\r\n<p>W przemianie izochorycznej objętość pozostaje stała.</p>\r\n\r\n<pre>\r\n\r\n&nbsp;</pre>\r\n\r\n<pre>\r\n<code>V = const</code></pre>\r\n\r\n<p>Prawo Gay-Lussaca:</p>\r\n\r\n<pre>\r\n\r\n&nbsp;</pre>\r\n\r\n<pre>\r\n<code>p₁ / T₁ = p₂ / T₂</code></pre>\r\n\r\n<p>Jeżeli temperatura rośnie, rośnie także ciśnienie.</p>\r\n\r\n<h3>Przykład</h3>\r\n\r\n<p>Podgrzewanie zamkniętej puszki powoduje wzrost ciśnienia wewnątrz niej.</p>\r\n\r\n<hr />\r\n<h1>5. Przemiana adiabatyczna</h1>\r\n\r\n<p>W przemianie adiabatycznej nie zachodzi wymiana ciepła z otoczeniem.</p>\r\n\r\n<pre>\r\n\r\n&nbsp;</pre>\r\n\r\n<pre>\r\n<code>Q = 0</code></pre>\r\n\r\n<p>W praktyce występuje przy bardzo szybkim sprężaniu lub rozprężaniu gazu.</p>\r\n\r\n<h3>Przykład</h3>\r\n\r\n<p>Powietrze w pompce rowerowej nagrzewa się podczas szybkiego pompowania.</p>\r\n\r\n<hr />\r\n<h1>6. R&oacute;wnanie stanu gazu doskonałego</h1>\r\n\r\n<p>Zależność między ciśnieniem, objętością i temperaturą opisuje r&oacute;wnanie:</p>\r\n\r\n<pre>\r\n\r\n&nbsp;</pre>\r\n\r\n<pre>\r\n<code>p &middot; V = n &middot; R &middot; T</code></pre>\r\n\r\n<p>gdzie:</p>\r\n\r\n<ul>\r\n\t<li>p &ndash; ciśnienie,</li>\r\n\t<li>V &ndash; objętość,</li>\r\n\t<li>n &ndash; liczba moli gazu,</li>\r\n\t<li>R &ndash; uniwersalna stała gazowa,</li>\r\n\t<li>T &ndash; temperatura w kelwinach.</li>\r\n</ul>\r\n\r\n<hr />\r\n<h1>Ważna uwaga</h1>\r\n\r\n<p>W obliczeniach dotyczących przemian gazowych temperaturę należy podawać w <strong>kelwinach</strong>.</p>\r\n\r\n<p>Przeliczanie:</p>\r\n\r\n<pre>\r\n\r\n&nbsp;</pre>\r\n\r\n<pre>\r\n<code>T[K] = t[&deg;C] + 273</code></pre>\r\n\r\n<p>Przykład:</p>\r\n\r\n<pre>\r\n\r\n&nbsp;</pre>\r\n\r\n<pre>\r\n<code>20&deg;C = 293 K\r\n100&deg;C = 373 K</code></pre>	2	0
17	Ładunek elektryczny	<h1>Ładunek elektryczny</h1>\r\n\r\n<h2>1. Czym jest ładunek elektryczny?</h2>\r\n\r\n<p>Ładunek elektryczny jest jedną z podstawowych właściwości materii. To dzięki niemu występują zjawiska elektryczne, takie jak przyciąganie i odpychanie ciał czy przepływ prądu elektrycznego.</p>\r\n\r\n<p>Każde ciało może posiadać:</p>\r\n\r\n<ul>\r\n\t<li><strong>ładunek dodatni (+)</strong>,</li>\r\n\t<li><strong>ładunek ujemny (-)</strong>,</li>\r\n\t<li><strong>ładunek zerowy</strong> (ciało elektrycznie obojętne).</li>\r\n</ul>\r\n\r\n<p>Przykładowo protony mają ładunek dodatni, a elektrony mają ładunek ujemny.</p>\r\n\r\n<hr />\r\n<h2>2. Rodzaje oddziaływań elektrycznych</h2>\r\n\r\n<p>Ładunki oddziałują ze sobą według prostej zasady:</p>\r\n\r\n<h3>Ładunki jednoimienne</h3>\r\n\r\n<p>Przyciąganie nie zachodzi &ndash; ciała się odpychają.</p>\r\n\r\n<pre>\r\n\r\n&nbsp;</pre>\r\n\r\n<pre>\r\n<code>(+)     (+)\r\n &larr;     &rarr;</code></pre>\r\n\r\n<p>lub</p>\r\n\r\n<pre>\r\n\r\n&nbsp;</pre>\r\n\r\n<pre>\r\n<code>(-)     (-)\r\n &larr;     &rarr;</code></pre>\r\n\r\n<hr />\r\n<h3>Ładunki r&oacute;żnoimienne</h3>\r\n\r\n<p>Ciała przyciągają się.</p>\r\n\r\n<pre>\r\n\r\n&nbsp;</pre>\r\n\r\n<pre>\r\n<code>(+)  &rarr; &larr;  (-)</code></pre>\r\n\r\n<hr />\r\n<h2>3. Jednostka ładunku</h2>\r\n\r\n<p>Jednostką ładunku elektrycznego jest:</p>\r\n\r\n<pre>\r\n\r\n&nbsp;</pre>\r\n\r\n<pre>\r\n<code>kulomb (C)</code></pre>\r\n\r\n<p>oznaczany symbolem:</p>\r\n\r\n<pre>\r\n\r\n&nbsp;</pre>\r\n\r\n<pre>\r\n<code>C</code></pre>\r\n\r\n<hr />\r\n<h2>4. Ładunek elementarny</h2>\r\n\r\n<p>Najmniejszym występującym swobodnie ładunkiem jest ładunek elementarny.</p>\r\n\r\n<p>Wartość:</p>\r\n\r\n<pre>\r\n\r\n&nbsp;</pre>\r\n\r\n<pre>\r\n<code>e = 1,6 &middot; 10⁻&sup1;⁹ C</code></pre>\r\n\r\n<p>Ładunek:</p>\r\n\r\n<ul>\r\n\t<li>elektronu: <code>-e</code></li>\r\n\t<li>protonu: <code>+e</code></li>\r\n</ul>\r\n\r\n<hr />\r\n<h2>5. Zasada zachowania ładunku</h2>\r\n\r\n<p>Ładunek elektryczny nie może powstać ani zniknąć.</p>\r\n\r\n<p>Może jedynie zostać przeniesiony z jednego ciała na drugie.</p>\r\n\r\n<p>Przykład:</p>\r\n\r\n<p>Jeżeli podczas pocierania balonu elektrony przechodzą z włos&oacute;w na balon:</p>\r\n\r\n<ul>\r\n\t<li>włosy stają się dodatnio naładowane,</li>\r\n\t<li>balon staje się ujemnie naładowany.</li>\r\n</ul>\r\n\r\n<p>Suma ładunk&oacute;w pozostaje niezmieniona.</p>\r\n\r\n<hr />\r\n<h2>6. Elektryzowanie ciał</h2>\r\n\r\n<h3>Przez tarcie</h3>\r\n\r\n<p>Przykład:</p>\r\n\r\n<ul>\r\n\t<li>pocieranie balonu o sweter,</li>\r\n\t<li>pocieranie plastikowej linijki o włosy.</li>\r\n</ul>\r\n\r\n<hr />\r\n<h3>Przez dotyk</h3>\r\n\r\n<p>Naładowane ciało przekazuje część ładunku innemu ciału.</p>\r\n\r\n<hr />\r\n<h3>Przez indukcję</h3>\r\n\r\n<p>Naładowane ciało powoduje rozdzielenie ładunk&oacute;w w innym ciele bez bezpośredniego kontaktu.</p>\r\n\r\n<hr />\r\n<h2>7. Prawo Coulomba</h2>\r\n\r\n<p>Siła oddziaływania między dwoma ładunkami zależy od:</p>\r\n\r\n<ul>\r\n\t<li>wartości ładunk&oacute;w,</li>\r\n\t<li>odległości między nimi.</li>\r\n</ul>\r\n\r\n<p>Wz&oacute;r:</p>\r\n\r\n<pre>\r\n\r\n&nbsp;</pre>\r\n\r\n<pre>\r\n<code>F = k &middot; (q₁ &middot; q₂) / r&sup2;</code></pre>\r\n\r\n<p>gdzie:</p>\r\n\r\n<ul>\r\n\t<li>F &ndash; siła elektrostatyczna [N],</li>\r\n\t<li>q₁, q₂ &ndash; wartości ładunk&oacute;w [C],</li>\r\n\t<li>r &ndash; odległość między ładunkami [m],</li>\r\n\t<li>k &ndash; stała elektrostatyczna.</li>\r\n</ul>\r\n\r\n<p>Im większe ładunki, tym większa siła oddziaływania.</p>\r\n\r\n<p>Im większa odległość, tym mniejsza siła.</p>	3	0
18	Pole elektryczne	<h1>Pole elektryczne</h1>\r\n\r\n<h2>1. Czym jest pole elektryczne?</h2>\r\n\r\n<p>Pole elektryczne to obszar wok&oacute;ł naładowanego ciała, w kt&oacute;rym na inne ładunki elektryczne działa siła elektryczna.</p>\r\n\r\n<p>Można je por&oacute;wnać do niewidzialnego pola oddziaływania. Gdy w pobliżu naładowanego ciała znajdzie się inny ładunek, zostanie on przyciągnięty lub odepchnięty.</p>\r\n\r\n<p>Przykłady występowania pola elektrycznego:</p>\r\n\r\n<ul>\r\n\t<li>naelektryzowany balon przyciągający włosy,</li>\r\n\t<li>iskra podczas dotykania metalowego przedmiotu,</li>\r\n\t<li>działanie kondensator&oacute;w i urządzeń elektronicznych.</li>\r\n</ul>\r\n\r\n<hr />\r\n<h2>2. Ładunek elektryczny</h2>\r\n\r\n<p>Każde ciało może posiadać ładunek elektryczny.</p>\r\n\r\n<p>Wyr&oacute;żniamy dwa rodzaje ładunk&oacute;w:</p>\r\n\r\n<ul>\r\n\t<li>dodatni (+),</li>\r\n\t<li>ujemny (&minus;).</li>\r\n</ul>\r\n\r\n<h3>Zasada oddziaływania ładunk&oacute;w</h3>\r\n\r\n<pre>\r\n\r\n&nbsp;</pre>\r\n\r\n<pre>\r\n<code>Ładunki jednoimienne &rarr; odpychają się\r\nŁadunki r&oacute;żnoimienne &rarr; przyciągają się</code></pre>\r\n\r\n<p>Przykłady:</p>\r\n\r\n<pre>\r\n\r\n&nbsp;</pre>\r\n\r\n<pre>\r\n<code>+  +  &rarr; odpychanie\r\n&minus;  &minus;  &rarr; odpychanie\r\n+  &minus;  &rarr; przyciąganie</code></pre>\r\n\r\n<p>Jednostką ładunku jest:</p>\r\n\r\n<pre>\r\n\r\n&nbsp;</pre>\r\n\r\n<pre>\r\n<code>kulomb (C)</code></pre>\r\n\r\n<hr />\r\n<h2>3. Natężenie pola elektrycznego</h2>\r\n\r\n<p>Natężenie pola elektrycznego określa, jak silnie pole działa na umieszczony w nim ładunek.</p>\r\n\r\n<p>Wz&oacute;r:</p>\r\n\r\n<pre>\r\n\r\n&nbsp;</pre>\r\n\r\n<pre>\r\n<code>E = F / q</code></pre>\r\n\r\n<p>gdzie:</p>\r\n\r\n<ul>\r\n\t<li><strong>E</strong> &ndash; natężenie pola elektrycznego [N/C],</li>\r\n\t<li><strong>F</strong> &ndash; siła działająca na ładunek [N],</li>\r\n\t<li><strong>q</strong> &ndash; wartość ładunku [C].</li>\r\n</ul>\r\n\r\n<hr />\r\n<h3>Przykład</h3>\r\n\r\n<p>Na ładunek:</p>\r\n\r\n<pre>\r\n\r\n&nbsp;</pre>\r\n\r\n<pre>\r\n<code>q = 2 C</code></pre>\r\n\r\n<p>działa siła:</p>\r\n\r\n<pre>\r\n\r\n&nbsp;</pre>\r\n\r\n<pre>\r\n<code>F = 10 N</code></pre>\r\n\r\n<p>Obliczamy natężenie pola:</p>\r\n\r\n<pre>\r\n\r\n&nbsp;</pre>\r\n\r\n<pre>\r\n<code>E = F / q\r\nE = 10 / 2\r\nE = 5 N/C</code></pre>\r\n\r\n<p><strong>Odpowiedź:</strong> Natężenie pola wynosi <strong>5 N/C</strong>.</p>\r\n\r\n<hr />\r\n<h2>4. Linie pola elektrycznego</h2>\r\n\r\n<p>Pole elektryczne przedstawia się za pomocą linii pola.</p>\r\n\r\n<h3>Dla ładunku dodatniego</h3>\r\n\r\n<p>Linie wychodzą na zewnątrz:</p>\r\n\r\n<pre>\r\n\r\n&nbsp;</pre>\r\n\r\n<pre>\r\n<code>      &uarr;\r\n      |\r\n&larr;  (+)  &rarr;\r\n      |\r\n      &darr;</code></pre>\r\n\r\n<h3>Dla ładunku ujemnego</h3>\r\n\r\n<p>Linie są skierowane do środka:</p>\r\n\r\n<pre>\r\n\r\n&nbsp;</pre>\r\n\r\n<pre>\r\n<code>      &darr;\r\n      |\r\n&rarr;  (-)  &larr;\r\n      |\r\n      &uarr;</code></pre>\r\n\r\n<p>Im gęściej rozmieszczone linie pola, tym pole jest silniejsze.</p>\r\n\r\n<hr />\r\n<h2>5. Pole jednorodne</h2>\r\n\r\n<p>Pole jednorodne występuje wtedy, gdy natężenie pola jest takie samo w każdym punkcie.</p>\r\n\r\n<p>Przykład:</p>\r\n\r\n<p>Między dwiema r&oacute;wnoległymi płytami kondensatora.</p>\r\n\r\n<p>Schemat:</p>\r\n\r\n<pre>\r\n\r\n&nbsp;</pre>\r\n\r\n<pre>\r\n<code>+ + + + + + +\r\n\r\n&darr; &darr; &darr; &darr; &darr; &darr; &darr;\r\n\r\n- - - - - - -</code></pre>\r\n\r\n<p>Linie pola są r&oacute;wnoległe i jednakowo rozmieszczone.</p>\r\n\r\n<hr />\r\n<h2>6. Siła działająca na ładunek w polu elektrycznym</h2>\r\n\r\n<p>Jeżeli znamy natężenie pola i wartość ładunku, możemy obliczyć siłę działającą na ten ładunek.</p>\r\n\r\n<p>Wz&oacute;r:</p>\r\n\r\n<pre>\r\n\r\n&nbsp;</pre>\r\n\r\n<pre>\r\n<code>F = q &middot; E</code></pre>\r\n\r\n<hr />\r\n<h3>Przykład</h3>\r\n\r\n<p>Ładunek:</p>\r\n\r\n<pre>\r\n\r\n&nbsp;</pre>\r\n\r\n<pre>\r\n<code>q = 4 C</code></pre>\r\n\r\n<p>znajduje się w polu o natężeniu:</p>\r\n\r\n<pre>\r\n\r\n&nbsp;</pre>\r\n\r\n<pre>\r\n<code>E = 6 N/C</code></pre>\r\n\r\n<p>Obliczamy siłę:</p>\r\n\r\n<pre>\r\n\r\n&nbsp;</pre>\r\n\r\n<pre>\r\n<code>F = 4 &middot; 6\r\nF = 24 N</code></pre>\r\n\r\n<p><strong>Odpowiedź:</strong> Siła wynosi <strong>24 N</strong>.</p>	3	0
23	Wyrażenia algebraiczne	<p>Wyrażenia algebraiczne to zapisy matematyczne składające się z liczb, liter (zmiennych) oraz działań matematycznych. Pozwalają opisywać zależności między wielkościami bez podawania konkretnych wartości.</p>\r\n\r\n<p>Przykłady wyrażeń algebraicznych</p>\r\n\r\n<pre>\r\n<code>x + 5\r\n2a - 3\r\n4y + 7\r\n3(x + 2)</code></pre>\r\n\r\n<p>W wyrażeniu:</p>\r\n\r\n<pre>\r\n<code>4y + 7</code></pre>\r\n\r\n<ul>\r\n\t<li><code>x</code> jest zmienną,</li>\r\n\t<li><code>4</code> jest wsp&oacute;łczynnikiem liczbowym,</li>\r\n\t<li><code>7</code> jest wyrazem wolnym.</li>\r\n</ul>\r\n\r\n<hr />\r\n<h3>Redukcja wyraz&oacute;w podobnych</h3>\r\n\r\n<p>Wyrazy, kt&oacute;re posiadają taką samą zmienną, można zredukować dla uproszczenia wyrażenia.</p>\r\n\r\n<p>Przykład:</p>\r\n\r\n<p><code>3x + 5x = 8x</code></p>\r\n\r\n<p>Wyrażenie zostało zredukowane do wyrażenia <code>8x</code>, bo niezależnie jaka wartość się kryje za zmienną x, wynik i tak będzie taki sam.</p>\r\n\r\n<p>Kolejny przykład: &nbsp;</p>\r\n\r\n<pre>\r\n<code>2a + 7a - a = 8a</code></pre>\r\n\r\n<p>Redukcję można uprościć poprzez wykonanie kolejności działań. Wyrażenie <code>2a + 7a</code> po zredukowaniu daje <code>9a</code>, dalej <code>9a - a</code> daje <code>8a</code>, gdzie się zgadza z prawą stroną r&oacute;wnania.</p>\r\n\r\n<hr />\r\n<h3>Mnożenie wyrażeń algebraicznych</h3>\r\n\r\n<p>W przypadku mnożenia wyrażeń</p>\r\n\r\n<p>Przykład:</p>\r\n\r\n<pre>\r\n<code>3(x + 2)</code></pre>\r\n\r\n<p>Mnożymy 3 przez każdy składnik nawiasu: &nbsp;</p>\r\n\r\n<pre>\r\n<code>3 &middot; x + 3 &middot; 2\r\n\r\n= 3x + 6</code></pre>\r\n\r\n<hr />\r\n<h3>Potęgowanie wyrażeń</h3>\r\n\r\n<p>Przykład:</p>\r\n\r\n<pre>\r\n<code>(a + 3)&sup2;</code></pre>\r\n\r\n<p>można zastosować wz&oacute;r skr&oacute;conego mnożenia, kt&oacute;ry m&oacute;wi:</p>\r\n\r\n<p><img src="data:image/png;base64,iVBORw0KGgoAAAANSUhEUgAAAeUAAABhCAYAAADoZrkYAAAAAXNSR0IArs4c6QAAAARnQU1BAACxjwv8YQUAAAAJcEhZcwAAEnQAABJ0Ad5mH3gAABrmSURBVHhe7Z0LtFRVGce3j8qlGZVo9EDMfOAzi9IUU0RNExEfeFFEgQzJZxQo5qtsWSKWoYKKqaigiAq6FBXfz0ArX5mmUVYalZYPUMSUPJ3f5uxh32Hm3Jk558w5d+7/t9ZZd2bOzNx79+v79re//d+rBSFGCCGEELmzevRTCCGEEDkjoyyEEEIUBBllIYQQoiDIKAshhBAFQUZZCCGEKAgyykIIIURBkFEWQgghCoKMshBCCFEQZJSFEEKIgiCjLIQQQhQEGWUhhBCiIMgoCyGEEAVBRlkIIYQoCDLKQgghREGQURZCCCEKgoyyEEIIURBklIUQQoiCIKMshBBCFAQZZSGEEKIgyCgLIYQQBUFGWQghhCgIMspCCCFEQZBRFkIIIQqCjLIQQghREGSURWq89dZb5txzzzU77rijWXfddc2GG25o9tprL3PeeeeZ119/PXqXEEKIaqwWhESPhWiYhx9+2Bx77LFm7bXXNkOHDrVG+ZprrjH33nuvvf+FL3zBTJ482Rrp1VZbzb4mhBCiPTLKIjHPP/+8aWtrMxtttJH55S9/aT71qU/Z1//3v/+ZKVOmmFNPPdW8/fbbpkePHmbatGlm7733tvdF9tC9FyxYYC666CLz0EMPmTfeeMNsvPHGZocddjCHH3642Wmnncwaa6wRvVsIEQfRwEsuucTMmTPH/P73vzef+MQnzBZbbGEnGyNGjDCf/OQno3c2jsLXIhEM+tOnTzdLliwxP/jBD0oGGRjsjzrqKDN48GD7/F//+pc1DrxXZM/SpUvN97//fTNo0CCzzjrr2KWFo48+2hpmnKdddtnFfOc737HPhRDxEA3s27evmT17tjn00EPNBRdcYDbbbDNz1113mbFjx5rtt9/ezJs3z46JiWCmLESjvPLKK0E426IVBr179w7uvvvu6M5K7rjjjuCjH/2ofU/37t2DBx54ILojsuKDDz4ITj/9dFveM2bMsM8dL774YhAaZFsfXOEAE4QzgOiuEKKcP/zhD8E222wTDBw4MAgnF9GrQbB8+fLg/PPPL41vPXr0sONdEjRTFon4xz/+YULDbB8Txr7sssvMO++8Y587CJcS2ob//Oc/Zv78+faxyA7q4sYbbzQHHXSQXVrw1/E///nPmzPPPNMuJ8Ctt95qQmfKPhZCtCe0k02NBsooi0SwpsLl+MhHPmJWX719s+rWrZsNnzpouCJbHnzwQRN69zbZ7rvf/e4qg8RXvvIVs/POO9vHrPfffPPN5t1337XPhRAr+fe//20eeOAB87e//c1861vfMvfcc090ZwVrrbWWGTJkiAlny/Y5ORxPPvmkfdwIMsoiEb169bJrld/4xjfM8OHDzemnn24bqQ8JX1wON0MT2YFBBgwuXv6vf/1r+9zBANK7d+/omTHPPPOMnCUhKtDsaKCMskhMv379zJ133mmuvPJKs8kmm0SvruSll14y//znP+1jjMGXvvQl+1hkR8+ePaNHKzz5D33oQ9GzlfhhOGbSb775ZvRMCOFodjSwKUZ58eLF9hLFg5kUwh6sm2QB38ua5aJFi+zzgQMHlsKmIjtY5zr55JPNrrvuas455xy79akcP3rxsY99zHz84x+PngkhHM2OBmZqlBmQr7vuOrPVVluZiRMnas2qgMyYMcM2uvHjx5v3338/ejU9nn76aTNr1iz7mP1848aNK629iOzAyJ599tl2LYx1sPKZ8vLly82zzz4bPVsh7tK9e/fomRDCp5nRwMyMMgZ56tSpdh/kgAED7KBf7l2I/Bk9erSZMGGCufjii80xxxyTquNESJTv/vOf/2wH/UmTJpkvf/nL0V2RJwsXLjSPPPKIfYxXf+SRR8pZEqIB0o4GZqboNXfuXDNq1Cg7CCNU8JnPfCa6I9LgN7/5jY0+sL0FlZnf/e53dvaDt7beeuuZ66+/3my66abRu+NhhozqFiEanKezzjrLrLnmmtHdxvC/kxkyRp9Qqsgf2gmh7Z///Of2+Yknnmh+8pOfVFx3FsUkzf7fytx00012a+BnP/tZm4BFdOiDDz4wf//7380222xjI7lJVbieeuopuyWKyQdjHdHHRJMPjHLaPP7440H4xwXh7CgIp/zRqyJNEOkIZzYlAQj/2nfffYM333wzemdtvPTSS1ZQgu+88soro1cbA6GKyZMn2+9CWOSFF16I7ogiEHr1VuSAtnLUUUcFixcvju4I2u7zzz8fnHTSSUGfPn1KfSw0cFY44uqrrw6WLVsWvTs/0u7/rUo4GahYRlzHHXdc4rqk7wwZMsR+X1r2LnWj/Oqrrwa77767/SPPOOOM4L333ovuiKygIaDc5BrbKaec0k7BqVZCr9J+DwP2I488Er1aP27Q32effYJFixZFr4oi4BxmNyi9/fbb0R3x+uuvB6NHj65q7NxF254yZYpVcyoCafX/VobyuPTSS9vV4+WXXx7dbQxs24knnmi/iz6VllJhqkaZf3zChAn2j9xxxx2DhQsXRndElsydO7fU0Oics2bNiu7UB17jiBEj7Pc06m07g9zW1mYHOR/k6QYNGhTMnj07ekU0Ez8acu6558ph9sB5xImkbI488sjgqaeesuWD4UWWdPz48UG3bt1K/Yzr29/+diFmzWn1/1Zn0qRJpXLq1atX8Nhjj0V36gdbl1U0MFWj7PRB+UMnTpzY8t7akiVLCuEtn3baaaXGRgjlySefjO7Uz/33318KbV511VXRq7XhZmHVQqJPPPGEDQNW0scW2eLCbNQtM4Si9U0M4NKlS6NnzYXf7WbIZ555ZlVnhZmQizK4C33xvMsyzf6fNpQN42TeZYTzdMQRR5TKaeeddw5efvnl6G79ZBkNTC37OvwuqxyEMtCWW25p9t9//5Y+N5dju5Aq5AD/PGGfMSozDpRlNtxww+hZ/Xzta18zu+++u30cGmXz2muv2ccdERpcM2zYMPtZyoQtOeUgPRd2Tm29aTJkwbNvGelNEu5GjhzZrm+GRtrWXZ6nRaEp/PWvf91uLWk2nP7DyT/sEhkzZkzVhDcSFUmEDI139Iqx5cmRmHmRdv9PG85TJ8kXGdc8oW3/8Y9/jJ4Ze7pTo+OQS2LmlDWSuvwkZpS/sH0c7dgoqRnlcPpu08KBI6x8RaFWhExHNosz4OUJGYVk/Tm23XbbigaxVti2xiZ5uO+++2yn6ojQ4zTf+9737E8GqP79+9vzev2rT58+9hhBlHE22GCD6JMia8iCJ5v+t7/9rXWyyp1lnGmyR2nPKBXlBX9nOENtupYB/z/jFv2I/fQ4Bo899lh0d1W++c1vWmfcwedmzpzZTjiimaTd/9OGcsFxIEM8T9CtZnxysI+4kS26TD5OOukks99++9ldRb7SFyDJ+dxzzyWqg9SMMiLdzJLxPmjY2pPcHP70pz/ZPaeAB0+af9LtTHiAbvM7Hl+5zqsPniH7mzHGdD62ZqCzXH7RmFF1o7HmOfh3Jdy2NDx7ZsPO2fJBbJ+oD5Kba6+9dvRq14E26c+gaL84j6+++mr0SntwKMv3oLI9ye1RbTZZ9P9WBMfT1VGPHj3M1ltvbR/XQ7OigakYZWaLHPQMqJ34nqTIFgYEjCGwP3GLLbawj5NAo6VzA43sxRdftI8rwb5Id/hBLbAnUEY5e5gBXnrppTa8SvvAuy+PXnBhYFD9IuzZFfnvf/+7yhINRjquTX/xi1+MHq2Az+d1mEcW/b/VIAqEQXVwcES9If5mRgNTMcoM2kzZAeUmCYU0B0J9/noSQgLupJIkEOVwm98ZoPwGXc52221nvXWMQC3XDTfcIOWoJkComrA1AzYDSaXoBZebZZWH4boKHCJQvtSGgxI3hq277rrRoxUsXbrULFu2LHrWPLLq/60G0RA/xF+vjWp2NDAVo8wf6f5pVGQUum4OHCThnCEgJJPWehJ65c54cgxZXmtmojGIcNQze/NPjOpK0MZPOeWUUmQIA400cCV942oQLs4jZJxl/28lSB7861//Gj1bEemox0Y1OxqY2CgTGnAausTR0wif4HleccUVZs899zSf/vSnbWIKIXEy3ZxxwEvEK+nKMMvxGxvrwKz/Im1JeVFunPwzaNAg6zjVA+Ed53XjjeeZmdvVYC2Y5COSSagH6pEdDT/72c9KiVC8hzoh+lCJ888/f5UoRdy11157RZ/setBvHn/8cTsjIjJUnp1ejj87BfoJ41QtpFG3jiz7fytBrpNbgsNGEWYm8QtnjLKnnKg/Dm6plP3f7GhgYqPMdN4toOMtojHaKPxDpM7ToBDIpyDJFiVOz3cffvjh1otFy5SU9s997nPmggsuiD7d9cB7I/sSWAcmmYEGhI4xoSzKDe/5lltuMX379rWdlTKuBdan3LoIOrFcInt+9atfmd12280O2qwX7rHHHlabmnAbPw844ACbv8HAgkdOHSuKkRy2QdHeO5pBYTjLl3MwhrWEQ9Ou2yz7fyvhOySUE0aT2fK0adPsFtATTjjB1j3PWRtGNzxXwkpKxF/+8pcgbJR2Q3bYABpWNmHDPhv3Qw/DflforQahIYjuttcY9S82zucBG/TZqJ/X7w+96WDUqFGrlMeAAQOsdq+Dch0zZoy9R9nWqmv91ltvBYMHDy5977x586I7IgsQV0DUIxw0bHmHM9dV6tFJ+vkXgghFUJVKSjgwJho/msVzzz3XTkCE+kJIIo4s6jbr/p8WjBv87nqFiNLijTfesAIffhlRDqi2lduXAw880N6nnhBRyovERnnBggVBODu2/0z//v2D0HOL7tQODQfZP2eQq6mklHcI3j9jxozobnPJ2yhTzpS3KwsuZP/KpS3Br6PQC7eOVC0wULrvzqtT1QLav0jdbb/99k25hg8fnqrgP4P2zJkzS4M2vyP07qO7K3nllVeCfv36leqE60c/+lF0t3PTGYwy9YSutF/+KIHhwFYjq7ptRv9Pg7yNMu2JduXKCJvxwx/+sKKzE86gS+/L81CPxEbZFTpXo0YZT9M1WgwdjagS5d5hUv3SJORtlJ944olg4403LpVFnNwbmtM77LBD6b1z5syJ7sTjG+W8/s9amD59+iq6xFleu+22m9VDTgv/kAj6QZx28U9/+tPS39G9hXSOO4NRnj9/vh1zXPnXIrGYVd02o/+nQd5G2dcF54o7Fc2N6bwvT9uSeE3ZV2phjZctBvUQem0m9FxKmaIHHnigXVOpha68BcBPXgg7e2ltqhbitjj5dJbzWNnQH3q1dr2sGRdKZ7S9NCCD9owzzihldyLluPfee9vHHbH++uuXsoZFtqDFQDIWCUIQznjNhAkTYvtclnXbjP7fCjz66KPRI2PLk73GtWSoU8/lCX3NIrFRTrJpnsztKVOmlBpJ6J3YxK5q2rNkW/v7zULPuktuAcAwsOXFwfaNuC0clBsZ7Q4yDF2mZ6008hnRMddee6257bbb7GMyQ0kCqtamKX9/oAi9+poHYtE4ZEOz59vpGZM0dckll3ToEGVVt3n0/84ISch+mW6++eZ24lgNyonL4fbwN5tU9ik3Cv/07bffHj1b0bjiZmeIIDhPFSjkNPZE8zfQ0ZwySy3X8OHD7RYKRBoq3Y+7SMVP0iloOL40IOVGp68GHru2NBUPpBw5CMHBtgwn2lIJ6tCvd9p/vZGprGFGiVh/pXYfd9100012e8/BBx9c8X61q1+/fnY7U1ZgAJ0yGiCxOHXqVJtxHUeWdZtH/3flUKkO4i4ywAGnptL9uOvCCy+0n20UMtP9SRzbdeP6C5KzfCZ3wsJORFhwpXh9vZmgJHe5z3KNHTvWrhtXw1+ITzPmH3a4UpJZMy6yml977bXot9fPM888E2y22Wal76MO4mA9x//9HZWzI0ndio5hbc9vd7SLuKQhP2GnozXHvGBdszxhKcurZ8+emZaDn+8ydOjQIJwURHfiybJum9X/fXg/Z0r735PlRdmRNZ5kzOGIWFcHlCnry3GQN+P/DR2Va1bkNlMmtOCfxoKnxzpNnDKOvz6A8k5aoTv2PrM2HpZHzRfhI0JMYUVWvB93sU+OfYiNQrTAecqsJxHGrwa/jz2RPqg35aFAJFZCvTjZPgftPxxEomer4ovqd+vWze7VLxr0yfvvv79de6/lOuGEE2w7fuGFFyrer3YRim1ra4t+e7qwrIZmOHU0evRoM3ny5Jo0k/m7sqzbPPo/72cN3S/7Wq558+bZzxNRrHS/2sV4/Itf/CJRJPTZZ58t1QGRCsbravD7eL8De5REvzoJiY1yo2u6HHHlx/s7aogk8vhSZ7yXguuK+M4JiW5xAwWhK1+KjzKrNZHOR0Y8XagXX9SAekFdqBrlovpFOze31fAPIOAs6okTJ1bUB2fQJ1TNurMj67rNo/93Nlge9MuUfKU41TWkNP015DyTKBMbZV8zlwbAqSu1QCH4SWIdNUQavi+BxppOV9TYprH55dBRsg8NjdmHA6+6d+/e0bN4WDN38DuKWt6ccsTaYqV1qSyuESNGtEsIaQROFvKPByQBJc4p5fcV+dzcVgJDPHLkSDuoH3/88ebHP/5x1bI+55xzbNtDhtGRZd02s/93Zkhs81UIO+ovOFEcYepAGa38oJJmkdgoM1C7GSu6q3h9tUDj8hfVSWyIO8+VxuUKrTxkg7eKQ0DYo9WhfP3zjdmaE2csOdzehcUAjeM4j9GHpB1HkWfKhPNI9ql0cksWF4Mi7S0J1OEy72QhBu64cBm/0+kcEwbFi3d1Ql8iSUVym8mhzbO9iKW1sWPH2i1N1ZKDnIFEktY/OSrLum1m/+/MUE5+xjn2pZqeOXYDCVQH9mzfffdNpF+dhMRGmQbp1kcJMfsFUQ/MkuMaV7WQDY322GOPNQMGDLB7nrsacdnqlI1fbmR/Dhw4sGrj9OGz1KcjrX25WUAmfL05AUmuNPcpO2jTcSfL+PtSy8/NRev4q1/9aqZZyF0BQtBkCbMOevLJJ5tTTz01dkxyGdMc+lB+nKNPlnWbVf9vJTCyhK+rgdPDmr6D8D5Z9nmR2CgTe3drLXiHtRplwt7+wnvc0XEYB399wA/ZuI7RURinVcBrJ1JQC3R2d4IXXh+noMStbfkwQGHooKNGLeqH2YqLMAEDezUDgNfv6hFwCBjogSgRuRn+a6J+cLbY8sPeYowxCV7V9BKA9zOQE7ZmFuwb3Szrtln9v7ND1LVWe8AsmYgCULbHHXdcrD3KmsRGGQ/RNRjWiP11yDiI19cy0NP4r7nmGpvN6KCRukZO8hcdg9M+4rzaVgEvl1CMg05dCYzq5ZdfXtrXPXToUHvKVq1eMgaZtTUg/NYVHJ5mQmKjX49xMHPjuD8HUSK3PkYdkTWKd58ko78rwxhz0UUX2dkxoV4M8oc//GHbV6pdq6++utlnn33sEhx9wx97sqxbfncz+n9nByfE2RdC/9RxJViGopxwgPjM0UcfnfsxpomNMh6JC6Ewa3VhmI6gkWFIHZXCMxTkrFmzbEiJQnO438f9e++9187Wd9llF/taV4BkI9fgFixYsErHpFzw+nFmgMEDKdO4RIdycK7cuiniBF1hHaqZMIgju+hgRuS3cceDDz5ojYSfFOkv9VD/9DuOAVSGfGOgulU+xtRDeQg567ptRv/v7OB8YBMwtJTh/PnzozsrwXFhm5dTXcNxGTNmTGyEpBkkNsqAGhb/PDz99NP2Z0dQaHhuLu387rvvbrflifWQ8847z+4h3mqrrUz//v2jOyuzgglpY7RptHHZja0GmeeHHHKIfTx37lzbuR2UGxq9eP0MBBxwjhpRvTNdskGdg9WREo5oDNb33NoVGeQkkTnw7gml0keIRiHR6HCJPyQI4eUzSLMPVtQPWdJnn312w3LBhKmJJJWTZd02o/+3AnvuuaetB7juuuvaZVcTCURtjDOmsV3sQ8dAF8JxCb2qxPhnKofGs66TosIG2+4UlZEjRwahIbYnoISFFRx//PH2lJNwJl16Hyo+I0aMCHr37l31KLSsyfuUqMWLFwfDhg2z5dGtWzerGES5+WUUev9B2DGjT9QOx825M1ipkzzPFm11OBWJYyf9euTEpG233da+1tbWFixcuDAIB+kg9PxL7zvssMPsyT+0QY6u7OzkdUoUYwvlSLk2clH+jAWVyLJus+z/aZL3KVGUbegc2b/B2RcuyofXsCGh82OPDy4KqRjl999/PzjmmGPsP9mrAflLDpseN25csOmmm5YKD0k7GuTy5cujdwX28G7kHrmPweZA70cffTS621zyNsqABB1yfLvuuqstDzpn3759g9DzD15++eXoXfWDU4VzRV0gmbiog+PpRDKWLFliB9DtttvOljn1yFF8N954YzuZQddP3IBCXSMDiRPV2ekMRzc2QpZ1m1X/T5O8jTJQB5MnTw769Olj/xbsxx577GHllZPIHWdFKkYZfK3XiRMnRq+2LkUwylnh6/DSwVth0BfFplWNclenCEa5s5HKmjKQ2MAFaN/6e1xbERIv1lhjjZZLrgnbhM0GJQuVtWSSRLpKxqbID5Jr6Etqa60FYyRbZvkpamM1LHP0ODGIjrPHCziKjQSsVoVkDDLGyYLMc09b2rCFYvDgwXbf3vjx421WqrJ6RdaQvEnbY/uPBvDWgcQzEnJJ6I0TWBErSW2mDGS6MVsm62/69Om2QloVBg6yIlvJIAOzZAwy6j9kh8ogi2ZAP6I/ySC3Fmzv2mmnnWSQ6yBVo8ze43HjxllVlDlz5titAKLzgEzptGnT7BaBrqT+I4QQRSFVowzMlEeNGmVny+wzTircL5oDAgRTp061oSZ0xLuS+o8QQhSF1I0yAzmz5SFDhlhBkEmTJtnkIVFskPsjJ4AQItq/XUn9RwghikKqiV4+6LYOGzbMzrxQpmlra4vuiKJBHVFXNIULL7ywpRP0hBCiyGRmlAHDPHLkSCuqPnPmTHsYuCgWznlCblAGWQgh8iX18LVPz549zQ033GD3us6ePdvqjYpigXYuiV1o8cogCyFEvmQ6UxZCCCFE7WQ6UxZCCCFE7cgoCyGEEAVBRlkIIYQoCDLKQgghREGQURZCCCEKgoyyEEIIURBklIUQQoiCIKMshBBCFAQZZSGEEKIgyCgLIYQQBUFGWQghhCgIMspCCCFEQZBRFkIIIQqCjLIQQghREGSUhRBCiIIgoyyEEEIUBBllIYQQoiDIKAshhBCFwJj/A8AmD4jushf8AAAAAElFTkSuQmCC" style="height:40px; width:200px" /></p>\r\n\r\n<p>czyli:</p>\r\n\r\n<pre>\r\n<code>(a + 3)&sup2; = a&sup2; + 6a + 9</code></pre>\r\n\r\n<hr />\r\n<h3>R&oacute;żnica kwadrat&oacute;w</h3>\r\n\r\n<p>W zadaniach z r&oacute;żnicą kwadrat&oacute;w, często stosuje sie ten wz&oacute;r:</p>\r\n\r\n<p><img src="data:image/png;base64,iVBORw0KGgoAAAANSUhEUgAAAecAAABiCAYAAABqBxuLAAAAAXNSR0IArs4c6QAAAARnQU1BAACxjwv8YQUAAAAJcEhZcwAAEnQAABJ0Ad5mH3gAABtTSURBVHhe7Z0J0BTF+YfbP6YSFWOMt4hEjYooUbwLUZDDk4igRkGSEuQQD2JE1DJYXgRUgkfUYKloUYp4AhbEz0g8o3jilSiKCV4hikFFFI0Rnf88zfTS37K73+w13+zu76maYmdnZz+2u6ff9+1+j3WCECOEEEKI1PB/0b9CCCGESAkSzkIIIUTKkHAWQgghUoaEsxBCCJEyJJyFEEKIlCHhLIQQQqQMCWchhBAiZUg4CyGEEClDwlkIIYRIGRLOQgghRMqQcBZCCCFShoSzEEIIkTIknIUQQoiUIeEshBBCpAwJZyGEECJlSDgLIYQQKUPCWQghhEgZEs5CCCFEypBwFkIIIVKGhLMQQgiRMiSchRBCiJQh4SyEEEKkDAlnIYQQImVIOAshhBApQ8JZCCGESBkSzkIIIUTKkHAWQgghUkbdCOf//ve/5tZbbzW9e/c2P/rRj8xWW21lDjzwQHPxxRebd999N/qUqCRBEJj58+ebwYMHm2233dZsuOGGZvfddzcjRowwf/3rX823334bfVIIIUQxrBNOsEH0umZZtGiRGTlypPnwww+toPjJT35i7r//ftPU1GS++OILs+WWW5pLLrnEDB061LRp0ya6S5TDypUrzbhx48ztt99uBgwYYHr27GkWLFhg7rzzTvP+++/bzwwbNsxcccUVZuONN7bnQgghYoJwrmU++uijoFevXsF+++0XLFy4MHo3CL777rtg1qxZQSiYUT6Ctm3bBlOmTImuinKgbS+44IJg0003DULhbM8dixcvDg466CDb5hwDBw4MPv/88+iqEEKIONT8svacOXPMs88+a8aMGWM6duwYvWvMOuusY/r162eGDx9uz7Ggp06dqiXuCvDGG2+Ye++91xxzzDHmF7/4hW1rx3bbbWe3ElitAPpn3rx59rUQQoh41LRw/vLLL81DDz1kBS/CmT3nUOGIrq4W0Cy57rDDDvb8hRdeMI8//rh9LUqHNly4cKGZPn26+fWvf21WrFgRXVnN3nvvbbp162Zf0zezZ8+2PgFCCCHiUdPC+fPPPzfvvPOOfc0+580332z+85//2HNH+/btTYcOHaIzY5588kmzatWq6EyUAoIZELy33Xabee655+y5o23bts1WMf72t79ZfwAhhBDxqGnhvN5665nNN988OjPmBz/4wVoOX9///vfNj3/84+jMmE8//VRWXJmg8Dho8+9973vR2Rq22GKL6JWxlvXy5cujs8aD1ZxPPvnEKjMifXz22Wf2SALmHgwIRTKkD/qEvkmLfKhp4fzDH/7QTJw40fTv398eEyZMMJtsskl0dTVMjP6DgOcwAkWUDqFS5513nunevbu5/PLLTdeuXaMra/DbnH4ivK0R+eabb8zkyZPNz372s7W2XUTrwyoac8g222xjrr/++qr2D1ElvXr1shEl7733XvSuSAtLly61PjR77rmnefHFF6N3W5FwMNY1b7/9dtClS5eM9/C1114bXRHVIhRIwfDhwzNtfuyxxzakx/b//ve/4Nxzzw1ChTC4+OKL7blIH/TL2LFjbUTHRRdd1Cz6oFKEk33QuXPnYN999w1effXV6F2RNkKlyUabtG/fPnjssceid1uHuhfOU6dOzQiJHj16BEuWLImuiGrx+uuvB7vssottc0LZmpqaoiuNAxP8ddddZyf8ESNGBJ999ll0RVSKmTNnBoMGDbKCdciQIVbw7b333nbM9enTJ/j444+jT7YM/XP88cdXJeTSTfg77LBD8Oc//zl6V1QK+o7+P/PMM4OzzjorOOSQQ+xY6NSpk+1Pwj2LYcGCBXb+4njllVeid5OnroXz+++/H3Tr1i0jJObMmRNdaUwqPYhzgdU8ZsyYjELExNmIFiNjjTEnS6l6IETdOMs+Tj/99OCrr76KPhkPNynTb48++mj0bnn4Ql+rJ9Vh6dKlQdeuXXOOgw4dOgTPPvts9Ml4+Io1OTTIpdEa1K1wdktVdBAPGxZ0NZaraolKD+JcOKHEdzaqxUgyHJYwSdJy4403Nvy4qza0L+3sj2ee92Lhe6655hp7/x577BEsWrQoulIafB/Jevg+FGGt2lWfDz74IOjevXtmHLBayrxXLMxbAwYMsN8xdOjQohW9SlCXwpmHwmk+CIoZM2ZogsyiUoPYx1kefB+WyxdffBFdaRxQCkeOHGnboF+/fkUtrYrSufrqqzNjuRxF02Uc5HtGjRplV4JKZf78+fb/whx01113Re+KaoICxNaGGwulrKA4WD2h75Aj9913X/RuctR8hrBc/OlPfzLjx4+3IT/kej7hhBOaZbESxoTKis2P7dhtt92sV3WpEGf+m9/8xv47adIkc+WVV5oNNtgguto4PPXUUzave/hQm0GDBjUL4xPVgdAX37uW537rrbeOzopjs802M7/85S9trP4999xj+7MU+D+F1rzNSLjffvvZgjz1DL83DSFIb731Vib3Bey8884lR+fsv//+5rDDDrMhkHjyh4p2dCUZ6k4485Cec845tkpSqK3acB+xNpUcxMQxjx071oaKXHPNNTZbW67Y53qHyYlEOCRc2Wuvvep+Qk4L5C5g7Dl22mkns+mmm0ZnxXP44YfbLHfLli0zt9xyS0lCh2ptc+fOtf8PwnPqWUkjU+NJJ51kjjvuuMTixfNBwiP6DVCQu3TpYl+XAvMhihp9+Mgjj1ijL0nqSjgjmIkhRPvFYu7cuXN0ZXU2KypXYdGJyg1iBDNxz6T0nDJlihkyZEizVQrymdMnTKD1zjPPPGMefvhh+xqlUFZzMmCdukpowFguJ5cBiY1c+ln68+WXX7av44IwJ3Mez9dPf/pTa4HVM6zCkdcAId2a2Rf526+++mp0Zmzb+9khS4ESuOQoAGRKksmU6kY4u2VVCi/MmDHD/uuDEEF4r7/++tE7jUulBjEJNtg+IGf5tGnTzNFHH91MMAdBYCc2/h6Z2uoZfivL2VjNtKVWbJKDMbZkyRL7GkWTLZpyOfLII027du3s91LkpRgoDEM9c8ACL3WJXRQHWfhee+216Gz1vFbOCgqQ1MqtgNGnzHVJURfCGcGMdUZHsAyV62HggWEZN1toNyKVGMQI5t/+9rd26Q7r+JBDDomurIFUeH//+99tKs96V4rI+ETedmDFhm0CUX1Q/Pz9Zmq5s6VVLjvuuGOmD59++mnz0Ucf2ddx+Mtf/mL++c9/2mfqwAMPVEbChFi8eHGzqoOdOnWqSNuTAZG+ZPX1wQcfjN6tPjUvnN1+5xNPPGEF8FFHHWUdMPxjn332MSeeeKJ1ePJzcTcq5Q5irEScXVjGZsCyx5/d5hwsDT722GNm++23j+6sXygGwvgDlsHKca4T8WGPE0HooAJdJSxVtiR4LoD9bFfspSV4HihhC2yv+VtrorrQT24FBWGK30clQFFD6YOXXnopMcewmhbOTjDg+AWvv/66rZCUfbAUwXIj1lsjehBnU+4gZgmb5Wzan1WLXG3OgdMZkM+83sGrl/bAy5dJXdEBycCKhe/YyB5hJawl+m/XXXe1r9k7ZjzH4d///ndGSSNft18ARlQPDIbnn38+Olu9GugEarlQF8CVHUYR9JXBalLTwplQoGKcNRDMG220UXTWmFRiEKM9FlMCst4nKJxE3NIqe1Ro2uXC2GaLpk+fPmarrbaywoL9y9tvvz1TVATHo9b2jm1tcGxkJQicosmq0Pnnn59Rkmi/oUOHFl1sYpdddrHfCa+88kosr218OdjKAZbFy93O4XllC+rUU0+1ykKu38NncLhkq6lRYasO48yBMKXv5syZY/0HELC5nqE40IfumWZsuf6tNq0qnMudgJj08ZBlcMY5+Gyja7KVGMSES+Vq33zHoYceGt1ZnyCcP/jgA/uaVYJyVgpor9mzZ9v2P/nkk63gwdHurLPOMuuuu64N7TjllFOskxIhQ1hnf/jDH6K7Gw/fsRFnMGKTsZ6pAIaX9OjRo+1WFudstdx9993Rp1uGOYnvhH/84x+xFCG3WgQ8V+VY8UuXLjXDhw+3vwPvb+K32cLjeZo5c6bdNuK5/dWvfmWX4XFC/Ne//hXd3Vjw/Pm/nTmsX79+dpuTfuNZOvbYY20/8gwdc8wxdi6Mi69wo6glQjgZJA7ZumbNmhV07NjRZnHZfvvtg3DCsfmewwfIvjds2LAgfNBsdRAytJBWT5RPaGkE4aSeyaAzePBgmx2M1wcccIDtA6pIbbTRRvY9Zblqmaeffjpo166dba+ePXsGy5Yti64UB9nFyL/MeOe7yIMeTjjR1TV5mrnmH+PGjYs+0ViE1mJwxBFHNGsL2i6ciNdqN5eKMRS2sfNmf/jhh5n5iKIVL730UnQlN2QT86uxTZs2LbpSPKHSYfOyu78dKmPBqlWroqvN0+S6Y7fddgvefPPN6BPJQcU55oxyxn65ICv8tuBAvpDZy2835E6oNNnrJ510UuzsYQ8++GDme5Oqspe4cNYE1LpUexAnAQ8GebuZvJI4yEdOe+TDb9PQiimprXguJk2alHkuEDqkIszGr/jFwecrUbCkFkEQIZD8trjwwgtztr/fR3379g2WL18eXcmPEzrcw7PQUglBX1mI8/l88LtcDnwEcK66AJyff/75md/EUWwlrkqRBuGMfPDbguf2xRdfjK6uwe8jxkvctJwoZihJ3JfU70xUOGsCan2qPYiTgPzHhx12WLPfUc2DVYSrrroq+utrQ41w99lShbNvCTEJYI3nIts6KyePdK0zd+7cTDtwFCq04k+ucdvMF84cLVnCvqVdqnDONk7OOOOMvOPJX7HhKCePdDm0tnBesWJF0L9//0w70M+FSnOOHj0681ny4PtGST788ZPUCkWie85hg5nJkydbr9bwh5oLLrggZ9gD6/suQw9Uysmm0QkfombxzfTBpZdemjM7GHvPOIsB/fXQQw8V5URRTQhRaWpqsvuzSRzsKZ955pnRX18b2tVBjG2x+4xvv/22CS2+jJPdgAEDYnvQE7dfKa/UWgMfEgchSyQhihPChlOP86guRKiUFhWWFQpGExog9jV71exZFwNjjfBEF32CQxppMeOOp3Izo9Uq7Df7e/3ktMePKQ7cFyfrF30ZKlzRWTIkJpw1AbU+SQziRqQYz/VsSKJBUn3n7U12MRzA8uUmDy2rZqEc5RYsqVVQGH0Bi2c0znH5oN04HP5zEJeW7uH5IO9CqeBodNNNN0VnxvTo0SMTa50LPySScVOJzGi1CE6TLpwOAYrjHw5hucDB2J/HSC5TbNwyz7tzAK0miQjnep2AmCDQ1hkM1TyOP/54m22rXJIexKJlmPAfeOCB6Gx1aFuhVSLiyv0EMuUULMmGhDEIhOzxV+njjjvuiP5i6SxbtqzZHIGVWSiHAc8P96QVrOZ77rkn85uw2mmrfH3L5wlpdJRTicuH8YXhlN1nhY6DDz7YZsdbsGCBzRSY6zP5DuQAhls50A7MxYCFy4pgPpjX0jwOmhF2ctXJ3kOmXir7hvnw1/c52NNLIzhfuH3Zah7sC7/22mvRXy2dCRMmZL6zc+fOwcKFC6Mra5PtCZvUPkst4u9hFeu4iA+Gu5djzJgxBWsI+45Nld5vDoVmxku/Wgf+C+PHjy+rTjLMmzcv47vC/i77z4XI9rWIO6cU07fl7EuGSnOzOsR8D9+Xj+zns1L7zaH13myurvaBM+ozzzwT/fXiWblyZbM9+pY8qbOdCLt16xaECkl0NT+V8CcolkQsZ0pt+env9thjj4KxoMSiOQ0SKzsUTvZ12iC2kN8WtmNVD9IBFlreigMVY/z4vJaWAbGU/aQN7EGraEhlQdt3qR6B1QzGOvHM+fD3WStlLTkGDhxoV0tyjcFKHezPk5O90G+MA74Tca2lbF8L2jltaXz99K/ASkChOgDE9DJPOiq1gkLqWfIg5Oq7fAftGwpF07NnT2uV5vpMvoPfjQVdKozXYlZQWKnyk4gwr2244YbRWbqounBO2wTUqNTzIG5tSt1y8VM9AtnrSCySD/rQV3LLrVtcq7A06bbIAAW+kPNVtq9FqTmvW1IoUF7XW2+96Kw4XPpXB8K20PPJuHE1rHE+K6ducS1Dv/pbdWyB5tuqA1+2QCl58BkH5SqXcai6cNYElA5aYxBXCyaxJPb63XHAAQfYrF358LPOsbcZ16sdoeE7k1EgpFBFpezVjEb1ziWzoJ8NqqWx6afUBFbuUPpbItvvoqWKdsxtTqBiTfr3FoK/4/cr+830bSEB4K+C4aeAgtKI4H/h9pBbUrroD1+pQ6mhalihedCBHxTjDpg/+VvVpurCWRNQOkhqECcBISvkVM4utFGtgyVRp9jkwhcM/N/i5jjOdk7BWiq0deCvZtAnKFgOFBbSEbJUWO/gYOomSqDd8o1N2gOr1MHE2rdvXysAW4K/w3YQ8Pk2bdrY1/lAmDrhzP+PsRAH/+9AS6Gj2cv0CGdnwKAYoiAythoB3zue1ZNC2xU8w2+++WZ0Zmy0UNwtU/rH9Sf9nMRcWHXhrAkoHSQ1iJMA5YKauW7fqtoHykqhOGe2Xdxkz/j8+uuv7etiaSlG2l/NILTQKbk8Y6eddprNjV6u52utgVAqZDUiqPziOIzlXr16RWeFoR9d/mX6pZCPBrCk7Swq5rxicjf78Hw6YZuL7GV6/FHcuMFrmvNrr73WnjcS9E+hrQAMDre1R/vilY7fUBz8UDzuiXtfOSTiEOajCaj1qeYgbkRoI7e0jVUT13LmHt+RqVBRluzVDO5zvhiffvqp3X/036tnUO7j/k6sZkrGAsr+6aefHrv4DcLZKbXcW2hfG/h/+d9Nv8QBxc7/PXwPS+T58JfpGXt+vghWlCBuDolap6WtBgf96G9NoaDhxBYXDENnZLY0f1aKqgtnTUDpIKlB3IgwHt24Zlsmbkw6+55x9gqx3qdPn26eeOKJ6J3V/emUXHw08NylelEhxbdeQJi5dmMZl/bJBZbr1KlT7cTKPaNGjSqqQhpVoZz125I168DR0uFbty0RV5gSh+xbxSgNzqLHgMG46dixY0G/nnqiXbt2GflSyNeD7JSPPvqofc0qIBEDxfjQ+J7xbM0m8ZxVXThrAkoHSQ3iRoT2calO8a9gUo8DqxGMZwdJHLLhuSCd4/jx462Qcbg9Sa4//PDDdjn1oIMOsu/VO+z38VsRuCjt8+fPj66sgdWLyy67zIY6Atnw2JrIl/goFzizulrRcR0iEc5OiCNI4+797rPPPhnBjn8I92bDuOI3+HMk21PsUQMrihg3ODAitBsBBKULM2UfPlfmLtqE7JQ8P8yBpCwuxlufZ8wJZ/qWcq5JUHXhrAkoHSQxiBsVlEUmV0BY+J7BhUDIUFvWtfG8efOaRSowsV955ZW2fjOF9okjdTgFgD7j2endu3fDWEtA2tmf//zn9vWdd97ZrM3ZWqD+9aRJk6wAHzlypBXUxSqZrlY030EfxQmfoQ+cosaE7qcMLQTWrluhYkuJbGHMew6e2RNOOMEqItRvdgoAq404n6GM3HjjjTa3N1m3kgj1SQP06amnnmqVEXwLWClxxgfth6ExePBg+1zRxn/84x9jpyx20IdOSWMFxRk5VSf8AVUnbBibkYo/F2qHNmOYg6w2v//9721mIjKHUdmEz3FcccUV9jMvvPCCzZhTqEKLaJmmpqZM5aPQIs5UY6H83COPPJLJDETWHqq6ZJepE/nxKwQVW5mKbEOu7emfIUOG2PrmoUJls2Ax7slQFCq2mc+1b9/elvKkr/bdd19b/7fReO+99+yc4bcbB23jxjHlFqmGVyyhgM9UpGLuYg6LA5nPXNWwUIAWlUkqVIptpi/u5XD11Q899FA7Drp06WKrl4VKWzB27NjM52gDqjJtvPHGthxvKb+3HFxbMXcva4WqVMxTU6ZMyWS3o93I7Na9e3fbbhwDBw4M3nrrreiO4vAzvyVZPjcR4QyagFqfag/iRibUroPQkrPtuueeewbvvvtudCUe1DQ/++yzgx133DHzjAwaNMgqSU6JgjfeeMMKf67TX0ceeWRZ6Q9rnRUrVgTXXXddsNdee2XarXfv3nacl1Pb2E/zyDOBAIrLzJkzbd9wrzMw4kJfz5492wpc95zy2yZOnGjnRwcC4uabb878buZR0qIi4JOmtYUzMLdhxLlngzbp1KlTMGrUKJvi1n+GioVSoXwffcq4SorEhDNoAmp9qjmIGx0/TzYTtKhdXA5zrN/p06dH78bjHS9Pdt++fYPly5dHV+qTNAjnauGvhGAgLlq0KLpSfRIVzkLUM4sXL7ZWMw/ysGHDyi7uIFoHrNITTzzR9mOPHj2CJUuWRFfigQJ82WWX2fvZ6mDLo55ZGRWf6NOnT1mrFWnEL9p07rnnJvpMJx7nLES9Qlw+cfiAR62ftlbUDsQKk8yjbdu2tlxrsaGbOPr169fPOpFRb/nee++NrtQnxGVPnDjROi8WKmhUi7iiTaGAth7/STraSTgLUSGYlIcMGWJC69nG5ONFLWqLVatW2X4jnImQpP79+0dXioNMiKH1bV8TnuiKVNQrhL22lK+/1iB/+/33329f4ynvol2SQsJZiArCJDV69Ghrdc2YMaNZ6kiRfp5//nlr6W5ZZDaxbBBSQ4cOtUl8CPOaMmWKDe0RtQF9Rd4NVlAI30XpTjo8TcJZiArDUigxq8Srks0pbiIK0boQ309/YTUTf15MNrFckJdh3LhxVtATi50rWYpIJ2xtTJs2zfbd2LFjY1UxqzQSzkJUGJKSXHLJJVbjvvvuu7W8XQNgKTEZz5kzxxxxxBFFZxPLR/fu3a2ARvCT4CdualfRepDCeMKECTZLW7EpXysKXmFCiMrjYvY7dOgQPPXUU9G7Io2Q3IPQQmL/K51PgaQgLmnIiBEjgq+//jq6ItKG6ytCeAkvJX9Ba9HmopDVYloIUUlI9de1a1fT1NRk5s6daw4++OBYxRNEspACFQuJ/PPsDbt0qpWCOtA9evSwqTVvueUWm2qT83pynqoHQnlobrjhBjN58mTrzFdKytdKomVtIapIly5drMcn+ZZnzpxpJ2iRHuiPWbNmmd13393ccccdVcslzxL57373O5vv+7nnnsuUdhTpgWVs6sSfffbZNiysNQUzrIP5HL0WQgghRAqQ5SyEEEKkDAlnIYQQImVIOAshhBApQ8JZCCGESBkSzkIIIUTKkHAWQgghUoaEsxBCCJEyJJyFEEKIlCHhLIQQQqQMCWchhBAiZUg4CyGEEClDwlkIIYRIGRLOQgghRMqQcBZCCCFShoSzEEIIkTIknIUQQoiUIeEshBBCpAwJZyGEECJlSDgLIYQQqcKY/wdiO41ibrCmXwAAAABJRU5ErkJggg==" style="height:40px; width:200px" /></p>\r\n\r\n<p>Przykład:</p>\r\n\r\n<pre>\r\n<code>x&sup2; - 25</code></pre>\r\n\r\n<p>możemy zapisać jako: &nbsp;</p>\r\n\r\n<pre>\r\n<code>x&sup2; - 25 = (x - 5)(x + 5)</code></pre>\r\n\r\n<hr />\r\n<h3>Wartość liczbowa wyrażenia</h3>\r\n\r\n<p>W przypadku, gdy podana jest wartość zmiennej, wystarczy zamienić zmienną na przypisaną do niej liczbę i rozwiązać wyrażenie.</p>\r\n\r\n<p>Przykład:</p>\r\n\r\n<p>Mamy takie wyrazenie:</p>\r\n\r\n<pre>\r\n<code>2x + 3</code></pre>\r\n\r\n<p>,dla kt&oacute;rego: &nbsp;</p>\r\n\r\n<pre>\r\n<code>x = 4</code></pre>\r\n\r\n<p>po przestawieniu 4 na miejsce x, otrzymujemy: &nbsp;</p>\r\n\r\n<pre>\r\n<code>2 &middot; 4 + 3 = 8 + 3 = 11</code></pre>	5	0
26	Ciągi liczbowe	<p>Ciąg liczbowy to uporządkowany zbi&oacute;r liczb, w kt&oacute;rym każdej liczbie przypisany jest numer (indeks).</p>\r\n\r\n<p>Przykłady ciąg&oacute;w:</p>\r\n\r\n<pre>\r\n\r\n&nbsp;</pre>\r\n\r\n<pre>\r\n<code>1, 2, 3, 4, 5, ...</code></pre>\r\n\r\n<pre>\r\n\r\n&nbsp;</pre>\r\n\r\n<pre>\r\n<code>2, 4, 6, 8, 10, ...</code></pre>\r\n\r\n<pre>\r\n\r\n&nbsp;</pre>\r\n\r\n<pre>\r\n<code>1, 3, 9, 27, 81, ...</code></pre>\r\n\r\n<p>Poszczeg&oacute;lne elementy ciągu oznaczamy:</p>\r\n\r\n<pre>\r\n\r\n&nbsp;</pre>\r\n\r\n<pre>\r\n<code>a₁, a₂, a₃, a₄, ...</code></pre>\r\n\r\n<p>gdzie:</p>\r\n\r\n<ul>\r\n\t<li>a₁ &ndash; pierwszy wyraz ciągu,</li>\r\n\t<li>a₂ &ndash; drugi wyraz ciągu,</li>\r\n\t<li>a₃ &ndash; trzeci wyraz ciągu itd.</li>\r\n</ul>\r\n\r\n<hr />\r\n<h2>Ciąg arytmetyczny</h2>\r\n\r\n<p>Ciąg arytmetyczny to taki ciąg, w kt&oacute;rym r&oacute;żnica pomiędzy kolejnymi wyrazami jest stała.</p>\r\n\r\n<p>Przykład:</p>\r\n\r\n<pre>\r\n\r\n&nbsp;</pre>\r\n\r\n<pre>\r\n<code>2, 5, 8, 11, 14, ...</code></pre>\r\n\r\n<p>R&oacute;żnica wynosi:</p>\r\n\r\n<pre>\r\n\r\n&nbsp;</pre>\r\n\r\n<pre>\r\n<code>5 - 2 = 3\r\n8 - 5 = 3\r\n11 - 8 = 3</code></pre>\r\n\r\n<p>Stałą r&oacute;żnicę oznaczamy literą <strong>r</strong>.</p>\r\n\r\n<h3>Wz&oacute;r na n-ty wyraz ciągu arytmetycznego</h3>\r\n\r\n<p>gdzie:</p>\r\n\r\n<ul>\r\n\t<li>ana_nan​ &ndash; n-ty wyraz,</li>\r\n\t<li>a1a_1a1​ &ndash; pierwszy wyraz,</li>\r\n\t<li>rrr &ndash; r&oacute;żnica ciągu,</li>\r\n\t<li>nnn &ndash; numer wyrazu.</li>\r\n</ul>\r\n\r\n<h3>Przykład</h3>\r\n\r\n<p>Dany jest ciąg:</p>\r\n\r\n<pre>\r\n\r\n&nbsp;</pre>\r\n\r\n<pre>\r\n<code>3, 7, 11, 15, ...</code></pre>\r\n\r\n<p>Oblicz 10. wyraz.</p>\r\n\r\n<pre>\r\n\r\n&nbsp;</pre>\r\n\r\n<pre>\r\n<code>a₁ = 3\r\nr = 4\r\nn = 10</code></pre>\r\n\r\n<pre>\r\n\r\n&nbsp;</pre>\r\n\r\n<pre>\r\n<code>a₁₀ = 3 + (10 - 1) &middot; 4\r\na₁₀ = 39</code></pre>\r\n\r\n<hr />\r\n<h2>Ciąg geometryczny</h2>\r\n\r\n<p>Ciąg geometryczny to taki ciąg, w kt&oacute;rym iloraz kolejnych wyraz&oacute;w jest stały.</p>\r\n\r\n<p>Przykład:</p>\r\n\r\n<pre>\r\n\r\n&nbsp;</pre>\r\n\r\n<pre>\r\n<code>2, 6, 18, 54, ...</code></pre>\r\n\r\n<p>Iloraz:</p>\r\n\r\n<pre>\r\n\r\n&nbsp;</pre>\r\n\r\n<pre>\r\n<code>6 / 2 = 3\r\n18 / 6 = 3\r\n54 / 18 = 3</code></pre>\r\n\r\n<p>Stały iloraz oznaczamy literą <strong>q</strong>.</p>\r\n\r\n<h3>Wz&oacute;r na n-ty wyraz ciągu geometrycznego</h3>\r\n\r\n<p>gdzie:</p>\r\n\r\n<ul>\r\n\t<li>a1a_1a1​ &ndash; pierwszy wyraz,</li>\r\n\t<li>qqq &ndash; iloraz,</li>\r\n\t<li>nnn &ndash; numer wyrazu.</li>\r\n</ul>\r\n\r\n<h3>Przykład</h3>\r\n\r\n<p>Dany jest ciąg:</p>\r\n\r\n<pre>\r\n\r\n&nbsp;</pre>\r\n\r\n<pre>\r\n<code>2, 4, 8, 16, ...</code></pre>\r\n\r\n<p>Oblicz 6. wyraz.</p>\r\n\r\n<pre>\r\n\r\n&nbsp;</pre>\r\n\r\n<pre>\r\n<code>a₆ = 2 &middot; 2⁵\r\na₆ = 64</code></pre>\r\n\r\n<hr />\r\n<h2>Zestaw zadań</h2>\r\n\r\n<h3>Zadanie 1</h3>\r\n\r\n<p>Wypisz pierwszych pięć wyraz&oacute;w ciągu określonego wzorem:</p>\r\n\r\n<pre>\r\n\r\n&nbsp;</pre>\r\n\r\n<pre>\r\n<code>aₙ = 2n + 1</code></pre>\r\n\r\n<p><strong>Odpowiedź:</strong></p>\r\n\r\n<pre>\r\n\r\n&nbsp;</pre>\r\n\r\n<pre>\r\n<code>a₁ = 3\r\na₂ = 5\r\na₃ = 7\r\na₄ = 9\r\na₅ = 11</code></pre>	5	0
27	Kąty	<p>Kąt to część płaszczyzny zawarta między dwoma p&oacute;łprostymi mającymi wsp&oacute;lny początek. Miarę kąta podajemy w stopniach (&deg;).</p>\r\n\r\n<h3>Rodzaje kąt&oacute;w</h3>\r\n\r\n<ul>\r\n\t<li><strong>Kąt ostry</strong> &ndash; ma mniej niż 90&deg;.</li>\r\n\t<li><strong>Kąt prosty</strong> &ndash; ma dokładnie 90&deg;.</li>\r\n\t<li><strong>Kąt rozwarty</strong> &ndash; ma więcej niż 90&deg; i mniej niż 180&deg;.</li>\r\n\t<li><strong>Kąt p&oacute;łpełny</strong> &ndash; ma 180&deg;.</li>\r\n\t<li><strong>Kąt pełny</strong> &ndash; ma 360&deg;.</li>\r\n</ul>\r\n\r\n<hr />\r\n<h2>Kąty w tr&oacute;jkącie</h2>\r\n\r\n<p>Jedną z najważniejszych własności tr&oacute;jkąta jest fakt, że suma jego kąt&oacute;w wewnętrznych zawsze wynosi 180&deg;.</p>\r\n\r\n<h3>Przykład</h3>\r\n\r\n<p>W tr&oacute;jkącie dwa kąty mają miary:</p>\r\n\r\n<pre>\r\n\r\n&nbsp;</pre>\r\n\r\n<pre>\r\n<code>50&deg; i 60&deg;</code></pre>\r\n\r\n<p>Trzeci kąt:</p>\r\n\r\n<pre>\r\n\r\n&nbsp;</pre>\r\n\r\n<pre>\r\n<code>180&deg; - 50&deg; - 60&deg; = 70&deg;</code></pre>\r\n\r\n<hr />\r\n<h2>Kąty w czworokącie</h2>\r\n\r\n<p>Suma kąt&oacute;w wewnętrznych każdego czworokąta wynosi:</p>\r\n\r\n<pre>\r\n\r\n&nbsp;</pre>\r\n\r\n<pre>\r\n<code>360&deg;</code></pre>\r\n\r\n<p>Przykład:</p>\r\n\r\n<p>Jeżeli trzy kąty mają:</p>\r\n\r\n<pre>\r\n\r\n&nbsp;</pre>\r\n\r\n<pre>\r\n<code>90&deg;, 80&deg;, 100&deg;</code></pre>\r\n\r\n<p>to czwarty kąt ma:</p>\r\n\r\n<pre>\r\n\r\n&nbsp;</pre>\r\n\r\n<pre>\r\n<code>360&deg; - 90&deg; - 80&deg; - 100&deg; = 90&deg;</code></pre>\r\n\r\n<hr />\r\n<h2>Kąty w wielokątach</h2>\r\n\r\n<p>Dla wielokąta o nnn bokach sumę kąt&oacute;w wewnętrznych obliczamy ze wzoru:</p>\r\n\r\n<h3>Przykłady</h3>\r\n\r\n<p>Pięciokąt:</p>\r\n\r\n<pre>\r\n\r\n&nbsp;</pre>\r\n\r\n<pre>\r\n<code>(5 - 2) &middot; 180&deg; = 540&deg;</code></pre>\r\n\r\n<p>Sześciokąt:</p>\r\n\r\n<pre>\r\n\r\n&nbsp;</pre>\r\n\r\n<pre>\r\n<code>(6 - 2) &middot; 180&deg; = 720&deg;</code></pre>\r\n\r\n<p>Ośmiokąt:</p>\r\n\r\n<pre>\r\n\r\n&nbsp;</pre>\r\n\r\n<pre>\r\n<code>(8 - 2) &middot; 180&deg; = 1080&deg;</code></pre>\r\n\r\n<p>&nbsp;</p>\r\n\r\n<h2>Wielokąty foremne</h2>\r\n\r\n<p>W wielokącie foremnym wszystkie kąty są r&oacute;wne.</p>\r\n\r\n<p>Przykład &ndash; pięciokąt foremny:</p>\r\n\r\n<pre>\r\n\r\n&nbsp;</pre>\r\n\r\n<pre>\r\n<code>540&deg; / 5 = 108&deg;</code></pre>\r\n\r\n<p>Każdy kąt ma 108&deg;.</p>	6	0
28	Trójkąty	<p>Tr&oacute;jkąt to wielokąt posiadający trzy boki, trzy wierzchołki i trzy kąty. Jest jedną z najważniejszych figur geometrycznych, ponieważ wiele bardziej złożonych figur można podzielić na tr&oacute;jkąty.</p>\r\n\r\n<h3>Suma kąt&oacute;w w tr&oacute;jkącie</h3>\r\n\r\n<p>W każdym tr&oacute;jkącie suma miar kąt&oacute;w wewnętrznych wynosi:</p>\r\n\r\n<p>Przykład:</p>\r\n\r\n<p>Jeżeli dwa kąty mają miary:</p>\r\n\r\n<pre>\r\n\r\n&nbsp;</pre>\r\n\r\n<pre>\r\n<code>50&deg; i 70&deg;</code></pre>\r\n\r\n<p>to trzeci kąt wynosi:</p>\r\n\r\n<pre>\r\n\r\n&nbsp;</pre>\r\n\r\n<pre>\r\n<code>180&deg; - 50&deg; - 70&deg; = 60&deg;</code></pre>\r\n\r\n<hr />\r\n<h2>Rodzaje tr&oacute;jkąt&oacute;w</h2>\r\n\r\n<h3>Ze względu na długość bok&oacute;w</h3>\r\n\r\n<p><strong>Tr&oacute;jkąt r&oacute;wnoboczny</strong></p>\r\n\r\n<ul>\r\n\t<li>wszystkie boki są r&oacute;wne,</li>\r\n\t<li>wszystkie kąty mają po 60&deg;.</li>\r\n</ul>\r\n\r\n<p><strong>Tr&oacute;jkąt r&oacute;wnoramienny</strong></p>\r\n\r\n<ul>\r\n\t<li>dwa boki są r&oacute;wne,</li>\r\n\t<li>kąty przy podstawie są r&oacute;wne.</li>\r\n</ul>\r\n\r\n<p><strong>Tr&oacute;jkąt r&oacute;żnoboczny</strong></p>\r\n\r\n<ul>\r\n\t<li>wszystkie boki mają r&oacute;żne długości.</li>\r\n</ul>\r\n\r\n<hr />\r\n<h3>Ze względu na kąty</h3>\r\n\r\n<p><strong>Ostrokątny</strong></p>\r\n\r\n<ul>\r\n\t<li>wszystkie kąty są mniejsze niż 90&deg;.</li>\r\n</ul>\r\n\r\n<p><strong>Prostokątny</strong></p>\r\n\r\n<ul>\r\n\t<li>jeden kąt ma dokładnie 90&deg;.</li>\r\n</ul>\r\n\r\n<p><strong>Rozwartokątny</strong></p>\r\n\r\n<ul>\r\n\t<li>jeden kąt jest większy niż 90&deg;.</li>\r\n</ul>\r\n\r\n<hr />\r\n<h2>Pole tr&oacute;jkąta</h2>\r\n\r\n<p>Pole obliczamy ze wzoru:</p>\r\n\r\n<p>gdzie:</p>\r\n\r\n<ul>\r\n\t<li>aaa &ndash; podstawa,</li>\r\n\t<li>hhh &ndash; wysokość opuszczona na tę podstawę.</li>\r\n</ul>\r\n\r\n<h3>Przykład</h3>\r\n\r\n<p>Podstawa ma długość 8 cm, a wysokość 5 cm.</p>\r\n\r\n<pre>\r\n\r\n&nbsp;</pre>\r\n\r\n<pre>\r\n<code>P = (8 &middot; 5) / 2\r\n\r\nP = 20 cm&sup2;</code></pre>\r\n\r\n<hr />\r\n<h2>Twierdzenie Pitagorasa</h2>\r\n\r\n<p>Dla tr&oacute;jkąta prostokątnego zachodzi zależność:</p>\r\n\r\n<p>gdzie:</p>\r\n\r\n<ul>\r\n\t<li>aaa i bbb &ndash; przyprostokątne,</li>\r\n\t<li>ccc &ndash; przeciwprostokątna.</li>\r\n</ul>\r\n\r\n<h3>Przykład</h3>\r\n\r\n<p>Jeżeli:</p>\r\n\r\n<pre>\r\n\r\n&nbsp;</pre>\r\n\r\n<pre>\r\n<code>a = 3\r\nb = 4</code></pre>\r\n\r\n<p>to:</p>\r\n\r\n<pre>\r\n\r\n&nbsp;</pre>\r\n\r\n<pre>\r\n<code>c&sup2; = 3&sup2; + 4&sup2;\r\n\r\nc&sup2; = 9 + 16\r\n\r\nc&sup2; = 25\r\n\r\nc = 5</code></pre>	6	0
29	Czworokąty	<p>Czworokąt to wielokąt posiadający cztery boki, cztery wierzchołki oraz cztery kąty wewnętrzne.</p>\r\n\r\n<p>Suma kąt&oacute;w wewnętrznych każdego czworokąta wynosi:</p>\r\n\r\n<p>Do najważniejszych czworokąt&oacute;w należą:</p>\r\n\r\n<ul>\r\n\t<li>kwadrat,</li>\r\n\t<li>prostokąt,</li>\r\n\t<li>r&oacute;wnoległobok,</li>\r\n\t<li>romb,</li>\r\n\t<li>trapez.</li>\r\n</ul>\r\n\r\n<hr />\r\n<h2>1. Kwadrat</h2>\r\n\r\n<p>Kwadrat to czworokąt, kt&oacute;ry posiada:</p>\r\n\r\n<ul>\r\n\t<li>cztery r&oacute;wne boki,</li>\r\n\t<li>cztery kąty proste (90&deg;),</li>\r\n\t<li>przekątne r&oacute;wnej długości przecinające się pod kątem prostym.</li>\r\n</ul>\r\n\r\n<p>Pole kwadratu:</p>\r\n\r\n<p>Obw&oacute;d kwadratu:</p>\r\n\r\n<p>gdzie:</p>\r\n\r\n<ul>\r\n\t<li>aaa &ndash; długość boku.</li>\r\n</ul>\r\n\r\n<hr />\r\n<h2>2. Prostokąt</h2>\r\n\r\n<p>Prostokąt posiada:</p>\r\n\r\n<ul>\r\n\t<li>przeciwległe boki r&oacute;wnej długości,</li>\r\n\t<li>wszystkie kąty proste.</li>\r\n</ul>\r\n\r\n<p>Pole prostokąta:</p>\r\n\r\n<p>Obw&oacute;d:</p>\r\n\r\n<p>O=2a+2bO=2a+2bO=2a+2b</p>\r\n\r\n<hr />\r\n<h2>3. R&oacute;wnoległobok</h2>\r\n\r\n<p>R&oacute;wnoległobok to czworokąt, kt&oacute;rego przeciwległe boki są r&oacute;wnoległe.</p>\r\n\r\n<p>Pole:</p>\r\n\r\n<p>P=a&sdot;hP=a\\cdot hP=a&sdot;h</p>\r\n\r\n<p>gdzie:</p>\r\n\r\n<ul>\r\n\t<li>aaa &ndash; długość podstawy,</li>\r\n\t<li>hhh &ndash; wysokość.</li>\r\n</ul>\r\n\r\n<hr />\r\n<h2>4. Romb</h2>\r\n\r\n<p>Romb posiada:</p>\r\n\r\n<ul>\r\n\t<li>wszystkie boki r&oacute;wnej długości,</li>\r\n\t<li>przeciwległe kąty r&oacute;wne.</li>\r\n</ul>\r\n\r\n<p>Pole rombu można obliczyć ze wzoru:</p>\r\n\r\n<p>P=a&sdot;hP=a\\cdot hP=a&sdot;h</p>\r\n\r\n<p>lub</p>\r\n\r\n<p>P=e&sdot;f2P=\\frac{e\\cdot f}{2}P=2e&sdot;f​</p>\r\n\r\n<p>gdzie:</p>\r\n\r\n<ul>\r\n\t<li>eee i fff są długościami przekątnych.</li>\r\n</ul>\r\n\r\n<hr />\r\n<h2>5. Trapez</h2>\r\n\r\n<p>Trapez to czworokąt posiadający jedną parę bok&oacute;w r&oacute;wnoległych.</p>\r\n\r\n<p>Pole trapezu:</p>\r\n\r\n<p>P=(a+b)&sdot;h2P=\\frac{(a+b)\\cdot h}{2}P=2(a+b)&sdot;h​</p>\r\n\r\n<p>gdzie:</p>\r\n\r\n<ul>\r\n\t<li>aaa i bbb &ndash; podstawy,</li>\r\n\t<li>hhh &ndash; wysokość.</li>\r\n</ul>	6	0
30	Wyznaczanie wartości funkcji	<h3>Czym jest funkcja?</h3>\r\n\r\n<p>Funkcja to przyporządkowanie, kt&oacute;re każdemu argumentowi xxx przypisuje dokładnie jedną wartość yyy.</p>\r\n\r\n<p>Najczęściej zapisujemy ją w postaci:</p>\r\n\r\n<p>y=f(x)y = f(x)y=f(x)</p>\r\n\r\n<p>lub np.:</p>\r\n\r\n<p>Oznacza to, że aby obliczyć wartość funkcji dla danego argumentu, należy w miejsce xxx wstawić podaną liczbę i wykonać obliczenia.</p>\r\n\r\n<hr />\r\n<h3>Przykład 1</h3>\r\n\r\n<p>Dana jest funkcja:</p>\r\n\r\n<p>Oblicz wartość funkcji dla x=4x=4x=4.</p>\r\n\r\n<p>Podstawiamy:</p>\r\n\r\n<pre>\r\n\r\n&nbsp;</pre>\r\n\r\n<pre>\r\n<code>f(4) = 2&middot;4 + 3\r\nf(4) = 8 + 3\r\nf(4) = 11</code></pre>\r\n\r\n<p>Odpowiedź:</p>\r\n\r\n<pre>\r\n\r\n&nbsp;</pre>\r\n\r\n<pre>\r\n<code>f(4) = 11</code></pre>\r\n\r\n<hr />\r\n<h3>Przykład 2</h3>\r\n\r\n<p>Dana jest funkcja:</p>\r\n\r\n<p>Oblicz wartość funkcji dla x=3x=3x=3.</p>\r\n\r\n<pre>\r\n\r\n&nbsp;</pre>\r\n\r\n<pre>\r\n<code>f(3) = 3&sup2; - 5\r\nf(3) = 9 - 5\r\nf(3) = 4</code></pre>\r\n\r\n<p>Odpowiedź:</p>\r\n\r\n<pre>\r\n\r\n&nbsp;</pre>\r\n\r\n<pre>\r\n<code>f(3) = 4</code></pre>\r\n\r\n<hr />\r\n<h3>Przykład 3</h3>\r\n\r\n<p>Dana jest funkcja:</p>\r\n\r\n<p>Oblicz wartość funkcji dla x=6x=6x=6.</p>\r\n\r\n<pre>\r\n\r\n&nbsp;</pre>\r\n\r\n<pre>\r\n<code>f(6) = (6 + 2)/2\r\nf(6) = 8/2\r\nf(6) = 4</code></pre>\r\n\r\n<p>Odpowiedź:</p>\r\n\r\n<pre>\r\n\r\n&nbsp;</pre>\r\n\r\n<pre>\r\n<code>f(6) = 4</code></pre>\r\n\r\n<hr />\r\n<h2>Jak wyznaczać wartość funkcji?</h2>\r\n\r\n<ol>\r\n\t<li>Odczytaj wz&oacute;r funkcji.</li>\r\n\t<li>W miejsce xxx wstaw podany argument.</li>\r\n\t<li>Wykonaj działania zgodnie z kolejnością działań.</li>\r\n\t<li>Otrzymany wynik jest wartością funkcji.</li>\r\n</ol>	7	0
25	Układy równań	<p>Układ r&oacute;wnań to zbi&oacute;r co najmniej dw&oacute;ch r&oacute;wnań zawierających te same niewiadome. Rozwiązaniem układu jest taka para (lub większy zbi&oacute;r) wartości niewiadomych, kt&oacute;ra spełnia wszystkie r&oacute;wnania jednocześnie.</p>\r\n\r\n<p>Aby m&oacute;wić o układzie r&oacute;wnań, muszą być spełnione warunki:</p>\r\n\r\n<p>&nbsp; &nbsp; &nbsp; * każde r&oacute;wnanie musi mieć przynajmniej jedną niewiadomą</p>\r\n\r\n<p>&nbsp; &nbsp; &nbsp; * stosunek liczb niewiadomych musi być r&oacute;wny stosunkowi liczb r&oacute;wnań</p>\r\n\r\n<p>Przykład układu dw&oacute;ch r&oacute;wnań z dwiema niewiadomymi:</p>\r\n\r\n<div><code>| 2x + 4 = 4 </code>&nbsp;</div>\r\n\r\n<div><code>| 3y + x = 3</code></div>\r\n\r\n<p>Rozwiązaniem tego układu jest:</p>\r\n\r\n<div><code>&nbsp;2x + 4 = 4 </code>&nbsp;</div>\r\n\r\n<div>&nbsp;</div>\r\n\r\n<div><code>&nbsp;2x = 0&nbsp;</code>&nbsp;</div>\r\n\r\n<div>\r\n<p><code>&nbsp;x = 0&nbsp;</code>&nbsp;</p>\r\n\r\n<div><code>| x = 0 </code></div>\r\n\r\n<div><code>| 3y + x = 3</code></div>\r\n\r\n<div>\r\n<div>&nbsp;</div>\r\n\r\n<div><code>| x = 0&nbsp;</code>&nbsp;</div>\r\n\r\n<div><code>| 3y + 0 = 3</code>\r\n\r\n<div>&nbsp;</div>\r\n\r\n<div><code>| x = 0&nbsp;</code>&nbsp;</div>\r\n\r\n<div><code>| 3y + 0 = 3</code></div>\r\n\r\n<div>&nbsp;</div>\r\n\r\n<div><font face="monospace">| x = 0</font></div>\r\n\r\n<div><font face="monospace">| 3y = 3</font></div>\r\n\r\n<div>&nbsp;</div>\r\n\r\n<div><font face="monospace">| x = 0</font></div>\r\n\r\n<div><code>| y = 1</code></div>\r\n\r\n<div>&nbsp;</div>\r\n\r\n<div>Sprawdźmy:</div>\r\n</div>\r\n</div>\r\n</div>\r\n\r\n<pre>\r\n<code>2 * 0 + 4 = 4\r\n3 * 1 + 0 = 3</code></pre>\r\n\r\n<p>Zgadza się</p>\r\n\r\n<hr />\r\n<h2>Metoda podstawiania</h2>\r\n\r\n<p>Polega na wyznaczeniu jednej niewiadomej z jednego r&oacute;wnania i podstawieniu jej do drugiego.</p>\r\n\r\n<p>Przykład:</p>\r\n\r\n<div><code>| x + y = 10</code></div>\r\n\r\n<div><code>| x - y = 2</code></div>\r\n\r\n<p>Z pierwszego r&oacute;wnania wyznaczamy x:</p>\r\n\r\n<pre>\r\n<code>x = 10 - y</code></pre>\r\n\r\n<p>i podstawiamy go do drugiego r&oacute;wnania:</p>\r\n\r\n<pre>\r\n<code>(10 - y) - y = 2\r\n10 - 2y = 2\r\n-2y = -8\r\ny = 4</code></pre>\r\n\r\n<p>Następnie:</p>\r\n\r\n<pre>\r\n<code>x = 10 - 4 = 6</code></pre>\r\n\r\n<p>Rozwiązanie:</p>\r\n\r\n<pre>\r\n<code>x = 6\r\ny = 4</code></pre>\r\n\r\n<hr />\r\n<h2>Metoda przeciwnych wsp&oacute;łczynnik&oacute;w</h2>\r\n\r\n<p>Polega na takim przekształceniu r&oacute;wnań, aby wsp&oacute;łczynniki przy jednej niewiadomej były przeciwne.</p>\r\n\r\n<p>Przykład:</p>\r\n\r\n<div><code>| 3x + y = 12</code></div>\r\n\r\n<div><code>| x + y = 15</code></div>\r\n\r\n<p>W tym układzie decydujemy się na zamianę wsp&oacute;łczynnik&oacute;w dla y:</p>\r\n\r\n<div><code>&nbsp; &nbsp;| 3x + y = 12</code></div>\r\n\r\n<div><code>&nbsp; &nbsp;| -x - y = -16</code></div>\r\n\r\n<div>+_________________</div>\r\n\r\n<div><code>&nbsp; &nbsp; &nbsp;2x +0y = -4</code></div>\r\n\r\n<p>Nowo otzrzymane r&oacute;wnanie możęmy uprościć i otrzymamy:</p>\r\n\r\n<pre>\r\n<code>x = -2</code></pre>\r\n\r\n<p>Teraz wystarczy podstawić x pod dowolne r&oacute;wnanie, żeby otrzymać wartość dla y:</p>\r\n\r\n<pre>\r\n<code>3&middot;(-2) + y = 12\r\n-6 + y = 12\r\ny = 18</code></pre>\r\n\r\n<p>Rozwiązanie:</p>\r\n\r\n<pre>\r\n<code>x = -2\r\ny = 18</code>\r\n</pre>	5	0
31	Dziedzina funkcji	<p>Dziedzina funkcji to zbi&oacute;r wszystkich argument&oacute;w (wartości xxx), dla kt&oacute;rych można obliczyć wartość funkcji. Innymi słowy, są to wszystkie liczby, kt&oacute;re możemy bezpiecznie podstawić do wzoru funkcji.</p>\r\n\r\n<p>Przy wyznaczaniu dziedziny należy zwr&oacute;cić uwagę na działania, kt&oacute;re mogą być niewykonalne w zbiorze liczb rzeczywistych:</p>\r\n\r\n<ol>\r\n\t<li><strong>Nie wolno dzielić przez zero.</strong></li>\r\n\t<li><strong>Pod pierwiastkiem kwadratowym nie może znajdować się liczba ujemna.</strong></li>\r\n\t<li><strong>Logarytm można obliczyć tylko dla liczb dodatnich.</strong></li>\r\n</ol>\r\n\r\n<hr />\r\n<h3>Przykład 1 &ndash; funkcja liniowa</h3>\r\n\r\n<p>Dana jest funkcja:</p>\r\n\r\n<p>Do wzoru można podstawić dowolną liczbę rzeczywistą.</p>\r\n\r\n<p><strong>Dziedzina:</strong></p>\r\n\r\n<pre>\r\n\r\n&nbsp;</pre>\r\n\r\n<pre>\r\n<code>D = R</code></pre>\r\n\r\n<hr />\r\n<h3>Przykład 2 &ndash; funkcja wymierna</h3>\r\n\r\n<p>Dana jest funkcja:</p>\r\n\r\n<p>Mianownik nie może być r&oacute;wny zero.</p>\r\n\r\n<pre>\r\n\r\n&nbsp;</pre>\r\n\r\n<pre>\r\n<code>x - 2 &ne; 0\r\nx &ne; 2</code></pre>\r\n\r\n<p><strong>Dziedzina:</strong></p>\r\n\r\n<pre>\r\n\r\n&nbsp;</pre>\r\n\r\n<pre>\r\n<code>D = R \\ {2}</code></pre>\r\n\r\n<hr />\r\n<h3>Przykład 3 &ndash; funkcja z pierwiastkiem</h3>\r\n\r\n<p>Dana jest funkcja:</p>\r\n\r\n<p>Wyrażenie pod pierwiastkiem musi być nieujemne:</p>\r\n\r\n<pre>\r\n\r\n&nbsp;</pre>\r\n\r\n<pre>\r\n<code>x - 5 &ge; 0\r\nx &ge; 5</code></pre>\r\n\r\n<p><strong>Dziedzina:</strong></p>\r\n\r\n<pre>\r\n\r\n&nbsp;</pre>\r\n\r\n<pre>\r\n<code>D = [5, +&infin;)</code></pre>\r\n\r\n<hr />\r\n<h3>Przykład 4 &ndash; funkcja z logarytmem</h3>\r\n\r\n<p>Dana jest funkcja:</p>\r\n\r\n<p>f(x)=log⁡(x&minus;1)f(x)=\\log(x-1)f(x)=log(x&minus;1)</p>\r\n\r\n<p>Argument logarytmu musi być dodatni:</p>\r\n\r\n<pre>\r\n\r\n&nbsp;</pre>\r\n\r\n<pre>\r\n<code>x - 1 &gt; 0\r\nx &gt; 1</code></pre>\r\n\r\n<p><strong>Dziedzina:</strong></p>\r\n\r\n<pre>\r\n\r\n&nbsp;</pre>\r\n\r\n<pre>\r\n<code>D = (1, +&infin;)</code></pre>	7	0
32	Miejsce zerowe funkcji	<p>Miejscem zerowym funkcji nazywamy taką wartość argumentu xxx, dla kt&oacute;rej wartość funkcji jest r&oacute;wna zero.</p>\r\n\r\n<p>Formalnie:</p>\r\n\r\n<p>Oznacza to, że szukamy punkt&oacute;w, w kt&oacute;rych wykres funkcji przecina oś OX.</p>\r\n\r\n<h3>Przykład 1</h3>\r\n\r\n<p>Dana jest funkcja:</p>\r\n\r\n<p>Aby znaleźć miejsce zerowe, przyr&oacute;wnujemy funkcję do zera:</p>\r\n\r\n<pre>\r\n\r\n&nbsp;</pre>\r\n\r\n<pre>\r\n<code>x - 3 = 0\r\nx = 3</code></pre>\r\n\r\n<p>Miejsce zerowe:</p>\r\n\r\n<pre>\r\n\r\n&nbsp;</pre>\r\n\r\n<pre>\r\n<code>x = 3</code></pre>\r\n\r\n<p>Wykres przecina oś OX w punkcie (3, 0).</p>\r\n\r\n<hr />\r\n<h3>Przykład 2</h3>\r\n\r\n<p>Dana jest funkcja:</p>\r\n\r\n<p>Rozwiązujemy r&oacute;wnanie:</p>\r\n\r\n<pre>\r\n\r\n&nbsp;</pre>\r\n\r\n<pre>\r\n<code>2x + 4 = 0\r\n2x = -4\r\nx = -2</code></pre>\r\n\r\n<p>Miejsce zerowe:</p>\r\n\r\n<pre>\r\n\r\n&nbsp;</pre>\r\n\r\n<pre>\r\n<code>x = -2</code></pre>\r\n\r\n<hr />\r\n<h2>Miejsca zerowe funkcji kwadratowej</h2>\r\n\r\n<p>Dla funkcji kwadratowej:</p>\r\n\r\n<p>miejsca zerowe wyznaczamy rozwiązując r&oacute;wnanie:</p>\r\n\r\n<pre>\r\n\r\n&nbsp;</pre>\r\n\r\n<pre>\r\n<code>ax&sup2; + bx + c = 0</code></pre>\r\n\r\n<p>Najczęściej wykorzystujemy wyr&oacute;żnik (deltę):</p>\r\n\r\n<p>Jeżeli:</p>\r\n\r\n<ul>\r\n\t<li>&Delta; &gt; 0 &rarr; dwa miejsca zerowe,</li>\r\n\t<li>&Delta; = 0 &rarr; jedno miejsce zerowe,</li>\r\n\t<li>&Delta; &lt; 0 &rarr; brak miejsc zerowych.</li>\r\n</ul>\r\n\r\n<hr />\r\n<h3>Przykład 3</h3>\r\n\r\n<p>Dana jest funkcja:</p>\r\n\r\n<p>Obliczamy deltę:</p>\r\n\r\n<pre>\r\n\r\n&nbsp;</pre>\r\n\r\n<pre>\r\n<code>a = 1\r\nb = -5\r\nc = 6\r\n\r\n&Delta; = (-5)&sup2; - 4&middot;1&middot;6\r\n&Delta; = 25 - 24\r\n&Delta; = 1</code></pre>\r\n\r\n<p>Ponieważ &Delta; &gt; 0, istnieją dwa miejsca zerowe:</p>\r\n\r\n<pre>\r\n\r\n&nbsp;</pre>\r\n\r\n<pre>\r\n<code>x₁ = 2\r\nx₂ = 3</code></pre>	7	0
33	Monotoniczność funkcji	<p>Monotoniczność funkcji opisuje, jak zachowują się wartości funkcji wraz ze wzrostem argumentu xxx. Innymi słowy: sprawdzamy, czy funkcja rośnie, maleje lub pozostaje stała.</p>\r\n\r\n<hr />\r\n<h2>Rodzaje monotoniczności</h2>\r\n\r\n<h3>1. Funkcja rosnąca</h3>\r\n\r\n<p>Funkcja jest rosnąca, jeśli wraz ze wzrostem xxx, rosną r&oacute;wnież wartości f(x)f(x)f(x).</p>\r\n\r\n<hr />\r\n<h3>2. Funkcja malejąca</h3>\r\n\r\n<p>Funkcja jest malejąca, jeśli wraz ze wzrostem xxx, wartości funkcji maleją.</p>\r\n\r\n<hr />\r\n<h3>3. Funkcja stała</h3>\r\n\r\n<p>Funkcja jest stała, jeśli dla każdego xxx przyjmuje tę samą wartość.</p>\r\n\r\n<hr />\r\n<h2>Jak sprawdzać monotoniczność?</h2>\r\n\r\n<p>Dla funkcji liniowej:</p>\r\n\r\n<ul>\r\n\t<li>jeśli a&gt;0a &gt; 0a&gt;0 &rarr; funkcja rosnąca</li>\r\n\t<li>jeśli a&lt;0a &lt; 0a&lt;0 &rarr; funkcja malejąca</li>\r\n\t<li>jeśli a=0a = 0a=0 &rarr; funkcja stała</li>\r\n</ul>	7	0
34	Mediana	<p>Mediana to jedna z podstawowych miar statystycznych, kt&oacute;ra opisuje &bdquo;środkową wartość&rdquo; w uporządkowanym zbiorze danych.</p>\r\n\r\n<h4>Co to jest mediana?</h4>\r\n\r\n<p>Mediana to wartość, kt&oacute;ra dzieli uporządkowany zbi&oacute;r danych na dwie r&oacute;wne części:</p>\r\n\r\n<ul>\r\n\t<li>50% danych jest mniejszych lub r&oacute;wnych medianie</li>\r\n\t<li>50% danych jest większych lub r&oacute;wnych medianie</li>\r\n</ul>\r\n\r\n<hr />\r\n<h3>Jak obliczamy medianę?</h3>\r\n\r\n<h4>1. Gdy liczba danych jest nieparzysta:</h4>\r\n\r\n<p>Mediana to <strong>wartość środkowa</strong>.</p>\r\n\r\n<p>Przykład:<br />\r\nDane:<br />\r\n<code>2, 4, 7, 10, 15</code></p>\r\n\r\n<p>Mediana = <strong>7</strong></p>\r\n\r\n<hr />\r\n<h4>2. Gdy liczba danych jest parzysta:</h4>\r\n\r\n<p>Mediana to średnia dw&oacute;ch środkowych wartości.</p>\r\n\r\n<p>Przykład:<br />\r\nDane:<br />\r\n<code>2, 4, 7, 10, 15, 20</code></p>\r\n\r\n<p>Środkowe liczby: 7 i 10</p>\r\n\r\n<p>Mediana:</p>\r\n\r\n<pre>\r\n\r\n&nbsp;</pre>\r\n\r\n<pre>\r\n<code>(7 + 10) / 2 = 8.5</code></pre>\r\n\r\n<hr />\r\n<h3>Dlaczego mediana jest ważna?</h3>\r\n\r\n<p>Mediana jest bardziej odporna na wartości skrajne (tzw. &bdquo;odstające&rdquo;) niż średnia.</p>\r\n\r\n<p>Przykład:<br />\r\n<code>1, 2, 3, 4, 100</code></p>\r\n\r\n<ul>\r\n\t<li>średnia = 22</li>\r\n\t<li>mediana = 3 &rarr; lepiej opisuje &bdquo;typową wartość&rdquo;</li>\r\n</ul>	8	0
35	Dominanta	<p><strong>Dominanta (moda)</strong> to wartość, kt&oacute;ra <strong>występuje najczęściej w zbiorze danych</strong>. Oznacza to, że jest to wynik lub liczba, kt&oacute;ra powtarza się największą liczbę razy.</p>\r\n\r\n<p>Dominanta jest jedną z podstawowych miar statystycznych, obok średniej i mediany.</p>\r\n\r\n<hr />\r\n<h3>Przykład 1</h3>\r\n\r\n<p>Dane:</p>\r\n\r\n<pre>\r\n\r\n&nbsp;</pre>\r\n\r\n<pre>\r\n<code>2, 3, 3, 5, 6, 3, 7</code></pre>\r\n\r\n<p>Najczęściej występuje liczba <strong>3</strong>, więc:</p>\r\n\r\n<p><strong>Dominanta = 3</strong></p>\r\n\r\n<hr />\r\n<h3>Przykład 2</h3>\r\n\r\n<p>Dane:</p>\r\n\r\n<pre>\r\n\r\n&nbsp;</pre>\r\n\r\n<pre>\r\n<code>10, 12, 12, 14, 14, 16</code></pre>\r\n\r\n<p>W tym przypadku występują dwie wartości najczęściej:</p>\r\n\r\n<ul>\r\n\t<li>12 (2 razy)</li>\r\n\t<li>14 (2 razy)</li>\r\n</ul>\r\n\r\n<p><strong>Zbi&oacute;r jest dwumodalny</strong> (ma dwie dominanty): 12 i 14</p>\r\n\r\n<hr />\r\n<h3>Przykład 3</h3>\r\n\r\n<p>Dane:</p>\r\n\r\n<pre>\r\n\r\n&nbsp;</pre>\r\n\r\n<pre>\r\n<code>1, 2, 3, 4, 5</code></pre>\r\n\r\n<p>Każda wartość występuje tylko raz, więc:</p>\r\n\r\n<p><strong>Brak dominanty</strong></p>\r\n\r\n<hr />\r\n<h2>Wz&oacute;r (definicja)</h2>\r\n\r\n<p>Dominanta to wartość o największej częstości występowania:</p>\r\n\r\n<p>gdzie:</p>\r\n\r\n<ul>\r\n\t<li>DDD &ndash; dominanta</li>\r\n\t<li>f(x)f(x)f(x) &ndash; częstość występowania wartości</li>\r\n</ul>	8	0
36	Średnia ważona	<p>Średnia ważona to spos&oacute;b obliczania średniej, w kt&oacute;rym r&oacute;żne wartości mają r&oacute;żne &bdquo;wagi&rdquo;, czyli r&oacute;żne znaczenie.</p>\r\n\r\n<p>Stosuje się ją wtedy, gdy nie wszystkie wyniki są r&oacute;wnie ważne &mdash; np. w ocenach szkolnych, gdzie sprawdzian liczy się bardziej niż kartk&oacute;wka.</p>\r\n\r\n<hr />\r\n<h3>Wz&oacute;r na średnią ważoną</h3>\r\n\r\n<p>gdzie:</p>\r\n\r\n<ul>\r\n\t<li>xix_ixi​ &ndash; wartości (np. oceny)</li>\r\n\t<li>wiw_iwi​ &ndash; wagi (np. znaczenie oceny)</li>\r\n</ul>\r\n\r\n<hr />\r\n<h3>Przykład prosty</h3>\r\n\r\n<p>Uczeń ma oceny:</p>\r\n\r\n<ul>\r\n\t<li>5 (waga 3 &ndash; sprawdzian)</li>\r\n\t<li>4 (waga 2 &ndash; kartk&oacute;wka)</li>\r\n\t<li>3 (waga 1 &ndash; praca domowa)</li>\r\n</ul>\r\n\r\n<p>Obliczenie:</p>\r\n\r\n<pre>\r\n\r\n&nbsp;</pre>\r\n\r\n<pre>\r\n<code>(5&middot;3 + 4&middot;2 + 3&middot;1) / (3+2+1)\r\n\r\n= (15 + 8 + 3) / 6\r\n\r\n= 26 / 6\r\n\r\n&asymp; 4.33</code></pre>\r\n\r\n<hr />\r\n<h2>Zastosowanie średniej ważonej</h2>\r\n\r\n<ul>\r\n\t<li>oceny szkolne</li>\r\n\t<li>rankingi (np. gry, kursy)</li>\r\n\t<li>statystyki (np. średnia punkt&oacute;w)</li>\r\n\t<li>analiza danych</li>\r\n</ul>	8	0
37	Wariancja	<p>Wariancja to jedna z podstawowych miar rozproszenia danych. M&oacute;wi nam, <strong>jak bardzo wartości w zbiorze r&oacute;żnią się od średniej</strong>.</p>\r\n\r\n<ul>\r\n\t<li>Jeśli wariancja jest mała &rarr; dane są &bdquo;zbite&rdquo; wok&oacute;ł średniej</li>\r\n\t<li>Jeśli wariancja jest duża &rarr; dane są mocno rozproszone</li>\r\n</ul>\r\n\r\n<hr />\r\n<h2>Intuicja</h2>\r\n\r\n<p>Wyobraź sobie dw&oacute;ch uczni&oacute;w:</p>\r\n\r\n<ul>\r\n\t<li>Uczeń A: wyniki 4, 5, 5, 6</li>\r\n\t<li>Uczeń B: wyniki 1, 5, 9, 9</li>\r\n</ul>\r\n\r\n<p>Obaj mogą mieć podobną średnią, ale:</p>\r\n\r\n<ul>\r\n\t<li>A jest stabilny</li>\r\n\t<li>B ma duże wahania</li>\r\n</ul>\r\n\r\n<p>To właśnie mierzy wariancja.</p>\r\n\r\n<hr />\r\n<h2>Wz&oacute;r na wariancję</h2>\r\n\r\n<p>Var(X)=E(X2)&minus;[E(X)]2Var(X) = E(X^2) - [E(X)]^2Var(X)=E(X2)&minus;[E(X)]2</p>\r\n\r\n<p>&sigma;\\sigma&sigma;</p>\r\n\r\n<p>&nbsp;</p>\r\n\r\n<p>Var(X)=&sigma;2&asymp;5.29Var(X)=\\sigma^2\\approx 5.29Var(X)=&sigma;2&asymp;5.29</p>\r\n\r\n<p>&mu;-&sigma;+&sigma;Var(X) &asymp; 5.29</p>\r\n\r\n<p>czyli w praktyce:</p>\r\n\r\n<pre>\r\n\r\n&nbsp;</pre>\r\n\r\n<pre>\r\n<code>Var(X) = średnia kwadrat&oacute;w odchyleń od średniej</code></pre>\r\n\r\n<hr />\r\n<h2>Krok po kroku (jak liczyć wariancję)</h2>\r\n\r\n<p>Dane:<br />\r\n<code>2, 4, 4, 4, 6</code></p>\r\n\r\n<h3>1. Oblicz średnią</h3>\r\n\r\n<pre>\r\n\r\n&nbsp;</pre>\r\n\r\n<pre>\r\n<code>(2 + 4 + 4 + 4 + 6) / 5 = 4</code></pre>\r\n\r\n<h3>2. Odchylenia od średniej</h3>\r\n\r\n<pre>\r\n\r\n&nbsp;</pre>\r\n\r\n<pre>\r\n<code>2-4 = -2\r\n4-4 = 0\r\n4-4 = 0\r\n4-4 = 0\r\n6-4 = 2</code></pre>\r\n\r\n<h3>3. Kwadraty odchyleń</h3>\r\n\r\n<pre>\r\n\r\n&nbsp;</pre>\r\n\r\n<pre>\r\n<code>4, 0, 0, 0, 4</code></pre>\r\n\r\n<h3>4. Średnia kwadrat&oacute;w</h3>\r\n\r\n<pre>\r\n\r\n&nbsp;</pre>\r\n\r\n<pre>\r\n<code>(4 + 0 + 0 + 0 + 4) / 5 = 1.6</code></pre>\r\n\r\n<p>👉 Wariancja = <strong>1.6</strong></p>	8	0
4	Dzielenie binarne	<p>Dzielenie liczb binarnych wygląda w następujący spos&oacute;b:</p>\r\n\r\n<p><code>0 / 0 = 0 ?</code></p>\r\n\r\n<p><code>0 / 1 = 1 ?</code></p>\r\n\r\n<p><code>1 / 0 = 1 ?</code></p>\r\n\r\n<p><code>1 / 1 = 1</code></p>\r\n\r\n<p>&nbsp;</p>	15	0
47	Zmienne	<p>zawartość zmiennych</p>	14	1
48	Operatory	<p>operatory</p>	14	2
10	Kinematyka	<p>Dział fizyki zajmujący się opisem ruchu ciał bez analizowania przyczyn tego ruchu. Odpowiada na pytania:</p>\r\n\r\n<ul>\r\n\t<li>Jak szybko porusza się ciało?</li>\r\n\t<li>Jaką drogę przebyło?</li>\r\n\t<li>Jak długo trwał ruch?</li>\r\n\t<li>Jak zmienia się położenie w czasie?</li>\r\n</ul>\r\n\r\n<h4>Wielkości fizyczne stosowane w kinematyce:</h4>\r\n\r\n<table border="1" cellpadding="1" cellspacing="1" style="width:500px">\r\n\t<thead>\r\n\t\t<tr>\r\n\t\t\t<th scope="col">&nbsp;</th>\r\n\t\t\t<th scope="col"><strong>Droga (s)</strong></th>\r\n\t\t\t<th scope="col"><strong>Czas (t)</strong></th>\r\n\t\t\t<th scope="col"><strong>Prędkość (v)</strong></th>\r\n\t\t</tr>\r\n\t</thead>\r\n\t<tbody>\r\n\t\t<tr>\r\n\t\t\t<td>do czego stosowany</td>\r\n\t\t\t<td>długość toru ruchu</td>\r\n\t\t\t<td>czas trwania ruchu</td>\r\n\t\t\t<td>określa, jaką drogę ciało pokonuje w jednostce czasu</td>\r\n\t\t</tr>\r\n\t\t<tr>\r\n\t\t\t<td>jednostka</td>\r\n\t\t\t<td>metr (m)</td>\r\n\t\t\t<td>sekunda (s)</td>\r\n\t\t\t<td>metr na sekundę (m/s)</td>\r\n\t\t</tr>\r\n\t</tbody>\r\n</table>\r\n\r\n<p>Prędkość jest wyrażana za pomocą tego wzoru:</p>\r\n\r\n<p><img src="data:image/png;base64,iVBORw0KGgoAAAANSUhEUgAAAWoAAACtCAYAAACZQjVbAAAAAXNSR0IArs4c6QAAAARnQU1BAACxjwv8YQUAAAAJcEhZcwAAEnQAABJ0Ad5mH3gAABptSURBVHhe7d1/aJPXwgfwb1/8o4MNnoBCChsspRdM6cAECyboH6Z0YIqDpTgwxYGL948tmXDXKrxr5x/euAuuvRe02eB97RUc6UBJhSuNMDH+4UgEJREUI0yawS60MCGBKxh4hec9T3qaPEnTpJv9cdJ+P/BsJ8nTJLVPvjnnPOc5p00XQEREyvov+X8iIlIUg5qISHEMaiIixTGoiYgUx6AmIlIcg5qISHEMaiIixTGoiYgUx6AmIlIcg5qISHEMaiIixTGoiYgUx6AmIlIcg5qISHEMaiIixTGoiYgUx6AmIlIcg5qISHEMaiIixTGoiYgUx6AmIlIcg5qISHEMaiIixTGoiYgUx6AmIlIcg5qISHEMaiIixTGoiYgUx6AmIlIcg5qISHEMaiIixTGoiYgUx6AmIlIcg5qISHEMaiIixTGoiYgUx6AmIlIcg5poW0sg1NaGttrtT2NIyT2U9CyCvnrv+6NpFOQuWwmDmogAqx2OvY7K9o4F7fIhJe2wwGp+v3vtsMqHtqI2XZBlItp2jBp1HyJHoshf9UOT97aerfJ71McaNRGR4hjURESKY1ATESmOQU1EpDgGNRGR4hjURESKY1ATESmOQU1EpDgGNRGR4hjURESKY1ATtbLnWUx/cwIDvd3oWJqYqKMbfR+NYPppUe60NopPp3DiQCcs4jUsNqd4jQkknssHlxRzSFwcwaDHic5di+9ncd9ziP9S5/28yCH+Tahq/w67EwMnp5Cqfe5tjHN9NFMsoPBClhtp16C9KctbTLFQQPGVvNFAu6ahfYe8QeuucHMEno8nkBGBpr3rgueQG7Y3C8jemEX86YLYQ4PvShaxY42mK1rlHBnPIhhwhZB824chF5C8NlN6Xez0IfooBr94icKdcxj0jyGxYIX98AC8uzUUf0kidi0F490AVvinM4geNd5PEdnLAQydnkYGNjhcHniW7W/HaOoJwvtKN5rY2nN9wAhqauDHoPFF1nSzfZWUP7D13P68/u9cvdn00ZT8AVp3eXFc2kv/7pru+susPvdSPiDlU2Hdu9N43K/H/iPvrOu2HjSe50hUz8t7lpvTJ/vFPj1+Pfrz4j3prx2Vv/2xqP7kaqD0fuyHw/rsz9VvJi8eE8G5uO/OgHg/ef32XxziPvHeP72kJ+er95+74Kk8985h8Q5XYzW/R+ti18dmeZ7AuQ9kc1U0VZ0fhJY3VV+J2tEPEzjxgRPdHZVmrbHv1L06s+4WF5C6PFa1f8NmJ7WmFwmMfRZBVhRtRyKI/t0Lm3lO0lc5xL+NIVnqOphG7MZrztD80xQmbgEu/wj8XYt3aW9aFguG74fQ/dEUcDSK2ZlReLuqJ0jVDorasizj+RTGD3kx+I8i3Ofj4n0G4LJW72875DPtP4PEPVnezmRg00qWatRdo/qa1Znz4tu/Rzyn1aMHTgV0j1XWHmAv10pfZi/p/j2auE/Tbft9evDUsD583KvbSrUkY9N0x9nKO8onwvJ5rLr9YP39fVfm5d5rSdZkWKPeME/Ou+Tf1KYHf6ypSgv5Kz75+OI+gZlGdczmNdHkf9vE87j08UfyDmH206XnX9y0/eLzseLLLB0jlc3++e2Va74/T+oiqMv7+q6spo68tWvUDOpm1jyoX+q3PxcH/k6XPnp38ZB6KZqGSwcl9oT12/cXm63a/qB+6e68+AmTTFh3Le0rPzxz33p1q7hdt9kZD+q28v5efTInH1gzDOqNJbshSv/mVnEMybtNjOOhfDz1BPRYw+/nZgGX1Ee7xOP7xvUn8h5dT+vhvfL5jU0cy+MZ+VA9NcGLnqB+u1GaMqiXYdfHRluIInIxJ5p3IwjtXzzl0a6Zmn4Px9DXO4bk7lHEb0wisN9avdLGHtGMlM1PIIXIp24MfJaE7dNY/WZnvxdeWQbiSNzdigsVbSc5ZG/JIhYQ+TqCbE2vlu3PU5g9P4zhryZx++Yl+F5n6ZPHSSSeiefsdUB84S/6JYnkA1kW7MfCCO6RN+r5NYe0LIpngv/MGDwNzvYVMxkkZNnY37JFT9L/HgzqDbZwM44ZcfB5PvSUlw7KPTV6G016/IhcDsNV92C2oqP8iRE/+1MK84fCiF7wwVZvxMWO6uDO/FzzWtRi3oBW/qI2Rn6E0P2GBZ2OAZw4PYHphwsoimPEe2oc42eD8Lwtd/yjdgcR/y2P9NeecoWheD8jvvKXiGP5kLvhsl2Ze4nKOoY7HRg40PibI/OoEtPG8zve23JjOH43BvWGKiBxcwbo8sB7YOngKyKTMR+YdgTOTpRP2ixnrlEJO70IXwjWD2nDK55E3FoccB6sDa4Ccg/jmPpmBEOODrzxTh/O/bRGLSfxRa/trB56WhWkInjd7zWK6QKyooZc1uWGo2FOi9r0zZwsC/u8phbk9sWg3kjFBBLXxP9tDjh2Lt4FiGbkDVkUtENBjH7Y4Ej+JSuiusL1hWh2NjqQH2fEK1RY32LtpLW1w3c2Al/5+KljIYGxAzYM/bAe3Vw5pH8yHYHNgveVOL6NY16yHXSLqkgDjxOYNXer9DfZf5tgUG+kdi/GRTMyfzUgGnTSw1TV1V3OQ97KY3UUq5qddngOOmS5vsKjtKijLLHBuafRs1NLsPoRy8xi+GCjhCxg+mTY1Ne7Rp6L4/WOLAtNg/dBsrqbpLdx7ObuxJGSZeP49nldsry9Mag3lGxGmk4eVgepHa7exkFa1ewUtRlnw2ZhUXyoZmRZ6PLA42jUTKWW8bb40k/M42V+DukfY5j8KgDvuzWtpecTmDF3k62FTLLqRF/T4L2fMrUAm/U35xC/YTq+e7zw9MjyNseg3mTJlDlImwVvTbPzPRfcjZrAL+LiwJdlQXN4Gu9PCisid28GkYtTyPxb3iW0ayL8+n0Inr2E2Z9zSH7trbp8en5hbbs/UnfjlRODTYO35vxLjzj+GnbTzSBq+mKx93vhNvWNF58XUChsz3MuDOpNlULSXONpFrw1zU6Xy10eOVJXKoFYuVtFg+dwZaQJtZICEied6HQNInTyBJzvDGGm3vwzOzS4ToUxslfeFkHaUXPV3+sRFYV7popCs+CtOf9iO+hq2E2SvRmr7vb4qDLSBM+nMbTLAttnM6Yviu2DQb2ZnqWReibLQtPgrWl2NutvTtyIVg7qnW54XIzplnRvHCcumodVZpB9Kou1RFhrb8ly0xEZv9OLDDKmikWz4K0+/6LB0dvdYBhfDolblZhGjw8D5S8cUZu+k8CMUdk45Nl6Ey6tAoN6ExVEjff3BG/mQdIUvKL23ai/+cUMpk1n/bVeL7ym2o8xI17hOYfutYLqfl6hxwvXblmutSCOKdnqsh8egmctv5vvJxGTRSN4XS5nw/HT1edfnI0rCkZr0dzt8eEAXOUhpwuI/jAFdHkx1L89KxsM6k2Uvm/qv2sWvOKjmrxrGo/qcMPVoJukeCte3e1xdFB8FSxJIdxrgeXghOmDRKqyaJU6pLbHj8nLY/DUvVqvgMTXE6LmKfT4Mfalb027uqouXBHB6+5tXLetOv/S44LzXVmup5A3PbcNngOV0UyFm2Gcuy5anEdD8G7TRiGDetNkkEpVDs1mwVtqdt6UZcG+z2kK3uWSd2Km2rcHg+aayMME4s+MWosHjQf3kQo0UTMOlI4NOwZPhxHYWycgiznEv/Bi0OgiEV/6wTPhBhdN/RE1F640vRCl+vyL7aA41hrNVd7lhMv0fNpbstLyLIKhTyLI7x/FxBeuhjX4rYxBvVlq50s44G4YvHicrh4WZapxLCeakTdN3R4HB6uawKmrU+JrwoUhH8eotgTNh/Hro+KLPIspfyfeKK3gEsLI6ZHSZkxr2/lOJwb+kQL2iH2vxjF5pHE32u+XRtp8IvsDT+P+6V/SyJTPv4jj9WDjbhLxjAid8cn+5xwip4Yw8skAOo3FCqyNplTYHhjUm6RYO1/Cvt8xHrXpSaKXKJhOUjoPuCpNYFFDGftbDrYjIfgbTaRDStH2h5H8dQ63LwzDZ29H7k4EE99MiG0KiV/FF/3hUUz+64k4TmIYXnaJ+VpwwnvMIYJUg+1QGBOfNmmLveuF77Bx1FnhOh7G6OHm78l6LIr0v4bh3W1F4adpTNzIwn70EuK3omvcOmhBchY9Wsl6zEctJL8y5viVUzl2BfTYb/KBuvJ69Ijc19j6J/U5+Uh91fuXp4nM39aHjTmuTSt1vD5Oc9ratsr0oJzmlNZcDukHpuu1XN4mF6LUNDv7PY27SUStx//FaLlpOnN+CKHPBuG292FiwYnwdxHWUIhaCIN6U9jgPewtdUdY9wUQPtPs7Lwb3uOmZuefG3eTlOwTTeWUMZ+1DdrjOCLfJYEDYcymZjEq58EmotbAoN4ktk9nMa/rmE9dWkXtth2e82nk9Tzm4qOrPqmi7Qvi0t058XPGSj7zSF4dhffd7XrenKh1MaiJiBTHoCYiUhyDmohIcQxqIiLFMaiJCLg2BEtbG9qWtj+NmaYcVdCzCPrM77etDxH50FbEoCba5rS9Djhqt3csas+rscMCa733bVo9aStpM656kWWq51YIbe+L7+quUSR/DoOzY9RKIFSqzdgwmppDeJ+8m4jWDGvURESKUyuon6cQ+cSNzl1Gn5MFnY4BnLtjmgq0RuFBBEMOS6mPqsM/jQV5PxHRVqJOUD+LYMDuRugm4DgyDP9+IPcwjjGPDYPf14ngVymMHw1h+uFikC/8EMS4aT4MIqKtQo2gLiQQ+jCEuNWPS3cSiH07juiZoaUHMXPemD+5xtMkEqapPI39kg/M68oREW0NSpxMTJ3phvuvQPDHJCb7FyeyKF47gTc+miqVAR+iv8XgN88w9yqHyAdOUQOvdI3Yvkpi7uwan+7jycQmNvdkYvHOGAZOx5GXt9ddRwDRfwUbT5pPtNaMoN5U85d0n3gb2qHqOZZvf66V51PGTr8erTdfc/62HuyR+4jNc6HxLM1/yDrNR711bO581PPTft0q//4bsWl7gvpsw7nDidbepnd95K5NY8aY9vO4afHVVwnMVK2gvcJ6gpoH42cDWKyD22Df3VEq0fZhPRotzUIojuUN2fKZSXgbzh1OtPY2OahziN9MAF0eDB40zch8L4F4eQXtmhCv0X7Yh8XebBHUNvUGu1eunGqNjTZfvb8Lt7XdWs0mB7UNgek88qlJ+Mq1lCJmrkQq6wN2uTB4oMG0+jtkODdbjp6IqEVtetdHu6ZB22mqCb+II37ddILwQPUK2sv8ki2Fuq3XCXuj5eiJiFqUGsPzTIq34oiZuj08hz2yD7q+Ymk1bw2Og+6G+22Wev2cKm+0+er9Xbit7dZqFAvqIuI3YyjXp7s88B5oHL/JuzHxXyc8rsarDhIRtSrFJmVKYGRXHyZkjVo7EkX2qn/lhV9fzOCEbRBTXeN4khpen7GtHEfdxCaPo753DoOfxzAvb687jqOmzWAEtTJ+ntQ9cryqsTUbF/1yJqBr0HTvt+swfnoJx1E3scnjqK/4xDFQOWbWe+M4atoManV95LKifrbEBtvbFlmuZwHR76dQ6PIi8OFKg/doq7Mei8lV1jdm4zhq2gzKnUw0s3Y06J++N4mJ64DraAhedk8T0RamVlDv6oBDFhsy5vk4cw7ZngBGPnOpvRIFEdFrUiuoe1xwl5uVOaTuly97qZL7LoSxW3b4T4/Cx9o0EW1xagX1Dg8CX1TGVSQuTCBeufZF1KQLSP1tAM6TcXQcHUP4GPumiWjrU66P2nEqiuhROfjJWEzgT50Y+GQEI6dPiLIN7i+TsH8aw+wVPxjTRLQdqHcycYcN/uk05n6cxPARD+w7cohfnsDE5QTyvQFM/phG4lsfbLxcnGj9GdcR1JnUqPNMSu6w1oxx+ctfr+1PY1ivV2wF6gV1STts/UGMX72NJ/NyaNRvc0heHUew38aTh0QbzLrbAcfeymZ7a/0+hZrpdUqvxeGQqgY1EanE/WUC6fvp8nb71KrGZ/0BHoRNr5O+H8Pwer1UC2FQExEpjkFNtJ0UC8jeSyBbnqGSWgGDmmi7eJXCOZcN3a4+dO8aQOQXeT8pj0FNtE0Ur09h7OHShQlFEdyySMpjUBNtE8mUMXe71MWl61oJg5poW8ggdde8xB2XrmslDGqi7eCXJJIPZFmwORxKLl1H9TGoibaBYmlt0SUueA9yAoZWwqBuNcUcEhdHMOhxonOXvLx2VyecH5xA5I55BiuiisyjypIcxlqk7t2yTC2BQd1Cik8jGLB1ou/kBGayRdgPD2P4VBA+8aHL3ZhCyGNB97rNwUCtK4f0T5Upg9k/3XoY1K3iWQSDB0KILwD2o5NIPnqC2X+OY/z8JGJ35zCfiyLQA2T/GsS5h/JnaBvKYsJlmsyotHUidEc+LOQuD8JS9XgfIs/kg2uuiNytCEY+6oPTZpGvZ0GnYwAnLiZQ4BDBVWFQt4QcIp+JkDauJts3iqn/CcJVNVFNAZnvpzD72ChnEL2RKd1L29C/k0jck+XV2ueCcz0W4ChmEfnAhs73Q5i49gTF9wZFC3AYwSN28T7jmDrZB4tjDCmGdVMM6hZQvH4OY7cWyx5/AK43F8tl98YxdCYBUdku0do5v+C29XYAszUL8ia/Mp047Ari9n+qH9dT4eXH1OsylsvzuRG6IY7KHj8mU1k8+dcl0QIcx+TVJOZ+nUP0zyKwH59D8BtWLJphULeA5J2YqDMv0t58Q5ZMXhaRl0XsdGGwXy68QGT0T9+r9E9rvW441zqU68h9dwKhm8ZR68Lo/04huK96MGDhwTSmbmRL5cx0XLQDqREGtfJyyD6tjOaY+Xt4sQvE7OAYEv8cFc3KcUTvxjG8R95P9CKDjGyNGZwu1/qPn34xg3Nn5SiT/iEE9tW28FIYPy6O2aUm4JvtnGO+CQa18iywmD9ZjyMY2NWGDnsfBj8bQ+RWFoWiBsfxsGhWDsO/m5cxkMnjNCoD82xwOTZg/HQqgdhSZUKE8PI24EtjEj9Jg8vnAduAjTGolSdCuLey4O+ShacJzHx3DqH3u2F5x4mh7+uv2E7bW+5+SrTJpC4PnBswfjr3VFQeZBnXJxAudYGYeTB28xJGTw1jfDqJ+LotQrB1MKhbgP0vExjtkTfqeZ7B9Med6P4re/rIrIDUXdOFLjYHHBuwrJVFM7fqsoh4LWjr6EbfRyGMXUwgWyhC2xtA+Pw4ho/aeSn7KjCoW8EOF8J305g81nh+huyZMc4xTCZppE3jp+37nBuycr/mcGNZG3Ahi8S1CM6d7EO3pQPOj6eR47C8VWNQtwrNgeCVNPL/yeNJahaXzgfh21c7+DWOmRvsAiHpYQqJ8olnG9yODeoJ7hnGxFeNXssY9z+ETsc5jvZYJQa1wgqPE5i6GEHcNOoDb2qiZuRF4NQkYqkc5qYDVSdicr8tnUqn7a7wKG0KQgdcro3rZHCdTSJ9wd+4q+XxGMa+Y8ViNRjUispdHIDtvT6cOBnCgN2zwmXh7bAdHcfYMXlTsO1aj0vMqBUlUzOyJPQ41+fqwxVpcHweRXr+JfLZZGm6g+ARF5a1Aa/HKyc7aUUM6tUqFpB/XkBhpe2F3G8tPJ/GyMl45cy5OJSfZGvPnC/RoJUvYLDD1bv2vZDFQp3f17QV5X6kkgwy92VRsPXa6/ZPLzyII/5gjVphz7NIXI4gcsM06mNHO7TdLniPD5euSMzJOWnKcvPlK2ppZQzq1fq3MX7ZAssKm/P8Gs5al0nCVBcCdrrh7l2h2foqhaS8oEHbH8Dg3sXyWkqeqf87L26DmJL7kUJqFgpwHHAvPxG9MIVg7wBCF5KvH5bPxOfD3o2+T0IIfdANz9/q9z63v+vH+Jd+eUuwdSyrZdNyDGoVvaVVaj9WD4aviA9Ul7xdI/ddeHHms50uBP8WgIPTV5JQrFoowA7ne8vjMHN5SlQI7PB86H7NsCxg+ks5aZiUe2SqVdfQNIssbdxIlFbHoG6mf7J6ApsVtrmzyy9K+cP2DiKwzyhocJ0MI9xf52P0qoDUxSEMlLpI7PCensDI/vU5WeS5UP93rt7mEC69Z1LB/IKp57fLDXvtQraiBjz29xS0Q0GMHn7dOm0ayWuyWKLBfWDlS9VTd+VXiKhcBHxr+LnZwhjUKtrhwOj3Ufh7RBh/6cYbHYsruIycHiltoY/60P2OBe6T08iKGndwOobYqQ2Yw4FalBUd5tEXxsx2J8dEjduFsa+DsL12K+wNaOUWnxWeU1FM/XmFerL4ggj/r/ElIiohn04gwHlpVkfUhkhV/5fXn0yP64HDDt1uhW78uYzNutuhe44E9fF/JvW5l3JfIrNH47qoq8pjJqDHlo6TfFofP2wV99l1/5U5eWcDPwZLz+G7kpd31Jf+2lXaT9sf1pP/kXfWyKcmdX/P4nuyHx7Xk42fUprTJ/vFz3SN6kl5z3bUZvxH/MMR0ZZSQOKkG30XF6cStR4MYOjdeczcMIbDOeA/L2q9x+3NZ627FULb+xGIoEbsWIM2m6ilT388gKEfjNfTYNvjhqdfXh7+IofMnSQST41TlqLG/fkEJs/7YV/VlHmi9v9+J0K5USR/Di+/4nGbYNcH0ZakwXMhifQ/g/DutmLhzhQmbuYgarKYvZ9EdDUh/XvssME//QT5R1GMH3dDK6Yx9c0EJoztehb5DjeC5y8hmcvh9oXVhjQtYY2aiFa22hr1umGN2sAaNRGR4hjURESKY1ATESmOQU1EpDgGNRGR4hjURESKY1ATESmOQU1ETc18bEFbW1t56zyzhtP6VkkgZHqdtrZOhOQ0vtsZg5qIVrZDg2OvY9lme2v9Li3U6rye4x3L2l5J2WJ4ZSIRkeJYoyYiUhyDmohIcQxqIiLFMaiJiBTHoCYiUhyDmohIcQxqIiLFMaiJiBTHoCYiUhyDmohIcQxqIiLFMaiJiBTHoCYiUhyDmohIcQxqIiLFMaiJiBTHoCYiUhyDmohIcQxqIiLFMaiJiBTHoCYiUhyDmohIcQxqIiLFMaiJiBTHoCYiUhyDmohIcQxqIiKlAf8P+4kn3kLxnwUAAAAASUVORK5CYII=" style="height:96px; width:200px" /></p>\r\n\r\n<hr />\r\n<h3>Ruch jednostajnie prostoliniowy</h3>\r\n\r\n<p>W ruchu jednostajnie prostoliniowym ciało porusza się po linii prostej ze stałą prędkością, czyli wraz ze wzrostem dystansu wzrasta przebyty czas zachowując ten sam stosunek dystans/czas (prędkość).</p>\r\n\r\n<p>Przykład:</p>\r\n\r\n<p>Samoch&oacute;d jedzie z prędkością 20 m/s przez 10 s. Czy po pokonaniu dystanu 1000 m w czasie 50 s można tu m&oacute;wić o ruchu jednostajnie prostoliniowym.</p>\r\n\r\n<p>Sprawdźmy:</p>\r\n\r\n<p>Prędkość samochodu: v1 =20 m/s,</p>\r\n\r\n<p>Pokonany dystans: s = 1000 m,</p>\r\n\r\n<p>Przebyty czas: t = 50 s.</p>\r\n\r\n<p>wyznaczając prędkość: v2 = s / t = 1000 / 50 = 100<s>0</s> / 5<s>0</s> = 20 m/s.</p>\r\n\r\n<p>Odp: Tak, po&nbsp;pokonaniu dystanu 1000 m w czasie 50 s samoch&oacute;d poruszał się w&nbsp;ruchu jednostajnie prostoliniowym, v1 = v2.</p>\r\n\r\n<hr />\r\n<h3>Ruch jednostajnie przyśpieszony</h3>\r\n\r\n<p>W ruchu jednostajnie przyśpieszonym sytuacja jest zupełnie inna. Podczas, gdy ciało się porusza się w czasie, gwałtownie wzrasta jego dystans. Spowodowane jest tym, gdyż w tym ruchu występuje jeszcze jeden czynnik - przyśpieszenie (a).</p>\r\n\r\n<h4>Wielkości fizyczne stosowane w kinematyce:</h4>\r\n\r\n<table border="1" cellpadding="1" cellspacing="1" style="width:500px">\r\n\t<thead>\r\n\t\t<tr>\r\n\t\t\t<th scope="col">&nbsp;</th>\r\n\t\t\t<th scope="col"><strong>Droga (s)</strong></th>\r\n\t\t\t<th scope="col"><strong>Czas (t)</strong></th>\r\n\t\t\t<th scope="col"><strong>Prędkość (v)</strong></th>\r\n\t\t</tr>\r\n\t</thead>\r\n\t<tbody>\r\n\t\t<tr>\r\n\t\t\t<td>do czego stosowany</td>\r\n\t\t\t<td>długość toru ruchu</td>\r\n\t\t\t<td>czas trwania ruchu</td>\r\n\t\t\t<td>określa, jaką drogę ciało pokonuje w jednostce czasu</td>\r\n\t\t</tr>\r\n\t\t<tr>\r\n\t\t\t<td>jednostka</td>\r\n\t\t\t<td>metr (m)</td>\r\n\t\t\t<td>sekunda (s)</td>\r\n\t\t\t<td>metr na sekundę (m/s)</td>\r\n\t\t</tr>\r\n\t</tbody>\r\n</table>\r\n\r\n<p>Prędkość jest wyrażana za pomocą tego wzoru:</p>\r\n\r\n<p><img src="data:image/png;base64,iVBORw0KGgoAAAANSUhEUgAAAWoAAACtCAYAAACZQjVbAAAAAXNSR0IArs4c6QAAAARnQU1BAACxjwv8YQUAAAAJcEhZcwAAEnQAABJ0Ad5mH3gAABptSURBVHhe7d1/aJPXwgfwb1/8o4MNnoBCChsspRdM6cAECyboH6Z0YIqDpTgwxYGL948tmXDXKrxr5x/euAuuvRe02eB97RUc6UBJhSuNMDH+4UgEJREUI0yawS60MCGBKxh4hec9T3qaPEnTpJv9cdJ+P/BsJ8nTJLVPvjnnPOc5p00XQEREyvov+X8iIlIUg5qISHEMaiIixTGoiYgUx6AmIlIcg5qISHEMaiIixTGoiYgUx6AmIlIcg5qISHEMaiIixTGoiYgUx6AmIlIcg5qISHEMaiIixTGoiYgUx6AmIlIcg5qISHEMaiIixTGoiYgUx6AmIlIcg5qISHEMaiIixTGoiYgUx6AmIlIcg5qISHEMaiIixTGoiYgUx6AmIlIcg5qISHEMaiIixTGoiYgUx6AmIlIcg5qISHEMaiIixTGoiYgUx6AmIlIcg5poW0sg1NaGttrtT2NIyT2U9CyCvnrv+6NpFOQuWwmDmogAqx2OvY7K9o4F7fIhJe2wwGp+v3vtsMqHtqI2XZBlItp2jBp1HyJHoshf9UOT97aerfJ71McaNRGR4hjURESKY1ATESmOQU1EpDgGNRGR4hjURESKY1ATESmOQU1EpDgGNRGR4hjURESKY1ATtbLnWUx/cwIDvd3oWJqYqKMbfR+NYPppUe60NopPp3DiQCcs4jUsNqd4jQkknssHlxRzSFwcwaDHic5di+9ncd9ziP9S5/28yCH+Tahq/w67EwMnp5Cqfe5tjHN9NFMsoPBClhtp16C9KctbTLFQQPGVvNFAu6ahfYe8QeuucHMEno8nkBGBpr3rgueQG7Y3C8jemEX86YLYQ4PvShaxY42mK1rlHBnPIhhwhZB824chF5C8NlN6Xez0IfooBr94icKdcxj0jyGxYIX98AC8uzUUf0kidi0F490AVvinM4geNd5PEdnLAQydnkYGNjhcHniW7W/HaOoJwvtKN5rY2nN9wAhqauDHoPFF1nSzfZWUP7D13P68/u9cvdn00ZT8AVp3eXFc2kv/7pru+susPvdSPiDlU2Hdu9N43K/H/iPvrOu2HjSe50hUz8t7lpvTJ/vFPj1+Pfrz4j3prx2Vv/2xqP7kaqD0fuyHw/rsz9VvJi8eE8G5uO/OgHg/ef32XxziPvHeP72kJ+er95+74Kk8985h8Q5XYzW/R+ti18dmeZ7AuQ9kc1U0VZ0fhJY3VV+J2tEPEzjxgRPdHZVmrbHv1L06s+4WF5C6PFa1f8NmJ7WmFwmMfRZBVhRtRyKI/t0Lm3lO0lc5xL+NIVnqOphG7MZrztD80xQmbgEu/wj8XYt3aW9aFguG74fQ/dEUcDSK2ZlReLuqJ0jVDorasizj+RTGD3kx+I8i3Ofj4n0G4LJW72875DPtP4PEPVnezmRg00qWatRdo/qa1Znz4tu/Rzyn1aMHTgV0j1XWHmAv10pfZi/p/j2auE/Tbft9evDUsD583KvbSrUkY9N0x9nKO8onwvJ5rLr9YP39fVfm5d5rSdZkWKPeME/Ou+Tf1KYHf6ypSgv5Kz75+OI+gZlGdczmNdHkf9vE87j08UfyDmH206XnX9y0/eLzseLLLB0jlc3++e2Va74/T+oiqMv7+q6spo68tWvUDOpm1jyoX+q3PxcH/k6XPnp38ZB6KZqGSwcl9oT12/cXm63a/qB+6e68+AmTTFh3Le0rPzxz33p1q7hdt9kZD+q28v5efTInH1gzDOqNJbshSv/mVnEMybtNjOOhfDz1BPRYw+/nZgGX1Ee7xOP7xvUn8h5dT+vhvfL5jU0cy+MZ+VA9NcGLnqB+u1GaMqiXYdfHRluIInIxJ5p3IwjtXzzl0a6Zmn4Px9DXO4bk7lHEb0wisN9avdLGHtGMlM1PIIXIp24MfJaE7dNY/WZnvxdeWQbiSNzdigsVbSc5ZG/JIhYQ+TqCbE2vlu3PU5g9P4zhryZx++Yl+F5n6ZPHSSSeiefsdUB84S/6JYnkA1kW7MfCCO6RN+r5NYe0LIpngv/MGDwNzvYVMxkkZNnY37JFT9L/HgzqDbZwM44ZcfB5PvSUlw7KPTV6G016/IhcDsNV92C2oqP8iRE/+1MK84fCiF7wwVZvxMWO6uDO/FzzWtRi3oBW/qI2Rn6E0P2GBZ2OAZw4PYHphwsoimPEe2oc42eD8Lwtd/yjdgcR/y2P9NeecoWheD8jvvKXiGP5kLvhsl2Ze4nKOoY7HRg40PibI/OoEtPG8zve23JjOH43BvWGKiBxcwbo8sB7YOngKyKTMR+YdgTOTpRP2ixnrlEJO70IXwjWD2nDK55E3FoccB6sDa4Ccg/jmPpmBEOODrzxTh/O/bRGLSfxRa/trB56WhWkInjd7zWK6QKyooZc1uWGo2FOi9r0zZwsC/u8phbk9sWg3kjFBBLXxP9tDjh2Lt4FiGbkDVkUtENBjH7Y4Ej+JSuiusL1hWh2NjqQH2fEK1RY32LtpLW1w3c2Al/5+KljIYGxAzYM/bAe3Vw5pH8yHYHNgveVOL6NY16yHXSLqkgDjxOYNXer9DfZf5tgUG+kdi/GRTMyfzUgGnTSw1TV1V3OQ97KY3UUq5qddngOOmS5vsKjtKijLLHBuafRs1NLsPoRy8xi+GCjhCxg+mTY1Ne7Rp6L4/WOLAtNg/dBsrqbpLdx7ObuxJGSZeP49nldsry9Mag3lGxGmk4eVgepHa7exkFa1ewUtRlnw2ZhUXyoZmRZ6PLA42jUTKWW8bb40k/M42V+DukfY5j8KgDvuzWtpecTmDF3k62FTLLqRF/T4L2fMrUAm/U35xC/YTq+e7zw9MjyNseg3mTJlDlImwVvTbPzPRfcjZrAL+LiwJdlQXN4Gu9PCisid28GkYtTyPxb3iW0ayL8+n0Inr2E2Z9zSH7trbp8en5hbbs/UnfjlRODTYO35vxLjzj+GnbTzSBq+mKx93vhNvWNF58XUChsz3MuDOpNlULSXONpFrw1zU6Xy10eOVJXKoFYuVtFg+dwZaQJtZICEied6HQNInTyBJzvDGGm3vwzOzS4ToUxslfeFkHaUXPV3+sRFYV7popCs+CtOf9iO+hq2E2SvRmr7vb4qDLSBM+nMbTLAttnM6Yviu2DQb2ZnqWReibLQtPgrWl2NutvTtyIVg7qnW54XIzplnRvHCcumodVZpB9Kou1RFhrb8ly0xEZv9OLDDKmikWz4K0+/6LB0dvdYBhfDolblZhGjw8D5S8cUZu+k8CMUdk45Nl6Ey6tAoN6ExVEjff3BG/mQdIUvKL23ai/+cUMpk1n/bVeL7ym2o8xI17hOYfutYLqfl6hxwvXblmutSCOKdnqsh8egmctv5vvJxGTRSN4XS5nw/HT1edfnI0rCkZr0dzt8eEAXOUhpwuI/jAFdHkx1L89KxsM6k2Uvm/qv2sWvOKjmrxrGo/qcMPVoJukeCte3e1xdFB8FSxJIdxrgeXghOmDRKqyaJU6pLbHj8nLY/DUvVqvgMTXE6LmKfT4Mfalb027uqouXBHB6+5tXLetOv/S44LzXVmup5A3PbcNngOV0UyFm2Gcuy5anEdD8G7TRiGDetNkkEpVDs1mwVtqdt6UZcG+z2kK3uWSd2Km2rcHg+aayMME4s+MWosHjQf3kQo0UTMOlI4NOwZPhxHYWycgiznEv/Bi0OgiEV/6wTPhBhdN/RE1F640vRCl+vyL7aA41hrNVd7lhMv0fNpbstLyLIKhTyLI7x/FxBeuhjX4rYxBvVlq50s44G4YvHicrh4WZapxLCeakTdN3R4HB6uawKmrU+JrwoUhH8eotgTNh/Hro+KLPIspfyfeKK3gEsLI6ZHSZkxr2/lOJwb+kQL2iH2vxjF5pHE32u+XRtp8IvsDT+P+6V/SyJTPv4jj9WDjbhLxjAid8cn+5xwip4Yw8skAOo3FCqyNplTYHhjUm6RYO1/Cvt8xHrXpSaKXKJhOUjoPuCpNYFFDGftbDrYjIfgbTaRDStH2h5H8dQ63LwzDZ29H7k4EE99MiG0KiV/FF/3hUUz+64k4TmIYXnaJ+VpwwnvMIYJUg+1QGBOfNmmLveuF77Bx1FnhOh7G6OHm78l6LIr0v4bh3W1F4adpTNzIwn70EuK3omvcOmhBchY9Wsl6zEctJL8y5viVUzl2BfTYb/KBuvJ69Ijc19j6J/U5+Uh91fuXp4nM39aHjTmuTSt1vD5Oc9ratsr0oJzmlNZcDukHpuu1XN4mF6LUNDv7PY27SUStx//FaLlpOnN+CKHPBuG292FiwYnwdxHWUIhaCIN6U9jgPewtdUdY9wUQPtPs7Lwb3uOmZuefG3eTlOwTTeWUMZ+1DdrjOCLfJYEDYcymZjEq58EmotbAoN4ktk9nMa/rmE9dWkXtth2e82nk9Tzm4qOrPqmi7Qvi0t058XPGSj7zSF4dhffd7XrenKh1MaiJiBTHoCYiUhyDmohIcQxqIiLFMaiJCLg2BEtbG9qWtj+NmaYcVdCzCPrM77etDxH50FbEoCba5rS9Djhqt3csas+rscMCa733bVo9aStpM656kWWq51YIbe+L7+quUSR/DoOzY9RKIFSqzdgwmppDeJ+8m4jWDGvURESKUyuon6cQ+cSNzl1Gn5MFnY4BnLtjmgq0RuFBBEMOS6mPqsM/jQV5PxHRVqJOUD+LYMDuRugm4DgyDP9+IPcwjjGPDYPf14ngVymMHw1h+uFikC/8EMS4aT4MIqKtQo2gLiQQ+jCEuNWPS3cSiH07juiZoaUHMXPemD+5xtMkEqapPI39kg/M68oREW0NSpxMTJ3phvuvQPDHJCb7FyeyKF47gTc+miqVAR+iv8XgN88w9yqHyAdOUQOvdI3Yvkpi7uwan+7jycQmNvdkYvHOGAZOx5GXt9ddRwDRfwUbT5pPtNaMoN5U85d0n3gb2qHqOZZvf66V51PGTr8erTdfc/62HuyR+4jNc6HxLM1/yDrNR711bO581PPTft0q//4bsWl7gvpsw7nDidbepnd95K5NY8aY9vO4afHVVwnMVK2gvcJ6gpoH42cDWKyD22Df3VEq0fZhPRotzUIojuUN2fKZSXgbzh1OtPY2OahziN9MAF0eDB40zch8L4F4eQXtmhCv0X7Yh8XebBHUNvUGu1eunGqNjTZfvb8Lt7XdWs0mB7UNgek88qlJ+Mq1lCJmrkQq6wN2uTB4oMG0+jtkODdbjp6IqEVtetdHu6ZB22mqCb+II37ddILwQPUK2sv8ki2Fuq3XCXuj5eiJiFqUGsPzTIq34oiZuj08hz2yD7q+Ymk1bw2Og+6G+22Wev2cKm+0+er9Xbit7dZqFAvqIuI3YyjXp7s88B5oHL/JuzHxXyc8rsarDhIRtSrFJmVKYGRXHyZkjVo7EkX2qn/lhV9fzOCEbRBTXeN4khpen7GtHEfdxCaPo753DoOfxzAvb687jqOmzWAEtTJ+ntQ9cryqsTUbF/1yJqBr0HTvt+swfnoJx1E3scnjqK/4xDFQOWbWe+M4atoManV95LKifrbEBtvbFlmuZwHR76dQ6PIi8OFKg/doq7Mei8lV1jdm4zhq2gzKnUw0s3Y06J++N4mJ64DraAhedk8T0RamVlDv6oBDFhsy5vk4cw7ZngBGPnOpvRIFEdFrUiuoe1xwl5uVOaTuly97qZL7LoSxW3b4T4/Cx9o0EW1xagX1Dg8CX1TGVSQuTCBeufZF1KQLSP1tAM6TcXQcHUP4GPumiWjrU66P2nEqiuhROfjJWEzgT50Y+GQEI6dPiLIN7i+TsH8aw+wVPxjTRLQdqHcycYcN/uk05n6cxPARD+w7cohfnsDE5QTyvQFM/phG4lsfbLxcnGj9GdcR1JnUqPNMSu6w1oxx+ctfr+1PY1ivV2wF6gV1STts/UGMX72NJ/NyaNRvc0heHUew38aTh0QbzLrbAcfeymZ7a/0+hZrpdUqvxeGQqgY1EanE/WUC6fvp8nb71KrGZ/0BHoRNr5O+H8Pwer1UC2FQExEpjkFNtJ0UC8jeSyBbnqGSWgGDmmi7eJXCOZcN3a4+dO8aQOQXeT8pj0FNtE0Ur09h7OHShQlFEdyySMpjUBNtE8mUMXe71MWl61oJg5poW8ggdde8xB2XrmslDGqi7eCXJJIPZFmwORxKLl1H9TGoibaBYmlt0SUueA9yAoZWwqBuNcUcEhdHMOhxonOXvLx2VyecH5xA5I55BiuiisyjypIcxlqk7t2yTC2BQd1Cik8jGLB1ou/kBGayRdgPD2P4VBA+8aHL3ZhCyGNB97rNwUCtK4f0T5Upg9k/3XoY1K3iWQSDB0KILwD2o5NIPnqC2X+OY/z8JGJ35zCfiyLQA2T/GsS5h/JnaBvKYsJlmsyotHUidEc+LOQuD8JS9XgfIs/kg2uuiNytCEY+6oPTZpGvZ0GnYwAnLiZQ4BDBVWFQt4QcIp+JkDauJts3iqn/CcJVNVFNAZnvpzD72ChnEL2RKd1L29C/k0jck+XV2ueCcz0W4ChmEfnAhs73Q5i49gTF9wZFC3AYwSN28T7jmDrZB4tjDCmGdVMM6hZQvH4OY7cWyx5/AK43F8tl98YxdCYBUdku0do5v+C29XYAszUL8ia/Mp047Ari9n+qH9dT4eXH1OsylsvzuRG6IY7KHj8mU1k8+dcl0QIcx+TVJOZ+nUP0zyKwH59D8BtWLJphULeA5J2YqDMv0t58Q5ZMXhaRl0XsdGGwXy68QGT0T9+r9E9rvW441zqU68h9dwKhm8ZR68Lo/04huK96MGDhwTSmbmRL5cx0XLQDqREGtfJyyD6tjOaY+Xt4sQvE7OAYEv8cFc3KcUTvxjG8R95P9CKDjGyNGZwu1/qPn34xg3Nn5SiT/iEE9tW28FIYPy6O2aUm4JvtnGO+CQa18iywmD9ZjyMY2NWGDnsfBj8bQ+RWFoWiBsfxsGhWDsO/m5cxkMnjNCoD82xwOTZg/HQqgdhSZUKE8PI24EtjEj9Jg8vnAduAjTGolSdCuLey4O+ShacJzHx3DqH3u2F5x4mh7+uv2E7bW+5+SrTJpC4PnBswfjr3VFQeZBnXJxAudYGYeTB28xJGTw1jfDqJ+LotQrB1MKhbgP0vExjtkTfqeZ7B9Med6P4re/rIrIDUXdOFLjYHHBuwrJVFM7fqsoh4LWjr6EbfRyGMXUwgWyhC2xtA+Pw4ho/aeSn7KjCoW8EOF8J305g81nh+huyZMc4xTCZppE3jp+37nBuycr/mcGNZG3Ahi8S1CM6d7EO3pQPOj6eR47C8VWNQtwrNgeCVNPL/yeNJahaXzgfh21c7+DWOmRvsAiHpYQqJ8olnG9yODeoJ7hnGxFeNXssY9z+ETsc5jvZYJQa1wgqPE5i6GEHcNOoDb2qiZuRF4NQkYqkc5qYDVSdicr8tnUqn7a7wKG0KQgdcro3rZHCdTSJ9wd+4q+XxGMa+Y8ViNRjUispdHIDtvT6cOBnCgN2zwmXh7bAdHcfYMXlTsO1aj0vMqBUlUzOyJPQ41+fqwxVpcHweRXr+JfLZZGm6g+ARF5a1Aa/HKyc7aUUM6tUqFpB/XkBhpe2F3G8tPJ/GyMl45cy5OJSfZGvPnC/RoJUvYLDD1bv2vZDFQp3f17QV5X6kkgwy92VRsPXa6/ZPLzyII/5gjVphz7NIXI4gcsM06mNHO7TdLniPD5euSMzJOWnKcvPlK2ppZQzq1fq3MX7ZAssKm/P8Gs5al0nCVBcCdrrh7l2h2foqhaS8oEHbH8Dg3sXyWkqeqf87L26DmJL7kUJqFgpwHHAvPxG9MIVg7wBCF5KvH5bPxOfD3o2+T0IIfdANz9/q9z63v+vH+Jd+eUuwdSyrZdNyDGoVvaVVaj9WD4aviA9Ul7xdI/ddeHHms50uBP8WgIPTV5JQrFoowA7ne8vjMHN5SlQI7PB86H7NsCxg+ks5aZiUe2SqVdfQNIssbdxIlFbHoG6mf7J6ApsVtrmzyy9K+cP2DiKwzyhocJ0MI9xf52P0qoDUxSEMlLpI7PCensDI/vU5WeS5UP93rt7mEC69Z1LB/IKp57fLDXvtQraiBjz29xS0Q0GMHn7dOm0ayWuyWKLBfWDlS9VTd+VXiKhcBHxr+LnZwhjUKtrhwOj3Ufh7RBh/6cYbHYsruIycHiltoY/60P2OBe6T08iKGndwOobYqQ2Yw4FalBUd5tEXxsx2J8dEjduFsa+DsL12K+wNaOUWnxWeU1FM/XmFerL4ggj/r/ElIiohn04gwHlpVkfUhkhV/5fXn0yP64HDDt1uhW78uYzNutuhe44E9fF/JvW5l3JfIrNH47qoq8pjJqDHlo6TfFofP2wV99l1/5U5eWcDPwZLz+G7kpd31Jf+2lXaT9sf1pP/kXfWyKcmdX/P4nuyHx7Xk42fUprTJ/vFz3SN6kl5z3bUZvxH/MMR0ZZSQOKkG30XF6cStR4MYOjdeczcMIbDOeA/L2q9x+3NZ627FULb+xGIoEbsWIM2m6ilT388gKEfjNfTYNvjhqdfXh7+IofMnSQST41TlqLG/fkEJs/7YV/VlHmi9v9+J0K5USR/Di+/4nGbYNcH0ZakwXMhifQ/g/DutmLhzhQmbuYgarKYvZ9EdDUh/XvssME//QT5R1GMH3dDK6Yx9c0EJoztehb5DjeC5y8hmcvh9oXVhjQtYY2aiFa22hr1umGN2sAaNRGR4hjURESKY1ATESmOQU1EpDgGNRGR4hjURESKY1ATESmOQU1ETc18bEFbW1t56zyzhtP6VkkgZHqdtrZOhOQ0vtsZg5qIVrZDg2OvY9lme2v9Li3U6rye4x3L2l5J2WJ4ZSIRkeJYoyYiUhyDmohIcQxqIiLFMaiJiBTHoCYiUhyDmohIcQxqIiLFMaiJiBTHoCYiUhyDmohIcQxqIiLFMaiJiBTHoCYiUhyDmohIcQxqIiLFMaiJiBTHoCYiUhyDmohIcQxqIiLFMaiJiBTHoCYiUhyDmohIcQxqIiLFMaiJiBTHoCYiUhyDmohIcQxqIiKlAf8P+4kn3kLxnwUAAAAASUVORK5CYII=" style="height:96px; width:200px" /></p>	1	1
24	Równania i nierówności	<h3>R&oacute;wnanie jest to zapis matematyczny zawierający znak r&oacute;wności (=), w kt&oacute;rym występuje niewiadoma, najczęściej oznaczana literą x.</h3>\r\n\r\n<p>Przykład:</p>\r\n\r\n<p>Naszym zadaniem jest znaleźć taką wartość x, dla kt&oacute;rej obie strony r&oacute;wnania są sobie r&oacute;wne.</p>\r\n\r\n<p>W tym przypadku:</p>\r\n\r\n<pre>\r\n<code>x = 12 - 5\r\nx = 7</code></pre>\r\n\r\n<p>Sprawdzenie:</p>\r\n\r\n<p><code>7 + 5 = 12</code><br />\r\nWynik się zgadza.</p>\r\n\r\n<hr />\r\n<h3>Zasady rozwiązywania r&oacute;wnań</h3>\r\n\r\n<p>Podczas rozwiązywania r&oacute;wnań możemy wykonywać te same działania po obu stronach r&oacute;wnania:</p>\r\n\r\n<ul>\r\n\t<li>dodawać tę samą liczbę,</li>\r\n\t<li>odejmować tę samą liczbę,</li>\r\n\t<li>mnożyć przez tę samą liczbę r&oacute;żną od zera,</li>\r\n\t<li>dzielić przez tę samą liczbę r&oacute;żną od zera.</li>\r\n</ul>\r\n\r\n<p>Przykład:</p>\r\n\r\n<p>Rozwiązanie:</p>\r\n\r\n<pre>\r\n<code>2x - 6 = 10\r\n2x = 16\r\nx = 8</code></pre>\r\n\r\n<p>Sprawdzenie:</p>\r\n\r\n<p><code>2 &middot; 8 + 4 = 16 + 4 = 20</code><br />\r\nWynik się zgadza.</p>\r\n\r\n<hr />\r\n<h3>R&oacute;wnania z nawiasami</h3>\r\n\r\n<p>Przykład:</p>\r\n\r\n<p>Najpierw usuwamy nawias:</p>\r\n\r\n<pre>\r\n<code>3x - 6 = 12\r\n3x = 18\r\nx = 6</code></pre>\r\n\r\n<hr />\r\n<h2>Czym jest nier&oacute;wność?</h2>\r\n\r\n<p>Nier&oacute;wność jest podobna do r&oacute;wnania, ale zamiast znaku &quot;=&quot; używamy:</p>\r\n\r\n<pre>\r\n<code>&gt;   większe od\r\n&lt;   mniejsze od\r\n&ge;   większe lub r&oacute;wne\r\n&le;   mniejsze lub r&oacute;wne</code></pre>\r\n\r\n<p>Przykład:</p>\r\n\r\n<pre>\r\n<code>x + 2 &gt; 7</code></pre>\r\n\r\n<p>Rozwiązanie:</p>\r\n\r\n<pre>\r\n<code>x &gt; 5</code></pre>\r\n\r\n<p>Oznacza to, że rozwiązaniem jest każda liczba większa od 5.</p>\r\n\r\n<hr />\r\n<h3>Ważna zasada przy mnożeniu przez liczbę ujemną</h3>\r\n\r\n<p>Jeżeli mnożymy lub dzielimy nier&oacute;wność przez liczbę ujemną, znak nier&oacute;wności zmienia kierunek.</p>\r\n\r\n<p>Przykład:</p>\r\n\r\n<pre>\r\n<code>-2x &gt; 8</code></pre>\r\n\r\n<p>Dzielimy przez -2:</p>\r\n\r\n<pre>\r\n<code>x &lt; -4</code></pre>\r\n\r\n<p>Znak zmienił się z &quot;&gt;&quot; na &quot;&lt;&quot;.</p>\r\n\r\n<hr />\r\n<h2>Przykłady rozwiązanych zadań</h2>\r\n\r\n<h3>Przykład 1</h3>\r\n\r\n<p>Rozwiąż r&oacute;wnanie:</p>\r\n\r\n<pre>\r\n<code>x = 15 + 8\r\nx = 23</code></pre>\r\n\r\n<hr />\r\n<h3>Przykład 2</h3>\r\n\r\n<p>Rozwiąż r&oacute;wnanie:</p>\r\n\r\n<pre>\r\n<code>x = 35/5\r\nx = 7</code></pre>\r\n\r\n<hr />\r\n<h3>Przykład 3</h3>\r\n\r\n<p>Rozwiąż nier&oacute;wność:</p>\r\n\r\n<pre>\r\n<code>x + 4 &lt; 10</code>\r\n</pre>\r\n\r\n<pre>\r\n<code>x &lt; 6</code></pre>	5	0
49	Instrukcje warunkowe	<p>inf</p>	14	3
50	Pętle	<p>pętl</p>	14	5
51	Funkcje	<p>funkcje</p>	14	6
40	Present Perfect	<p>Present Perfect - używany, kiedy m&oacute;wimy o czynnościach, kt&oacute;re się wydarzyły w przeszłości i do dziś trwają lub skutki tych czynności są obecne.</p>\r\n\r\n<p>Konstrukcja:</p>\r\n\r\n<p>Zdanie twierdzące: Podmiot&nbsp; + have / has + orzeczenie(czasownik w 3. formie) + reszta zdania.</p>\r\n\r\n<p>Zdanie przeczące: Podmiot + haven&#39;t / hasn&#39;t + orzeczenie(czasownik w 3. formie) + reszta zdania.</p>\r\n\r\n<p>Zdanie pytające: Sł&oacute;wko pytające + have / has + podmiot +&nbsp;orzeczenie(czasownik w 3. formie) + reszta zdania.</p>\r\n\r\n<p>&nbsp;</p>\r\n\r\n<p>Przykłady</p>\r\n\r\n<p>Zapomniałem skosić trawę. - I have forgotten to cut a grass.</p>\r\n\r\n<p>Jak długo znasz Tomka. - How long have you known Tom?</p>\r\n\r\n<p>Nie zapomniałem naszej pierwszej randki - I haven&#39;t forgotten our first date.</p>	10	3
39	Present Continuous	<p>Present Continuous - używany, kiedy m&oacute;wimy o czynnościach, kt&oacute;re się teraz dzieją, niedługo się wydarzą, niedługo się skończą.</p>\r\n\r\n<p>Konstrukcja:</p>\r\n\r\n<p>Zdanie twierdzące: Podmiot&nbsp; + am / are / is + orzeczenie(czasownik + -ing) + reszta zdania.</p>\r\n\r\n<p>Zdanie przeczące: Podmiot +&nbsp;am / are / is + not + orzeczenie(czasownik + -ing) + reszta zdania.</p>\r\n\r\n<p>Zdanie pytające: Sł&oacute;wko pytające +&nbsp;am / are / is + podmiot + orzeczenie(czasownik + -ing) + reszta zdania.</p>\r\n\r\n<p>&nbsp;</p>\r\n\r\n<p>Przykłady</p>\r\n\r\n<p>Uczę się na egzamin. - I am studing for the exam.</p>\r\n\r\n<p>Już wraca. - It is coming back.</p>\r\n\r\n<p>Nie pracujemy dziś wieczorem - We are not working this evening.</p>	10	2
13	Grawitacja	<h2>1. Czym jest grawitacja?</h2>\r\n\r\n<p>Grawitacja to siła przyciągania występująca między wszystkimi ciałami posiadającymi masę. Dzięki niej ludzie, zwierzęta i przedmioty pozostają na powierzchni Ziemi, a planety krążą wok&oacute;ł Słońca.</p>\r\n\r\n<p>Zjawisko grawitacji zostało opisane przez Isaac Newton, kt&oacute;ry sformułował prawo powszechnego ciążenia.</p>\r\n\r\n<hr />\r\n<h2>2. Prawo powszechnego ciążenia</h2>\r\n\r\n<p>Prawo to m&oacute;wi, że każde dwa ciała we Wszechświecie przyciągają się wzajemnie siłą grawitacji.</p>\r\n\r\n<p>Wartość tej siły zależy od:</p>\r\n\r\n<ul>\r\n\t<li>mas obu ciał,</li>\r\n\t<li>odległości między nimi.</li>\r\n</ul>\r\n\r\n<p>Wz&oacute;r:</p>\r\n\r\n<pre>\r\n\r\n&nbsp;</pre>\r\n\r\n<pre>\r\n<code>F = G &middot; (m₁ &middot; m₂) / r&sup2;</code></pre>\r\n\r\n<p>gdzie:</p>\r\n\r\n<ul>\r\n\t<li><strong>F</strong> &ndash; siła grawitacji [N],</li>\r\n\t<li><strong>G</strong> &ndash; stała grawitacji,</li>\r\n\t<li><strong>m₁, m₂</strong> &ndash; masy ciał [kg],</li>\r\n\t<li><strong>r</strong> &ndash; odległość między środkami ciał [m].</li>\r\n</ul>\r\n\r\n<p>Im większe masy, tym większa siła przyciągania.</p>\r\n\r\n<p>Im większa odległość, tym mniejsza siła przyciągania.</p>\r\n\r\n<hr />\r\n<h2>3. Siła ciężkości</h2>\r\n\r\n<p>W pobliżu powierzchni Ziemi najczęściej korzystamy ze wzoru:</p>\r\n\r\n<pre>\r\n\r\n&nbsp;</pre>\r\n\r\n<pre>\r\n<code>Fg = m &middot; g</code></pre>\r\n\r\n<p>gdzie:</p>\r\n\r\n<ul>\r\n\t<li><strong>Fg</strong> &ndash; siła ciężkości [N],</li>\r\n\t<li><strong>m</strong> &ndash; masa [kg],</li>\r\n\t<li><strong>g</strong> &ndash; przyspieszenie ziemskie.</li>\r\n</ul>\r\n\r\n<p>Na Ziemi przyjmujemy zwykle:</p>\r\n\r\n<pre>\r\n\r\n&nbsp;</pre>\r\n\r\n<pre>\r\n<code>g = 9,81 m/s&sup2;</code></pre>\r\n\r\n<p>lub w prostszych obliczeniach:</p>\r\n\r\n<pre>\r\n\r\n&nbsp;</pre>\r\n\r\n<pre>\r\n<code>g = 10 m/s&sup2;</code></pre>\r\n\r\n<hr />\r\n<h2>4. Masa a ciężar</h2>\r\n\r\n<h3>Masa</h3>\r\n\r\n<p>Masa określa ilość materii w ciele.</p>\r\n\r\n<p>Jednostka:</p>\r\n\r\n<pre>\r\n\r\n&nbsp;</pre>\r\n\r\n<pre>\r\n<code>kg</code></pre>\r\n\r\n<p>Masa nie zmienia się niezależnie od miejsca.</p>\r\n\r\n<p>Przykład:</p>\r\n\r\n<pre>\r\n\r\n&nbsp;</pre>\r\n\r\n<pre>\r\n<code>Na Ziemi: 70 kg\r\nNa Księżycu: 70 kg</code></pre>\r\n\r\n<hr />\r\n<h3>Ciężar</h3>\r\n\r\n<p>Ciężar jest siłą, z jaką planeta przyciąga ciało.</p>\r\n\r\n<p>Jednostka:</p>\r\n\r\n<pre>\r\n\r\n&nbsp;</pre>\r\n\r\n<pre>\r\n<code>N (niutony)</code></pre>\r\n\r\n<p>Ciężar zależy od wartości przyspieszenia grawitacyjnego.</p>\r\n\r\n<p>Przykład:</p>\r\n\r\n<p>Osoba o masie 70 kg:</p>\r\n\r\n<p>Na Ziemi:</p>\r\n\r\n<pre>\r\n\r\n&nbsp;</pre>\r\n\r\n<pre>\r\n<code>Fg = 70 &middot; 9,81\r\nFg &asymp; 687 N</code></pre>\r\n\r\n<p>Na Księżycu:</p>\r\n\r\n<pre>\r\n\r\n&nbsp;</pre>\r\n\r\n<pre>\r\n<code>Fg = 70 &middot; 1,62\r\nFg &asymp; 113 N</code></pre>\r\n\r\n<p>Masa pozostaje taka sama, ale ciężar jest mniejszy.</p>\r\n\r\n<hr />\r\n<h2>5. Swobodny spadek</h2>\r\n\r\n<p>Swobodny spadek to ruch ciała, na kt&oacute;re działa wyłącznie siła grawitacji.</p>\r\n\r\n<p>Pomijając op&oacute;r powietrza:</p>\r\n\r\n<ul>\r\n\t<li>wszystkie ciała spadają z takim samym przyspieszeniem,</li>\r\n\t<li>lekkie i ciężkie przedmioty spadają jednakowo szybko.</li>\r\n</ul>\r\n\r\n<p>Przykład:</p>\r\n\r\n<p>Na Księżycu pi&oacute;ro i młotek spadły na powierzchnię jednocześnie, ponieważ praktycznie nie ma tam atmosfery.</p>\r\n\r\n<hr />\r\n<h2>6. Ruch planet i satelit&oacute;w</h2>\r\n\r\n<p>Grawitacja utrzymuje:</p>\r\n\r\n<ul>\r\n\t<li>Księżyc na orbicie wok&oacute;ł Ziemi,</li>\r\n\t<li>Ziemię na orbicie wok&oacute;ł Słońca,</li>\r\n\t<li>sztuczne satelity na orbitach.</li>\r\n</ul>\r\n\r\n<p>Satelity nie spadają na Ziemię, ponieważ poruszają się z dużą prędkością poziomą, jednocześnie będąc stale przyciąganymi przez Ziemię.</p>	1	4
53	Optyka falowa	<h2>1. Czym jest optyka falowa?</h2>\r\n\r\n<p><strong>Optyka falowa</strong> to dział fizyki zajmujący się badaniem światła jako fali elektromagnetycznej. Pozwala wyjaśnić zjawiska, kt&oacute;rych nie da się opisać wyłącznie za pomocą modelu promieni świetlnych, takie jak interferencja, dyfrakcja czy polaryzacja.</p>\r\n\r\n<p>Według teorii falowej światło rozchodzi się w postaci fal elektromagnetycznych o bardzo dużej prędkości:</p>\r\n\r\n<pre>\r\n<code>c &asymp; 300 000 000 m/s</code></pre>\r\n\r\n<hr />\r\n<h2>2. Fala elektromagnetyczna</h2>\r\n\r\n<p>Fala elektromagnetyczna składa się z:</p>\r\n\r\n<ul>\r\n\t<li>zmiennego pola elektrycznego,</li>\r\n\t<li>zmiennego pola magnetycznego.</li>\r\n</ul>\r\n\r\n<p>Pola te są do siebie prostopadłe i rozchodzą się w przestrzeni.</p>\r\n\r\n<p>Światło widzialne jest tylko niewielką częścią całego widma elektromagnetycznego.</p>\r\n\r\n<h3>Widmo światła widzialnego</h3>\r\n\r\n<table>\r\n\t<thead>\r\n\t\t<tr>\r\n\t\t\t<th>Kolor</th>\r\n\t\t\t<th>Długość fali</th>\r\n\t\t</tr>\r\n\t</thead>\r\n\t<tbody>\r\n\t\t<tr>\r\n\t\t\t<td>Fioletowy</td>\r\n\t\t\t<td>380&ndash;450 nm</td>\r\n\t\t</tr>\r\n\t\t<tr>\r\n\t\t\t<td>Niebieski</td>\r\n\t\t\t<td>450&ndash;495 nm</td>\r\n\t\t</tr>\r\n\t\t<tr>\r\n\t\t\t<td>Zielony</td>\r\n\t\t\t<td>495&ndash;570 nm</td>\r\n\t\t</tr>\r\n\t\t<tr>\r\n\t\t\t<td>Ż&oacute;łty</td>\r\n\t\t\t<td>570&ndash;590 nm</td>\r\n\t\t</tr>\r\n\t\t<tr>\r\n\t\t\t<td>Pomarańczowy</td>\r\n\t\t\t<td>590&ndash;620 nm</td>\r\n\t\t</tr>\r\n\t\t<tr>\r\n\t\t\t<td>Czerwony</td>\r\n\t\t\t<td>620&ndash;750 nm</td>\r\n\t\t</tr>\r\n\t</tbody>\r\n</table>\r\n\r\n<hr />\r\n<h2>3. Interferencja światła</h2>\r\n\r\n<p><strong>Interferencja</strong> to zjawisko nakładania się fal.</p>\r\n\r\n<p>Jeżeli dwie fale spotykają się:</p>\r\n\r\n<ul>\r\n\t<li>mogą się wzmacniać (interferencja konstruktywna),</li>\r\n\t<li>mogą się osłabiać lub wygaszać (interferencja destruktywna).</li>\r\n</ul>\r\n\r\n<h3>Przykład</h3>\r\n\r\n<p>Kolorowe wzory na bańkach mydlanych powstają dzięki interferencji światła odbijanego od cienkiej warstwy cieczy.</p>\r\n\r\n<hr />\r\n<h2>4. Dyfrakcja światła</h2>\r\n\r\n<p><strong>Dyfrakcja</strong> to ugięcie fali podczas przechodzenia przez szczelinę lub omijania przeszkody.</p>\r\n\r\n<p>Zjawisko jest szczeg&oacute;lnie widoczne, gdy rozmiar przeszkody jest por&oacute;wnywalny z długością fali.</p>\r\n\r\n<h3>Przykład</h3>\r\n\r\n<p>Po przejściu światła przez bardzo wąską szczelinę na ekranie pojawia się charakterystyczny układ jasnych i ciemnych prążk&oacute;w.</p>\r\n\r\n<hr />\r\n<h2>5. Doświadczenie Younga</h2>\r\n\r\n<p>Jednym z najważniejszych doświadczeń potwierdzających falową naturę światła jest doświadczenie dw&oacute;ch szczelin przeprowadzone przez Thomas Young.</p>\r\n\r\n<p>Światło przechodząc przez dwie szczeliny tworzy na ekranie wz&oacute;r interferencyjny składający się z naprzemiennych jasnych i ciemnych prążk&oacute;w.</p>\r\n\r\n<hr />\r\n<h2>6. Polaryzacja światła</h2>\r\n\r\n<p>Polaryzacja polega na ograniczeniu kierunk&oacute;w drgań fali świetlnej.</p>\r\n\r\n<p>Światło naturalne drga we wszystkich kierunkach prostopadłych do kierunku rozchodzenia się fali.</p>\r\n\r\n<p>Po przejściu przez polaryzator drgania odbywają się tylko w jednym kierunku.</p>\r\n\r\n<h3>Zastosowania</h3>\r\n\r\n<ul>\r\n\t<li>okulary przeciwsłoneczne polaryzacyjne,</li>\r\n\t<li>wyświetlacze LCD,</li>\r\n\t<li>fotografia.</li>\r\n</ul>\r\n\r\n<hr />\r\n<h2>7. Długość fali i częstotliwość</h2>\r\n\r\n<p>Prędkość światła opisuje zależność:</p>\r\n\r\n<pre>\r\n<code>c = &lambda; &middot; f</code></pre>\r\n\r\n<p>gdzie:</p>\r\n\r\n<ul>\r\n\t<li>c &ndash; prędkość światła [m/s],</li>\r\n\t<li>&lambda; &ndash; długość fali [m],</li>\r\n\t<li>f &ndash; częstotliwość [Hz].</li>\r\n</ul>\r\n\r\n<p>Im większa częstotliwość, tym kr&oacute;tsza długość fali.</p>	4	2
52	Optyka geometryczna	<h2>1. Czym jest optyka geometryczna?</h2>\r\n\r\n<p>Optyka geometryczna to dział fizyki zajmujący się rozchodzeniem światła. W tym modelu światło traktujemy jako zbi&oacute;r promieni poruszających się po liniach prostych.</p>\r\n\r\n<p>Optyka geometryczna pozwala wyjaśnić wiele zjawisk, takich jak:</p>\r\n\r\n<ul>\r\n\t<li>powstawanie cieni,</li>\r\n\t<li>działanie luster,</li>\r\n\t<li>działanie soczewek,</li>\r\n\t<li>funkcjonowanie oka ludzkiego,</li>\r\n\t<li>działanie aparat&oacute;w fotograficznych i mikroskop&oacute;w.</li>\r\n</ul>\r\n\r\n<hr />\r\n<h2>2. Podstawowe założenia optyki geometrycznej</h2>\r\n\r\n<h3>Prostoliniowe rozchodzenie się światła</h3>\r\n\r\n<p>W jednorodnym ośrodku światło rozchodzi się po liniach prostych.</p>\r\n\r\n<p>Przykłady:</p>\r\n\r\n<ul>\r\n\t<li>promień lasera,</li>\r\n\t<li>cień rzucany przez przedmiot,</li>\r\n\t<li>światło wpadające przez okno.</li>\r\n</ul>\r\n\r\n<hr />\r\n<h3>Promień świetlny</h3>\r\n\r\n<p>Promień świetlny to umowna linia pokazująca kierunek rozchodzenia się światła.</p>\r\n\r\n<p>W rzeczywistości światło nie jest pojedynczą linią, ale taki model znacznie ułatwia analizę zjawisk optycznych.</p>\r\n\r\n<hr />\r\n<h2>3. Odbicie światła</h2>\r\n\r\n<p>Gdy światło trafia na powierzchnię, może zostać odbite.</p>\r\n\r\n<h3>Prawo odbicia</h3>\r\n\r\n<p>Kąt padania jest r&oacute;wny kątowi odbicia.</p>\r\n\r\n<pre>\r\n\r\n&nbsp;</pre>\r\n\r\n<pre>\r\n<code>kąt padania = kąt odbicia</code></pre>\r\n\r\n<p>Przykład:</p>\r\n\r\n<p>Jeżeli promień pada pod kątem 30&deg;, zostanie odbity r&oacute;wnież pod kątem 30&deg;.</p>\r\n\r\n<hr />\r\n<h3>Zwierciadło płaskie</h3>\r\n\r\n<p>Zwierciadło płaskie tworzy obraz:</p>\r\n\r\n<ul>\r\n\t<li>pozorny,</li>\r\n\t<li>prosty,</li>\r\n\t<li>tej samej wielkości co przedmiot.</li>\r\n</ul>\r\n\r\n<p>Przykładem jest zwykłe lustro łazienkowe.</p>\r\n\r\n<hr />\r\n<h2>4. Załamanie światła</h2>\r\n\r\n<p>Załamanie światła występuje podczas przechodzenia światła z jednego ośrodka do drugiego.</p>\r\n\r\n<p>Przykład:</p>\r\n\r\n<ul>\r\n\t<li>światło przechodzi z powietrza do wody,</li>\r\n\t<li>światło przechodzi ze szkła do powietrza.</li>\r\n</ul>\r\n\r\n<p>Można wtedy zaobserwować pozorne &bdquo;złamanie&rdquo; przedmiotu zanurzonego w wodzie.</p>\r\n\r\n<hr />\r\n<h3>Dlaczego światło się załamuje?</h3>\r\n\r\n<p>Prędkość światła zależy od ośrodka.</p>\r\n\r\n<p>Światło:</p>\r\n\r\n<ul>\r\n\t<li>w pr&oacute;żni porusza się najszybciej,</li>\r\n\t<li>w wodzie wolniej,</li>\r\n\t<li>w szkle jeszcze wolniej.</li>\r\n</ul>\r\n\r\n<p>Zmiana prędkości powoduje zmianę kierunku rozchodzenia się światła.</p>\r\n\r\n<hr />\r\n<h2>5. Soczewki</h2>\r\n\r\n<p>Soczewka to przezroczysty element optyczny służący do skupiania lub rozpraszania światła.</p>\r\n\r\n<hr />\r\n<h3>Soczewka skupiająca</h3>\r\n\r\n<p>Soczewka skupiająca jest grubsza w środku niż na brzegach.</p>\r\n\r\n<p>Powoduje skupienie promieni świetlnych w jednym punkcie zwanym ogniskiem.</p>\r\n\r\n<p>Zastosowania:</p>\r\n\r\n<ul>\r\n\t<li>lupa,</li>\r\n\t<li>aparat fotograficzny,</li>\r\n\t<li>mikroskop,</li>\r\n\t<li>oko ludzkie.</li>\r\n</ul>\r\n\r\n<hr />\r\n<h3>Soczewka rozpraszająca</h3>\r\n\r\n<p>Soczewka rozpraszająca jest cieńsza w środku niż na brzegach.</p>\r\n\r\n<p>Powoduje rozchodzenie się promieni świetlnych.</p>\r\n\r\n<p>Stosowana między innymi w okularach dla os&oacute;b kr&oacute;tkowzrocznych.</p>\r\n\r\n<hr />\r\n<h2>6. Oko jako przyrząd optyczny</h2>\r\n\r\n<p>Oko działa podobnie do aparatu fotograficznego.</p>\r\n\r\n<p>Najważniejsze elementy:</p>\r\n\r\n<ul>\r\n\t<li>rog&oacute;wka,</li>\r\n\t<li>soczewka,</li>\r\n\t<li>siatk&oacute;wka.</li>\r\n</ul>\r\n\r\n<p>Soczewka oka skupia światło na siatk&oacute;wce, gdzie powstaje obraz.</p>\r\n\r\n<hr />\r\n<h2>7. Wady wzroku</h2>\r\n\r\n<h3>Kr&oacute;tkowzroczność</h3>\r\n\r\n<p>Osoba dobrze widzi z bliska, ale gorzej z daleka.</p>\r\n\r\n<p>Korekcja:</p>\r\n\r\n<ul>\r\n\t<li>soczewki rozpraszające.</li>\r\n</ul>\r\n\r\n<hr />\r\n<h3>Dalekowzroczność</h3>\r\n\r\n<p>Osoba dobrze widzi z daleka, ale gorzej z bliska.</p>\r\n\r\n<p>Korekcja:</p>\r\n\r\n<ul>\r\n\t<li>soczewki skupiające.</li>\r\n</ul>	4	1
42	Past Continues	<p>Present Continuous - używany, kiedy m&oacute;wimy o czynnościach, kt&oacute;re wydarzyły się w przeszłości, ale bez podania informacji o tym, czy zostały zakończone lub przyniosły jakiś rezultat.</p>\r\n\r\n<p>Konstrukcja:</p>\r\n\r\n<p>Zdanie twierdzące: Podmiot&nbsp; + was / were + orzeczenie(czasownik + -ing) + reszta zdania.</p>\r\n\r\n<p>Zdanie przeczące: Podmiot +&nbsp;was / were + not + orzeczenie(czasownik + -ing) + reszta zdania.</p>\r\n\r\n<p>Zdanie pytające: Sł&oacute;wko pytające +&nbsp;was / were + podmiot + orzeczenie(czasownik + -ing) + reszta zdania.</p>\r\n\r\n<p>&nbsp;</p>\r\n\r\n<p>Przykłady</p>\r\n\r\n<p>Szykowałem się na festiwal cały dzień. - I was preparing for the festive all day.</p>\r\n\r\n<p>Nie m&oacute;wiliśmy o tobie dziś rano. - We weren&#39;t talking about you this morning.</p>\r\n\r\n<p>Dlaczego podr&oacute;żowali do Indii? - Why were they traveling to India?</p>	11	2
45	Future Continues	<p>Future Continuous - używany, kiedy m&oacute;wimy o sytuacjach, kt&oacute;re będą się odbywać w przyszłości w określonym momencie.</p>\r\n\r\n<p>Konstrukcja:</p>\r\n\r\n<p>Zdanie twierdzące: Podmiot&nbsp; + will + be + orzeczenie(czasownik + -ing) + reszta zdania.</p>\r\n\r\n<p>Zdanie przeczące: Podmiot + won&#39;t + be + orzeczenie(czasownik + -ing) + reszta zdania.</p>\r\n\r\n<p>Zdanie pytające: Sł&oacute;wko pytające +&nbsp;will + podmiot + be + orzeczenie(czasownik + -ing) + reszta zdania.</p>\r\n\r\n<p>&nbsp;</p>\r\n\r\n<p>Przykłady</p>\r\n\r\n<p>Będą pr&oacute;bować przywr&oacute;cić pacjęta do życia. - They will be trying to bring back patient to life.</p>\r\n\r\n<p>Nie wr&oacute;cę dziś wieczorem do domu. Jestem zajęty w robocie - I won&#39;t be coming home tonight. I am busy at work.</p>\r\n\r\n<p>Czy będziesz odwiedzał swojego dziadka w każdy weekend? - Will you be visiting your grandpa every weekend?</p>	12	2
43	Past Perfect	<p>Past Perfect - używany, kiedy m&oacute;wimy o czynnościach, kt&oacute;re się wydarzyły w przeszłości i zakończyły się w specyficznym punkcie w czasie.</p>\r\n\r\n<p>Konstrukcja:</p>\r\n\r\n<p>Zdanie twierdzące: Podmiot&nbsp; + had + orzeczenie(czasownik w 3. formie) + reszta zdania.</p>\r\n\r\n<p>Zdanie przeczące: Podmiot + hadn&#39;t + orzeczenie(czasownik w 3. formie) + reszta zdania.</p>\r\n\r\n<p>Zdanie pytające: Sł&oacute;wko pytające + had + podmiot +&nbsp;orzeczenie(czasownik w 3. formie) + reszta zdania.</p>\r\n\r\n<p>&nbsp;</p>\r\n\r\n<p>Przykłady:</p>\r\n\r\n<p>Byłem się z łobuzem w szkole. - I had fought with a bully in school.</p>\r\n\r\n<p>.Łukasz nie zakluczył drzwi przed wyjściem. - Luke hadn&#39;t locked door before leaving.</p>\r\n\r\n<p>Co William zrobił tym razem? - What had William done this time?</p>	11	3
38	Present Simple	<p>Present Simle - używany, kiedy m&oacute;wimy o nawykach, faktach i prawdziwych rzeczach lub czynnościach dziających się cały czas.</p>\r\n\r\n<p>Konstrukcja:</p>\r\n\r\n<p>Zdanie twierdzące: Podmiot&nbsp; + orzeczenie(czasownik) + reszta zdania. (w 3. osobie w liczbie pojędyńczej na końcu dodaje się -s)</p>\r\n\r\n<p>Zdanie przeczące: Podmiot&nbsp; + don&#39;t / doesn&#39;t (dla 3. osoby w liczbie pojedyńczej) + orzeczenie(czasownik w postawowej formie) + reszta zdania.</p>\r\n\r\n<p>Zdanie pytające: Sł&oacute;wko pytające +&nbsp;do / does (dla 3. osoby w liczbie pojedyńczej) + podmiot + orzeczenie(czasownik w postawowej formie) + reszta zdania.</p>\r\n\r\n<p>&nbsp;</p>\r\n\r\n<p>Przykłady</p>\r\n\r\n<p>Jestem stary. - I am old.</p>\r\n\r\n<p>Gra w piłkę nożną każdego dnia. - He plays football everyday.</p>\r\n\r\n<p>Czy on się przejmuje? - Do he care?</p>	10	1
41	Past Simple	<p>Past Simle - używany, kiedy m&oacute;wimy o działaniach, wydarzeniach, kt&oacute;re się wydarzyły w przeszłości i się zakończyły.</p>\r\n\r\n<p>Konstrukcja:</p>\r\n\r\n<p>Zdanie twierdzące: Podmiot&nbsp; + orzeczenie(czasownik w 2. formie) + reszta zdania.</p>\r\n\r\n<p>Zdanie przeczące: Podmiot&nbsp; + doidn&#39;t + orzeczenie(czasownik w postawowej formie) + reszta zdania.</p>\r\n\r\n<p>Zdanie pytające: Sł&oacute;wko pytające +&nbsp;did + podmiot + orzeczenie(czasownik w postawowej formie) + reszta zdania.</p>\r\n\r\n<p>&nbsp;</p>\r\n\r\n<p>Przykłady</p>\r\n\r\n<p>Pracowałem w tej firmie. - I worked at this company.</p>\r\n\r\n<p>O kt&oacute;rej godzinie Maria skończyła robotę?. - What time did Mary leave for work?.</p>\r\n\r\n<p>Nie lubiałem tego wydarzenia. - I didn&#39;t like that event.</p>	11	1
44	Future Simple	<p>Future Simle - używany, kiedy m&oacute;wimy o podjętych decyzjach w chwili m&oacute;wienia, osobistych przewidywaniach, obietnicach, groźbach, marzeniach lub planach na przyszłość.</p>\r\n\r\n<p>Konstrukcja:</p>\r\n\r\n<p>Zdanie twierdzące: Podmiot&nbsp; + will + orzeczenie(czasownik w podstawowej formie) + reszta zdania.</p>\r\n\r\n<p>Zdanie przeczące: Podmiot&nbsp; + won&#39;t + orzeczenie(czasownik w postawowej formie) + reszta zdania.</p>\r\n\r\n<p>Zdanie pytające: Sł&oacute;wko pytające + will + podmiot + orzeczenie(czasownik w postawowej formie) + reszta zdania.</p>\r\n\r\n<p>&nbsp;</p>\r\n\r\n<p>Przykłady</p>\r\n\r\n<p>Zobaczymy się na imprezie. - I will see you at the party.</p>\r\n\r\n<p>On nie wr&oacute;ci. - He won&#39;t come back.</p>\r\n\r\n<p>Czy zaliczę ten egzamin? - Will I pass this exam?</p>	12	1
46	Future Perfect	<p>Futurre Perfect - używany, kiedy m&oacute;wimy o czynnościach, kt&oacute;re się zakończą w określonym momencie w przyszłości lub o przypuszczeniach, że dana czynność została wykonana.</p>\r\n\r\n<p>Konstrukcja:</p>\r\n\r\n<p>Zdanie twierdzące: Podmiot + will + have + orzeczenie(czasownik w 3. formie) + reszta zdania.</p>\r\n\r\n<p>Zdanie przeczące: Podmiot + won&#39;t + have + orzeczenie(czasownik w 3. formie) + reszta zdania.</p>\r\n\r\n<p>Zdanie pytające: Sł&oacute;wko pytające + will + podmiot + have + orzeczenie(czasownik w 3. formie) + reszta zdania.</p>\r\n\r\n<p>&nbsp;</p>\r\n\r\n<p>Przykłady</p>\r\n\r\n<p>Skończy czytać tą książkę w piątek. - He will have finished reading this book at Friday.</p>\r\n\r\n<p>Mike nie zaplanuje swojego wakacyjnego wyjazdu. - Mike won&#39;t have planed his vacation trip.</p>\r\n\r\n<p>Czy oni skończą ten raport na jutro? - Will they have finished this report by tomorrow?</p>	12	3
22	Podróże	<p>Lista sł&oacute;wek dotycząca mmiejsc w mieście, na świecie i środk&oacute;w transportu w podr&oacute;żach:&nbsp;</p>\r\n\r\n<ul>\r\n\t<li>\r\n\t<h3>Miejsca w mieście i na świecie:</h3>\r\n\t</li>\r\n\t<li><strong>city</strong>&nbsp;&ndash; miasto</li>\r\n\t<li><strong>town</strong>&nbsp;&ndash; miasteczko</li>\r\n\t<li><strong>village</strong>&nbsp;&ndash; wieś</li>\r\n\t<li><strong>countryside</strong>&nbsp;&ndash; wieś / okolice wiejskie</li>\r\n\t<li><strong>beach</strong>&nbsp;&ndash; plaża</li>\r\n\t<li><strong>mountain</strong>&nbsp;&ndash; g&oacute;ra</li>\r\n\t<li><strong>forest</strong>&nbsp;&ndash; las</li>\r\n\t<li><strong>lake</strong>&nbsp;&ndash; jezioro</li>\r\n\t<li><strong>island</strong>&nbsp;&ndash; wyspa</li>\r\n\t<li><strong>desert</strong>&nbsp;&ndash; pustynia</li>\r\n\t<li><strong>hotel&nbsp;</strong>&ndash; hotel</li>\r\n\t<li><strong>hostel</strong>&nbsp;&ndash;&nbsp;hostel</li>\r\n\t<li><strong>airport</strong>&nbsp;&ndash;&nbsp;lotnisko</li>\r\n\t<li><strong>station</strong>&nbsp;&ndash;&nbsp;stacja</li>\r\n\t<li><strong>bus stop</strong>&nbsp;&ndash;&nbsp;przystanek autobusowy</li>\r\n\t<li><strong>harbour</strong>&nbsp;&ndash;&nbsp;port</li>\r\n\t<li>\r\n\t<h3>Środki transportu:</h3>\r\n\t</li>\r\n\t<li><strong>car</strong>&nbsp;&ndash; samoch&oacute;d</li>\r\n\t<li><strong>bus&nbsp;</strong>&ndash; autobus</li>\r\n\t<li><strong>train</strong>&nbsp;&ndash; pociąg</li>\r\n\t<li><strong>plane</strong>&nbsp;&ndash; samolot</li>\r\n\t<li><strong>ship</strong>&nbsp;&ndash; statek</li>\r\n\t<li><strong>boat</strong>&nbsp;&ndash; ł&oacute;dź</li>\r\n\t<li><strong>bicycle</strong>&nbsp;&ndash; rower</li>\r\n\t<li><strong>motorbike</strong>&nbsp;&ndash; motocykl</li>\r\n\t<li><strong>taxi&nbsp;</strong>&nbsp;&ndash; taks&oacute;wka</li>\r\n\t<li><strong>tram</strong>&nbsp;&ndash; tramwaj</li>\r\n</ul>	9	3
\.


--
-- Data for Name: django_admin_log; Type: TABLE DATA; Schema: public; Owner: elearn_user
--

COPY public.django_admin_log (id, action_time, object_id, object_repr, action_flag, change_message, content_type_id, user_id) FROM stdin;
1	2026-06-19 16:57:18.086043+00	1	Fizyka	1	[{"added": {}}]	13	1
2	2026-06-19 16:57:49.85725+00	2	Matematyka	1	[{"added": {}}]	13	1
3	2026-06-19 16:58:14.141211+00	3	Język angielski	1	[{"added": {}}]	13	1
4	2026-06-19 16:58:40.370862+00	4	Informatyka	1	[{"added": {}}]	13	1
5	2026-06-19 16:59:38.009648+00	1	Mechanika	1	[{"added": {}}]	8	1
6	2026-06-19 17:00:02.917185+00	2	Termodynamika	1	[{"added": {}}]	8	1
7	2026-06-19 17:00:21.485213+00	3	Elektromagnetyzm	1	[{"added": {}}]	8	1
8	2026-06-19 17:00:52.322533+00	4	Optyka	1	[{"added": {}}]	8	1
9	2026-06-19 17:01:21.847104+00	5	Algebra	1	[{"added": {}}]	8	1
10	2026-06-19 17:12:28.640559+00	6	Geometria	1	[{"added": {}}]	8	1
11	2026-06-19 17:12:46.845079+00	7	Funkcje	1	[{"added": {}}]	8	1
12	2026-06-19 17:13:14.237279+00	8	Statystyka i prawdopodobieństwo	1	[{"added": {}}]	8	1
13	2026-06-19 17:13:58.450011+00	9	Słówka	1	[{"added": {}}]	8	1
14	2026-06-19 17:14:20.50594+00	10	Czas teraźniejszy	1	[{"added": {}}]	8	1
15	2026-06-19 17:14:37.178436+00	11	Czas przeszły	1	[{"added": {}}]	8	1
16	2026-06-19 17:14:58.464455+00	12	Czas przyszły	1	[{"added": {}}]	8	1
17	2026-06-19 17:15:23.160383+00	13	Budowa komputera	1	[{"added": {}}]	8	1
18	2026-06-19 17:15:43.472131+00	14	Pseudokod	1	[{"added": {}}]	8	1
19	2026-06-19 17:16:15.269789+00	15	Operacje na liczbach binarnych	1	[{"added": {}}]	8	1
20	2026-06-19 17:16:59.721985+00	1	Dodawanie binarne	1	[{"added": {}}]	9	1
21	2026-06-19 17:17:23.688189+00	2	Odejmowanie binarne	1	[{"added": {}}]	9	1
22	2026-06-19 17:17:55.444318+00	3	Mnożenie binarne	1	[{"added": {}}]	9	1
23	2026-06-19 17:18:28.834281+00	4	Dzielenie binarne	1	[{"added": {}}]	9	1
24	2026-06-19 17:19:21.282914+00	5	Procesor (CPU)	1	[{"added": {}}]	9	1
25	2026-06-19 17:20:05.636425+00	6	Pamięć RAM	1	[{"added": {}}]	9	1
26	2026-06-19 17:20:39.919767+00	7	Płyta główna	1	[{"added": {}}]	9	1
27	2026-06-19 17:20:56.865548+00	8	Zasilacz	1	[{"added": {}}]	9	1
28	2026-06-19 17:21:34.882532+00	9	Pamięć masowa	1	[{"added": {}}]	9	1
29	2026-06-19 18:41:03.172595+00	14	Pseudokod	2	[{"changed": {"fields": ["Content"]}}]	8	1
30	2026-06-19 18:41:22.353159+00	15	Operacje na liczbach binarnych	2	[{"changed": {"fields": ["Content"]}}]	8	1
31	2026-06-19 19:38:25.009978+00	1	Zadanie dla dodawania	1	[{"added": {}}]	12	1
32	2026-06-19 19:41:06.068865+00	1	<p>Jaki jest wynik tego działania:</p>\r\n\r\n<p>10010101 + 1001011 = ?</p>	1	[{"added": {}}]	10	1
33	2026-06-19 19:46:05.937224+00	1	1110 0000	1	[{"added": {}}]	11	1
34	2026-06-19 19:46:24.983851+00	2	1110 1000	1	[{"added": {}}]	11	1
35	2026-06-19 19:47:20.720296+00	3	1101 1112	1	[{"added": {}}]	11	1
36	2026-06-19 19:47:41.421173+00	4	1100 1001	1	[{"added": {}}]	11	1
37	2026-06-19 22:05:40.585121+00	10	Kinetyka	1	[{"added": {}}]	9	1
38	2026-06-19 22:06:21.956485+00	11	Dynamika	1	[{"added": {}}]	9	1
39	2026-06-19 22:07:09.470835+00	12	Praca, energia i moc	1	[{"added": {}}]	9	1
40	2026-06-19 22:07:50.979944+00	13	Grawitacja	1	[{"added": {}}]	9	1
41	2026-06-19 22:08:51.534065+00	14	Temperatura i ciepło	1	[{"added": {}}]	9	1
42	2026-06-19 22:09:30.558158+00	15	Przemiany gazowe	1	[{"added": {}}]	9	1
43	2026-06-19 22:10:04.36761+00	16	Zasady termodynamiki	1	[{"added": {}}]	9	1
44	2026-06-19 22:11:11.5963+00	17	Ładunek elektryczny	1	[{"added": {}}]	9	1
45	2026-06-19 22:38:53.12013+00	18	Pole elektryczne	1	[{"added": {}}]	9	1
46	2026-06-20 09:30:20.073552+00	19	Szkoła	1	[{"added": {}}]	9	1
47	2026-06-20 09:30:40.574472+00	20	Dom	1	[{"added": {}}]	9	1
48	2026-06-20 09:31:17.232518+00	21	Człowiek	1	[{"added": {}}]	9	1
49	2026-06-20 09:31:47.570586+00	22	Podróże	1	[{"added": {}}]	9	1
50	2026-06-20 09:58:07.195382+00	1	Quiz wiedzy - Fizyka	1	[{"added": {}}]	15	1
51	2026-06-20 09:58:19.359496+00	2	Quiz wiedzy - Matematyka	1	[{"added": {}}]	15	1
52	2026-06-20 09:58:38.669584+00	3	Quiz wiedzy - Język angielski	1	[{"added": {}}]	15	1
53	2026-06-20 09:58:48.549373+00	4	Quiz wiedzy - Informatyka	1	[{"added": {}}]	15	1
54	2026-06-20 09:59:22.555076+00	1	Zad.1 - F	1	[{"added": {}}]	16	1
55	2026-06-20 09:59:32.257726+00	2	Zad.2 - F	1	[{"added": {}}]	16	1
56	2026-06-20 09:59:39.976866+00	3	Zad.3 - F	1	[{"added": {}}]	16	1
57	2026-06-20 09:59:45.837298+00	4	Zad.4 - F	1	[{"added": {}}]	16	1
58	2026-06-20 09:59:52.819831+00	5	Zad.4 - F	1	[{"added": {}}]	16	1
59	2026-06-20 10:00:00.568214+00	6	Zad.5 - F	1	[{"added": {}}]	16	1
60	2026-06-20 10:00:06.401853+00	7	Zad.6 - F	1	[{"added": {}}]	16	1
61	2026-06-20 10:00:12.281333+00	8	Zad.6 - F	1	[{"added": {}}]	16	1
62	2026-06-20 10:00:17.448206+00	9	Zad.7 - F	1	[{"added": {}}]	16	1
63	2026-06-20 10:00:21.940247+00	10	Zad.8 - F	1	[{"added": {}}]	16	1
64	2026-06-20 10:00:27.007206+00	11	Zad.8 - F	1	[{"added": {}}]	16	1
65	2026-06-20 10:00:32.038926+00	12	Zad.9 - F	1	[{"added": {}}]	16	1
66	2026-06-20 10:00:37.628032+00	13	Zad.10 - F	1	[{"added": {}}]	16	1
67	2026-06-20 10:00:57.738471+00	11	Zad.8 - F	3		16	1
68	2026-06-20 10:00:57.738511+00	8	Zad.6 - F	3		16	1
69	2026-06-20 10:00:57.738529+00	5	Zad.4 - F	3		16	1
70	2026-06-20 10:01:34.284973+00	14	Zad.1 - M	1	[{"added": {}}]	16	1
71	2026-06-20 10:01:48.528259+00	15	Zad.2 - M	1	[{"added": {}}]	16	1
72	2026-06-20 10:02:13.507779+00	16	Zad.3 - M	1	[{"added": {}}]	16	1
73	2026-06-20 10:02:20.682113+00	17	Zad.4 - M	1	[{"added": {}}]	16	1
74	2026-06-20 10:02:25.754584+00	18	Zad.5 - M	1	[{"added": {}}]	16	1
75	2026-06-20 10:02:30.527407+00	19	Zad.6 - M	1	[{"added": {}}]	16	1
76	2026-06-20 10:02:35.923419+00	20	Zad.7 - M	1	[{"added": {}}]	16	1
77	2026-06-20 10:02:44.51438+00	21	Zad.7 - M	1	[{"added": {}}]	16	1
78	2026-06-20 10:02:50.22337+00	22	Zad.8 - M	1	[{"added": {}}]	16	1
79	2026-06-20 10:02:56.175596+00	23	Zad.9 - M	1	[{"added": {}}]	16	1
80	2026-06-20 10:03:03.520989+00	24	Zad.10 - M	1	[{"added": {}}]	16	1
81	2026-06-20 10:03:13.248842+00	21	Zad.7 - M	3		16	1
82	2026-06-20 10:03:33.565295+00	25	Zad.1 - J	1	[{"added": {}}]	16	1
83	2026-06-20 10:03:39.097757+00	26	Zad.2 - J	1	[{"added": {}}]	16	1
84	2026-06-20 10:03:44.198924+00	27	Zad.3 - J	1	[{"added": {}}]	16	1
85	2026-06-20 10:03:48.959313+00	28	Zad.4 - J	1	[{"added": {}}]	16	1
86	2026-06-20 10:03:56.264929+00	29	Zad.5 - J	1	[{"added": {}}]	16	1
87	2026-06-20 10:04:06.898541+00	30	Zad.5 - J	1	[{"added": {}}]	16	1
88	2026-06-20 10:04:12.114486+00	31	Zad.6 - J	1	[{"added": {}}]	16	1
89	2026-06-20 10:04:17.557427+00	32	Zad.7 - J	1	[{"added": {}}]	16	1
90	2026-06-20 10:04:22.265205+00	33	Zad.8 - J	1	[{"added": {}}]	16	1
91	2026-06-20 10:04:29.315842+00	34	Zad.9 - J	1	[{"added": {}}]	16	1
92	2026-06-20 10:04:35.37663+00	35	Zad.10 - J	1	[{"added": {}}]	16	1
93	2026-06-20 10:04:52.615746+00	30	Zad.5 - J	3		16	1
94	2026-06-20 10:05:57.578069+00	36	Zad.1 - I	1	[{"added": {}}]	16	1
95	2026-06-20 10:06:09.693816+00	37	Zad.2 - I	1	[{"added": {}}]	16	1
96	2026-06-20 10:06:15.328217+00	38	Zad.3 - I	1	[{"added": {}}]	16	1
97	2026-06-20 10:06:20.101865+00	39	Zad.4 - I	1	[{"added": {}}]	16	1
98	2026-06-20 10:06:25.486221+00	40	Zad.5 - I	1	[{"added": {}}]	16	1
99	2026-06-20 10:06:30.2316+00	41	Zad.6 - I	1	[{"added": {}}]	16	1
100	2026-06-20 10:06:35.831732+00	42	Zad.7 - I	1	[{"added": {}}]	16	1
101	2026-06-20 10:06:41.356745+00	43	Zad.8 - I	1	[{"added": {}}]	16	1
102	2026-06-20 10:06:50.357372+00	44	Zad.9 - I	1	[{"added": {}}]	16	1
103	2026-06-20 10:06:57.498371+00	45	Zad.10 - I	1	[{"added": {}}]	16	1
104	2026-06-20 11:28:34.15848+00	36	Zad.1 - I	2	[]	16	1
105	2026-06-20 11:29:49.701278+00	1	opd1	1	[{"added": {}}]	14	1
106	2026-06-20 11:29:58.63866+00	2	odp2	1	[{"added": {}}]	14	1
107	2026-06-20 11:30:05.386857+00	3	opd3	1	[{"added": {}}]	14	1
108	2026-06-20 11:30:11.242454+00	4	odp4	1	[{"added": {}}]	14	1
109	2026-06-20 11:34:12.289741+00	18	Pole elektryczne	2	[{"changed": {"fields": ["Content"]}}]	9	1
110	2026-06-21 06:38:42.427399+00	1	kursy	1	[{"added": {}}]	18	1
111	2026-06-21 06:38:51.944921+00	2	quizy	1	[{"added": {}}]	18	1
112	2026-06-21 06:39:03.582722+00	3	wyniki	1	[{"added": {}}]	18	1
113	2026-06-21 07:49:14.010475+00	3	wyniki	2	[{"changed": {"fields": ["Url"]}}]	18	1
114	2026-06-21 07:49:20.626533+00	1	kursy	2	[]	18	1
115	2026-06-21 07:49:28.829235+00	3	wyniki	2	[{"changed": {"fields": ["Url"]}}]	18	1
116	2026-06-21 07:49:32.656234+00	1	kursy	2	[{"changed": {"fields": ["Url"]}}]	18	1
117	2026-06-21 07:53:26.021451+00	1	kursy	2	[{"changed": {"fields": ["Url"]}}]	18	1
118	2026-06-21 07:53:57.29602+00	1	kursy	2	[{"changed": {"fields": ["Url"]}}]	18	1
119	2026-06-21 07:59:57.27515+00	2	quizy	2	[{"changed": {"fields": ["Url"]}}]	18	1
120	2026-06-21 08:00:06.654501+00	3	wyniki	2	[{"changed": {"fields": ["Url"]}}]	18	1
121	2026-06-21 17:15:18.241517+00	10	Kinematyka	2	[{"changed": {"fields": ["Title"]}}]	9	1
122	2026-06-21 19:30:47.889347+00	10	Kinematyka	2	[{"changed": {"fields": ["Content"]}}]	9	1
123	2026-06-21 19:31:43.582475+00	10	Kinematyka	2	[{"changed": {"fields": ["Content"]}}]	9	1
124	2026-06-21 19:34:20.746802+00	10	Kinematyka	2	[{"changed": {"fields": ["Content"]}}]	9	1
125	2026-06-21 20:39:06.587096+00	2	Zadanie dla kinematyki	1	[{"added": {}}]	12	1
126	2026-06-21 20:39:31.67013+00	3	Zadania dla pola elektrycznego	1	[{"added": {}}]	12	1
127	2026-06-21 20:39:51.156738+00	4	Zadania dla podróży	1	[{"added": {}}]	12	1
128	2026-06-21 20:40:06.731351+00	5	Zadania dla człowieka	1	[{"added": {}}]	12	1
129	2026-06-21 20:40:32.757595+00	6	zadania dla domu	1	[{"added": {}}]	12	1
130	2026-06-21 20:40:45.922781+00	7	zadania dla szkoły	1	[{"added": {}}]	12	1
131	2026-06-21 20:41:03.253257+00	8	zadania dla ładunku elektrycznego	1	[{"added": {}}]	12	1
132	2026-06-21 20:41:21.424717+00	9	zadania dla zasady termodynamiki	1	[{"added": {}}]	12	1
133	2026-06-21 20:42:39.571093+00	10	zadania dla przemiany gazowe	1	[{"added": {}}]	12	1
134	2026-06-21 20:43:01.945281+00	11	zadania dla temperatura i ciepło	1	[{"added": {}}]	12	1
135	2026-06-21 20:43:19.871415+00	12	zadania dla grawitacji	1	[{"added": {}}]	12	1
136	2026-06-21 20:43:37.709977+00	13	zadania dla praca energia i moc	1	[{"added": {}}]	12	1
137	2026-06-21 20:43:56.764394+00	14	Zadania dla dynamika	1	[{"added": {}}]	12	1
138	2026-06-21 20:44:14.000928+00	15	Zadania dla pamięci masowej	1	[{"added": {}}]	12	1
139	2026-06-21 20:44:28.971573+00	16	zadania dla zasilacza	1	[{"added": {}}]	12	1
140	2026-06-21 20:44:46.634538+00	17	zadania dla płyty głównej	1	[{"added": {}}]	12	1
141	2026-06-21 20:44:58.009006+00	18	zadania dla pamięci ram	1	[{"added": {}}]	12	1
142	2026-06-21 20:45:09.559074+00	19	zadania dla procesora	1	[{"added": {}}]	12	1
143	2026-06-21 20:45:25.162304+00	20	zadania dla dzielenia binarnego	1	[{"added": {}}]	12	1
144	2026-06-21 20:45:48.891051+00	21	zadania dla mnożenia binarnego	1	[{"added": {}}]	12	1
145	2026-06-21 20:46:02.663679+00	22	zadania dla odejmowania binarnego	1	[{"added": {}}]	12	1
146	2026-06-21 20:47:12.386907+00	2	<p>Rowerzysta przejechał 600 m w czasie 2 minut.</p>\r\n\r\n<p>Oblicz jego średnią prędkość w m/s.</p>	1	[{"added": {}}]	10	1
147	2026-06-21 20:47:33.180957+00	3	<h3>Zadanie 2</h3>\r\n\r\n<p>Samoch&oacute;d porusza się ze stałą prędkością 15 m/s przez 20 sekund.</p>\r\n\r\n<p>Jaką drogę pokona?</p>	1	[{"added": {}}]	10	1
148	2026-06-21 20:50:11.832672+00	4	<h3>Zadanie 3</h3>\r\n\r\n<p>Pociąg zwiększył swoją prędkość z 10 m/s do 25 m/s w czasie 5 s.</p>\r\n\r\n<p>Oblicz przyspieszenie.</p>	1	[{"added": {}}]	10	1
149	2026-06-21 20:50:16.05919+00	5	<h3>Zadanie 4</h3>\r\n\r\n<p>Biegacz porusza się z prędkością 6 m/s.</p>\r\n\r\n<p>Ile czasu zajmie mu przebiegnięcie 1200 m?</p>	1	[{"added": {}}]	10	1
150	2026-06-21 20:51:09.960148+00	6	<h3>Zadanie 5 (test jednokrotnego wyboru)</h3>\r\n\r\n<p>Jaką jednostkę ma prędkość w układzie SI?</p>	1	[{"added": {}}]	10	1
151	2026-06-21 20:51:34.699724+00	7	<h3>Zadanie 6 (test jednokrotnego wyboru)</h3>\r\n\r\n<p>Kt&oacute;ry wz&oacute;r pozwala obliczyć drogę?</p>	1	[{"added": {}}]	10	1
152	2026-06-21 20:52:28.656477+00	8	<p>Samoch&oacute;d przejechał:</p>\r\n\r\n<ul>\r\n\t<li>pierwsze 100 km z prędkością 50 km/h,</li>\r\n\t<li>kolejne 100 km z prędkością 100 km/h.</li>\r\n</ul>\r\n\r\n<p>Oblicz średnią prędkość na całej trasie.</p>	1	[{"added": {}}]	10	1
153	2026-06-21 20:57:55.591116+00	11	Dynamika	2	[{"changed": {"fields": ["Content"]}}]	9	1
154	2026-06-21 21:03:04.787085+00	9	<h4>Zadanie 1</h4>\r\n\r\n<p>Na ciało o masie 4 kg działa siła 20 N.</p>\r\n\r\n<p>Oblicz przyspieszenie ciała.</p>	1	[{"added": {}}]	10	1
155	2026-06-21 21:03:34.297686+00	10	<h4>Zadanie 2</h4>\r\n\r\n<p>Jaką siłę należy przyłożyć do ciała o masie 8 kg, aby nadać mu przyspieszenie 3 m/s&sup2;?</p>	1	[{"added": {}}]	10	1
156	2026-06-21 21:04:06.167669+00	11	<h4>Zadanie 3</h4>\r\n\r\n<p>Oblicz ciężar ciała o masie 15 kg.</p>	1	[{"added": {}}]	10	1
243	2026-06-22 08:13:10.822114+00	28	Trójkąty	1	[{"added": {}}]	9	1
157	2026-06-21 21:04:12.027276+00	12	<h4>Zadanie 4</h4>\r\n\r\n<p>Samoch&oacute;d o masie 1000 kg przyspiesza z wartością 2 m/s&sup2;.</p>\r\n\r\n<p>Oblicz siłę wypadkową działającą na samoch&oacute;d.</p>	1	[{"added": {}}]	10	1
158	2026-06-21 21:04:34.772421+00	13	<h4>Zadanie 5</h4>\r\n\r\n<p>Na ciało działają dwie siły:</p>\r\n\r\n<ul>\r\n\t<li>30 N w prawo,</li>\r\n\t<li>10 N w lewo.</li>\r\n</ul>\r\n\r\n<p>Oblicz wartość siły wypadkowej.</p>	1	[{"added": {}}]	10	1
159	2026-06-21 21:06:13.373235+00	12	Praca, energia i moc	2	[{"changed": {"fields": ["Content"]}}]	9	1
160	2026-06-21 21:06:47.072884+00	14	<h2>Zadanie 1</h2>\r\n\r\n<p>Oblicz pracę wykonaną przez siłę 80 N przesuwającą ciało na odległość 5 m.</p>	1	[{"added": {}}]	10	1
161	2026-06-21 21:07:03.861012+00	15	<h2>Zadanie 2</h2>\r\n\r\n<p>Jaką pracę wykonano, przesuwając szafę siłą 120 N na odległość 3 m?</p>	1	[{"added": {}}]	10	1
162	2026-06-21 21:07:20.733113+00	16	<h2>Zadanie 3</h2>\r\n\r\n<p>Oblicz energię kinetyczną rowerzysty o masie 70 kg jadącego z prędkością 6 m/s.</p>	1	[{"added": {}}]	10	1
163	2026-06-21 21:07:44.0796+00	17	<h2>Zadanie 4</h2>\r\n\r\n<p>Oblicz energię potencjalną kamienia o masie 2 kg znajdującego się na wysokości 10 m.</p>	1	[{"added": {}}]	10	1
164	2026-06-21 21:07:59.460265+00	18	<h2>Zadanie 5</h2>\r\n\r\n<p>Maszyna wykonała pracę 5000 J w czasie 25 s.</p>\r\n\r\n<p>Oblicz jej moc.</p>	1	[{"added": {}}]	10	1
165	2026-06-21 21:08:40.814355+00	19	<p>zadanie6</p>\r\n\r\n<p>Silnik ma moc 1500 W i pracuje przez 10 s.</p>\r\n\r\n<p>Jaką pracę wykonał?</p>	1	[{"added": {}}]	10	1
166	2026-06-21 21:09:25.870333+00	19	<p>&lt;h3&gt;test&lt;/h3&gt;</p>\r\n\r\n<p>zadanie6</p>\r\n\r\n<p>Silnik ma moc 1500 W i pracuje przez 10 s.</p>\r\n\r\n<p>Jaką pracę wykonał?</p>	2	[{"changed": {"fields": ["Content"]}}]	10	1
167	2026-06-21 21:09:40.567961+00	19	<p>zadanie6</p>\r\n\r\n<p>Silnik ma moc 1500 W i pracuje przez 10 s.</p>\r\n\r\n<p>Jaką pracę wykonał?</p>	2	[{"changed": {"fields": ["Content"]}}]	10	1
168	2026-06-21 21:11:38.862372+00	13	Grawitacja	2	[{"changed": {"fields": ["Content"]}}]	9	1
169	2026-06-21 21:12:23.018796+00	20	<h2>Zadanie 1</h2>\r\n\r\n<p>Oblicz ciężar ciała o masie 5 kg.</p>	1	[{"added": {}}]	10	1
170	2026-06-21 21:13:03.848619+00	21	<h2>Zadanie 2</h2>\r\n\r\n<p>Oblicz ciężar plecaka o masie 8 kg.</p>	1	[{"added": {}}]	10	1
171	2026-06-21 21:13:15.7074+00	22	<h2>Zadanie 3</h2>\r\n\r\n<p>Jaką masę ma ciało, kt&oacute;rego ciężar wynosi 196,2 N?</p>	1	[{"added": {}}]	10	1
172	2026-06-21 21:13:33.701656+00	23	<h2>Zadanie 4</h2>\r\n\r\n<p>Na Księżycu przyspieszenie grawitacyjne wynosi około:</p>\r\n\r\n<pre>\r\n\r\n&nbsp;</pre>\r\n\r\n<pre>\r\n<code>1,62 m/s&sup2;</code></pre>\r\n\r\n<p>Oblicz ciężar astronauty o masie 80 kg.</p	1	[{"added": {}}]	10	1
173	2026-06-21 21:13:49.263169+00	24	<h2>Zadanie 5</h2>\r\n\r\n<p>Por&oacute;wnaj ciężar ciała o masie 10 kg na Ziemi i na Księżycu.</p>	1	[{"added": {}}]	10	1
174	2026-06-21 21:14:12.634388+00	25	<h2>Zadanie 6</h2>\r\n\r\n<p>Ciało spada swobodnie przez 3 sekundy. Jaką prędkość osiągnie?</p>	1	[{"added": {}}]	10	1
175	2026-06-21 21:20:54.234132+00	14	Temperatura i ciepło	2	[{"changed": {"fields": ["Content"]}}]	9	1
176	2026-06-21 21:21:21.586834+00	26	<h2>Zadanie 1</h2>\r\n\r\n<p>Przelicz temperaturę 25&deg;C na kelwiny.</p>	1	[{"added": {}}]	10	1
177	2026-06-21 21:21:34.475822+00	27	<h2>Zadanie 2</h2>\r\n\r\n<p>Oblicz ilość ciepła potrzebną do ogrzania 2 kg wody o 10&deg;C.</p>	1	[{"added": {}}]	10	1
178	2026-06-21 21:21:46.94471+00	28	<h2>Zadanie 3</h2>\r\n\r\n<p>Ile energii potrzeba do ogrzania 5 kg wody od 20&deg;C do 30&deg;C?</p>	1	[{"added": {}}]	10	1
179	2026-06-21 21:21:58.198867+00	29	<h2>Zadanie 4</h2>\r\n\r\n<p>Aluminiowy blok o masie 3 kg ogrzano o 20&deg;C.</p>	1	[{"added": {}}]	10	1
180	2026-06-21 21:24:09.664508+00	15	Przemiany gazowe	2	[{"changed": {"fields": ["Content"]}}]	9	1
181	2026-06-21 21:24:59.807264+00	30	<h2>Zadanie 1 &ndash; przemiana izotermiczna</h2>\r\n\r\n<p>Gaz miał:</p>\r\n\r\n<pre>\r\n\r\n&nbsp;</pre>\r\n\r\n<pre>\r\n<code>p₁ = 100 kPa\r\nV₁ = 2 m&sup3;</code></pre>\r\n\r\n<p>Po sprężeniu objętość zmalała do:</p>\r\n\r\n	1	[{"added": {}}]	10	1
182	2026-06-21 21:25:21.729447+00	31	<h2>Zadanie 2 &ndash; przemiana izobaryczna</h2>\r\n\r\n<p>Objętość gazu wynosiła:</p>\r\n\r\n<pre>\r\n\r\n&nbsp;</pre>\r\n\r\n<pre>\r\n<code>V₁ = 3 m&sup3;</code></pre>\r\n\r\n<p>Temperatura wzrosła z:</p>\r\n\r\n<pre>\r\n\r\n&nb	1	[{"added": {}}]	10	1
183	2026-06-21 21:25:46.286417+00	32	<h2>Zadanie 3 &ndash; przemiana izochoryczna</h2>\r\n\r\n<p>Ciśnienie gazu wynosiło:</p>\r\n\r\n<pre>\r\n\r\n&nbsp;</pre>\r\n\r\n<pre>\r\n<code>p₁ = 100 kPa</code></pre>\r\n\r\n<p>Temperatura wzrosła z:</p>\r\n\r\n<pre>\r\n\r\n&nb	1	[{"added": {}}]	10	1
184	2026-06-21 21:26:20.374964+00	33	<p>Przelicz temperaturę:</p>\r\n\r\n<pre>\r\n\r\n&nbsp;</pre>\r\n\r\n<pre>\r\n<code>25&deg;C</code></pre>\r\n\r\n<p>na kelwiny.</p>	1	[{"added": {}}]	10	1
185	2026-06-21 21:26:59.197471+00	34	<p>Przelicz:</p>\r\n\r\n<pre>\r\n\r\n&nbsp;</pre>\r\n\r\n<pre>\r\n<code>127&deg;C</code></pre>\r\n\r\n<p>na kelwiny.</p>	1	[{"added": {}}]	10	1
186	2026-06-21 21:28:21.539324+00	16	Zasady termodynamiki	2	[{"changed": {"fields": ["Content"]}}]	9	1
187	2026-06-21 21:32:39.239592+00	35	<h2>Zadanie 1</h2>\r\n\r\n<p>Do układu dostarczono 300 J ciepła i wykonano nad nim pracę 100 J.</p>\r\n\r\n<p>Oblicz zmianę energii wewnętrznej.</p>	1	[{"added": {}}]	10	1
188	2026-06-21 21:32:57.672077+00	36	<h2>Zadanie 2</h2>\r\n\r\n<p>Ile ciepła potrzeba do ogrzania 2 kg wody o 10&deg;C?</p>	1	[{"added": {}}]	10	1
189	2026-06-21 21:33:15.773432+00	37	<h2>Zadanie 3</h2>\r\n\r\n<p>Oblicz ilość energii potrzebną do ogrzania 5 kg aluminium o 20&deg;C.</p>	1	[{"added": {}}]	10	1
190	2026-06-21 21:33:40.751313+00	38	<h2>Zadanie 4</h2>\r\n\r\n<p>Gaz otrzymał 700 J ciepła i wykonał pracę 200 J na otoczeniu.</p>\r\n\r\n<p>Oblicz zmianę energii wewnętrznej.</p>	1	[{"added": {}}]	10	1
191	2026-06-21 21:33:58.595449+00	39	<h2>Zadanie 5</h2>\r\n\r\n<p>O ile wzrośnie temperatura 1 kg wody, jeśli dostarczymy 21 000 J energii?</p>	1	[{"added": {}}]	10	1
192	2026-06-21 21:38:06.442333+00	17	Ładunek elektryczny	2	[{"changed": {"fields": ["Content"]}}]	9	1
193	2026-06-21 21:39:22.995019+00	40	<h2>Zadanie 1</h2>\r\n\r\n<p>Podaj znak ładunku:</p>\r\n\r\n<p>a) elektronu<br />\r\nb) protonu</p>	1	[{"added": {}}]	10	1
194	2026-06-21 21:39:48.822949+00	41	<h2>Zadanie 2</h2>\r\n\r\n<p>Dwa dodatnio naładowane ciała zbliżono do siebie.</p>\r\n\r\n<p>Jak będą oddziaływać?</p>	1	[{"added": {}}]	10	1
195	2026-06-21 21:40:09.016419+00	42	<h2>Zadanie 3</h2>\r\n\r\n<p>Ciało posiada ładunek:</p>\r\n\r\n<pre>\r\n\r\n&nbsp;</pre>\r\n\r\n<pre>\r\n<code>q = 4 C</code></pre>\r\n\r\n<p>Podaj jednostkę tego ładunku.</p>	1	[{"added": {}}]	10	1
196	2026-06-21 21:40:22.013137+00	43	<h2>Zadanie 4</h2>\r\n\r\n<p>Wskaż, kt&oacute;re pary ładunk&oacute;w będą się przyciągać:</p>\r\n\r\n<p>A. (+) i (+)</p>\r\n\r\n<p>B. (-) i (-)</p>\r\n\r\n<p>C. (+) i (-)</p>	1	[{"added": {}}]	10	1
197	2026-06-21 21:40:40.822773+00	44	<h2>Zadanie 5</h2>\r\n\r\n<p>Podczas elektryzowania przez tarcie balon otrzymał dodatkowe elektrony.</p>\r\n\r\n<p>Jaki znak będzie miał jego ładunek?</p>	1	[{"added": {}}]	10	1
242	2026-06-22 07:41:56.901389+00	77	<h3>Zadanie 5</h3>\r\n\r\n<p>Oblicz miarę jednego kąta w sześciokącie foremnym.</p>	1	[{"added": {}}]	10	1
198	2026-06-21 21:40:55.33277+00	45	<h2>Zadanie 6</h2>\r\n\r\n<p>Odległość między dwoma naładowanymi ciałami zwiększono dwukrotnie.</p>\r\n\r\n<p>Jak zmieni się siła oddziaływania?</p>	1	[{"added": {}}]	10	1
199	2026-06-21 21:41:56.216974+00	46	<h2>Zadanie 7</h2>\r\n\r\n<p>Oblicz liczbę elektron&oacute;w odpowiadającą ładunkowi:</p>\r\n\r\n<pre>\r\n\r\n&nbsp;</pre>\r\n\r\n<pre>\r\n<code>q = 3,2 &middot; 10⁻&sup1;⁹ C</code></pre>\r\n\r\n<p>Dane:</p>\r\n\r\n<pre>\r\n\r\n&n	1	[{"added": {}}]	10	1
200	2026-06-21 21:44:19.70844+00	18	Pole elektryczne	2	[{"changed": {"fields": ["Content"]}}]	9	1
201	2026-06-21 21:46:46.695138+00	47	<h2>Zadanie 1</h2>\r\n\r\n<p>Na ładunek 5 C działa siła 20 N.</p>\r\n\r\n<p>Oblicz natężenie pola elektrycznego.</p>\r\n\r\n<h3>Rozwiązanie</h3>\r\n\r\n<pre>\r\n\r\n&nbsp;</pre>\r\n\r\n<pre>\r\n<code>E = F / q\r\nE = 20 / 5\r\nE =	1	[{"added": {}}]	10	1
202	2026-06-21 21:47:15.680367+00	48	<h2>Zadanie 2</h2>\r\n\r\n<p>Oblicz siłę działającą na ładunek 3 C umieszczony w polu o natężeniu 8 N/C.</p>	1	[{"added": {}}]	10	1
203	2026-06-21 21:47:22.315756+00	49	<h2>Zadanie 3</h2>\r\n\r\n<p>Ładunek 2 C znajduje się w polu o natężeniu 15 N/C.</p>\r\n\r\n<p>Oblicz siłę działającą na ten ładunek.</p>	1	[{"added": {}}]	10	1
204	2026-06-21 21:47:34.862388+00	50	<h2>Zadanie 4</h2>\r\n\r\n<p>Na ładunek działa siła 18 N.</p>\r\n\r\n<p>Natężenie pola wynosi 6 N/C.</p>\r\n\r\n<p>Oblicz wartość ładunku.</p>	1	[{"added": {}}]	10	1
205	2026-06-21 21:47:49.092311+00	51	<h2>Zadanie 5</h2>\r\n\r\n<p>W polu elektrycznym o natężeniu 12 N/C znajduje się ładunek 10 C.</p>\r\n\r\n<p>Oblicz siłę działającą na ładunek.</p>	1	[{"added": {}}]	10	1
206	2026-06-22 06:39:13.94372+00	23	Wyrażenia algebraiczne	1	[{"added": {}}]	9	1
207	2026-06-22 06:39:51.519637+00	23	zadania dla wyrażeń algebraicznych	1	[{"added": {}}]	12	1
208	2026-06-22 06:40:30.683644+00	52	<h2>Zadanie 1</h2>\r\n\r\n<p>Zredukuj wyrazy podobne:</p>\r\n\r\n<pre>\r\n\r\n&nbsp;</pre>\r\n\r\n<pre>\r\n<code>4x + 7x</code></pre>	1	[{"added": {}}]	10	1
209	2026-06-22 06:41:18.0932+00	53	<h2>Zadanie 2</h2>\r\n\r\n<p>Zredukuj wyrazy podobne:</p>\r\n\r\n<pre>\r\n\r\n&nbsp;</pre>\r\n\r\n<pre>\r\n<code>8a - 3a + 2a</code></pre>	1	[{"added": {}}]	10	1
210	2026-06-22 06:41:36.238304+00	54	<h2>Zadanie 3</h2>\r\n\r\n<p>Usuń nawias:</p>\r\n\r\n<pre>\r\n\r\n&nbsp;</pre>\r\n\r\n<pre>\r\n<code>5(x + 4)</code></pre>	1	[{"added": {}}]	10	1
211	2026-06-22 06:41:57.473526+00	55	<h2>Zadanie 4</h2>\r\n\r\n<p>Usuń nawias:</p>\r\n\r\n<pre>\r\n\r\n&nbsp;</pre>\r\n\r\n<pre>\r\n<code>2(3a - 5)</code></pre>	1	[{"added": {}}]	10	1
212	2026-06-22 06:42:20.574925+00	56	<h2>Zadanie 5</h2>\r\n\r\n<p>Oblicz wartość wyrażenia:</p>\r\n\r\n<pre>\r\n\r\n&nbsp;</pre>\r\n\r\n<pre>\r\n<code>3x + 7</code></pre>\r\n\r\n<p>dla:</p>\r\n\r\n<pre>\r\n\r\n&nbsp;</pre>\r\n\r\n<pre>\r\n<code>x = 5</code></pre>	1	[{"added": {}}]	10	1
213	2026-06-22 06:44:43.426807+00	24	Równania i nierówności	1	[{"added": {}}]	9	1
214	2026-06-22 06:45:27.334369+00	24	zadania dla równania i nierówności	1	[{"added": {}}]	12	1
215	2026-06-22 06:46:30.305762+00	57	<h2>Zadanie 1</h2>\r\n\r\n<p>Rozwiąż r&oacute;wnanie:</p>\r\n\r\n<pre>\r\n\r\n&nbsp;</pre>\r\n\r\n<pre>\r\n<code>x + 9 = 20</code></pre>	1	[{"added": {}}]	10	1
216	2026-06-22 06:46:50.799224+00	58	<h2>Zadanie 2</h2>\r\n\r\n<p>Rozwiąż r&oacute;wnanie:</p>\r\n\r\n<pre>\r\n\r\n&nbsp;</pre>\r\n\r\n<pre>\r\n<code>3x = 27</code></pre>	1	[{"added": {}}]	10	1
217	2026-06-22 06:47:16.047206+00	59	<h2>Zadanie 3</h2>\r\n\r\n<p>Rozwiąż r&oacute;wnanie:</p>\r\n\r\n<pre>\r\n\r\n&nbsp;</pre>\r\n\r\n<pre>\r\n<code>2x - 6 = 18</code></pre>	1	[{"added": {}}]	10	1
218	2026-06-22 06:47:34.365726+00	60	<h2>Zadanie 4</h2>\r\n\r\n<p>Rozwiąż r&oacute;wnanie:</p>\r\n\r\n<pre>\r\n\r\n&nbsp;</pre>\r\n\r\n<pre>\r\n<code>4(x + 2) = 24</code></pre>	1	[{"added": {}}]	10	1
219	2026-06-22 06:48:06.299973+00	61	<h2>Zadanie 5</h2>\r\n\r\n<p>Rozwiąż nier&oacute;wność:</p>\r\n\r\n<pre>\r\n\r\n&nbsp;</pre>\r\n\r\n<pre>\r\n<code>x - 3 &gt; 8</code></pre>	1	[{"added": {}}]	10	1
220	2026-06-22 06:50:10.185486+00	25	Układy równań	1	[{"added": {}}]	9	1
221	2026-06-22 06:50:35.205783+00	25	zadania dla układów równań	1	[{"added": {}}]	12	1
222	2026-06-22 06:52:01.473073+00	62	<h2>Zadanie 1</h2>\r\n\r\n<p>Rozwiąż układ:</p>	1	[{"added": {}}]	10	1
223	2026-06-22 06:52:15.042792+00	63	<h2>Zadanie 2</h2>\r\n\r\n<p>Rozwiąż metodą podstawiania:</p>	1	[{"added": {}}]	10	1
224	2026-06-22 06:52:28.541182+00	64	<h2>Zadanie 3</h2>\r\n\r\n<p>Rozwiąż układ:</p>	1	[{"added": {}}]	10	1
225	2026-06-22 06:52:41.426163+00	65	<h2>Zadanie 4</h2>\r\n\r\n<p>Rozwiąż układ:</p>	1	[{"added": {}}]	10	1
226	2026-06-22 06:53:07.783468+00	66	<h2>Zadanie 5 (tekstowe)</h2>\r\n\r\n<p>Suma wieku dw&oacute;ch braci wynosi 24 lata. Starszy brat jest o 4 lata starszy od młodszego.</p>\r\n\r\n<p>Uł&oacute;ż i rozwiąż układ r&oacute;wnań.</p>	1	[{"added": {}}]	10	1
227	2026-06-22 06:53:55.137258+00	67	<h2>Zadanie 6 (trudniejsze)</h2>\r\n\r\n<p>W sklepie kupiono 3 zeszyty i 2 długopisy za 19 zł. Następnie kupiono 2 zeszyty i 4 długopisy za 18 zł.</p>	1	[{"added": {}}]	10	1
228	2026-06-22 06:55:06.653068+00	26	Ciągi liczbowe	1	[{"added": {}}]	9	1
229	2026-06-22 06:55:35.469519+00	26	zadania dla ciągów liczbowych	1	[{"added": {}}]	12	1
230	2026-06-22 06:56:03.077926+00	68	<h3>Zadanie 1</h3>\r\n\r\n<p>Wypisz pierwszych pięć wyraz&oacute;w ciągu określonego wzorem:</p>\r\n\r\n<pre>\r\n\r\n&nbsp;</pre>\r\n\r\n<pre>\r\n<code>aₙ = 2n + 1</code></pre>	1	[{"added": {}}]	10	1
231	2026-06-22 06:56:16.779497+00	69	<h3>Zadanie 2</h3>\r\n\r\n<p>Czy ciąg:</p>\r\n\r\n<pre>\r\n\r\n&nbsp;</pre>\r\n\r\n<pre>\r\n<code>5, 8, 11, 14, 17</code></pre>\r\n\r\n<p>jest ciągiem arytmetycznym?</p>	1	[{"added": {}}]	10	1
232	2026-06-22 06:56:34.648074+00	70	<h3>Zadanie 3</h3>\r\n\r\n<p>Oblicz 12. wyraz ciągu arytmetycznego:</p>\r\n\r\n<pre>\r\n\r\n&nbsp;</pre>\r\n\r\n<pre>\r\n<code>2, 5, 8, 11, ...</code></pre>	1	[{"added": {}}]	10	1
233	2026-06-22 06:56:47.964188+00	71	<h3>Zadanie 4</h3>\r\n\r\n<p>Wyznacz iloraz ciągu geometrycznego:</p>\r\n\r\n<pre>\r\n\r\n&nbsp;</pre>\r\n\r\n<pre>\r\n<code>4, 12, 36, 108, ...</code></pre>	1	[{"added": {}}]	10	1
234	2026-06-22 06:57:18.257135+00	72	<h3>Zadanie 5</h3>\r\n\r\n<p>Oblicz 7. wyraz ciągu geometrycznego:</p>\r\n\r\n<pre>\r\n\r\n&nbsp;</pre>\r\n\r\n<pre>\r\n<code>1, 2, 4, 8, ...</code></pre>	1	[{"added": {}}]	10	1
235	2026-06-22 07:00:59.143446+00	27	Kąty	1	[{"added": {}}]	9	1
236	2026-06-22 07:01:28.972012+00	27	zadania dla kątów	1	[{"added": {}}]	12	1
237	2026-06-22 07:40:13.673495+00	27	Kąty	2	[{"changed": {"fields": ["Content"]}}]	9	1
238	2026-06-22 07:40:51.023573+00	73	<p>W tr&oacute;jkącie dwa kąty mają miary:</p>\r\n\r\n<pre>\r\n\r\n&nbsp;</pre>\r\n\r\n<pre>\r\n<code>35&deg; i 75&deg;</code></pre>\r\n\r\n<p>Oblicz trzeci kąt.</p>	1	[{"added": {}}]	10	1
239	2026-06-22 07:41:09.289836+00	74	<h3>Zadanie 2</h3>\r\n\r\n<p>W tr&oacute;jkącie r&oacute;wnoramiennym kąt przy wierzchołku ma 40&deg;.</p>\r\n\r\n<p>Oblicz pozostałe kąty.</p>	1	[{"added": {}}]	10	1
240	2026-06-22 07:41:21.985214+00	75	<h3>Zadanie 3</h3>\r\n\r\n<p>Trzy kąty czworokąta mają:</p>\r\n\r\n<pre>\r\n\r\n&nbsp;</pre>\r\n\r\n<pre>\r\n<code>90&deg;, 110&deg;, 70&deg;</code></pre>\r\n\r\n<p>Oblicz czwarty kąt.</p>	1	[{"added": {}}]	10	1
241	2026-06-22 07:41:43.42706+00	76	<h3>Zadanie 4</h3>\r\n\r\n<p>Oblicz sumę kąt&oacute;w wewnętrznych siedmiokąta.</p>	1	[{"added": {}}]	10	1
244	2026-06-22 08:13:34.350126+00	28	Zadania dla trójkątów	1	[{"added": {}}]	12	1
245	2026-06-22 08:14:10.563081+00	78	<h2>Zadanie 1</h2>\r\n\r\n<p>W tr&oacute;jkącie dwa kąty mają miary:</p>\r\n\r\n<pre>\r\n\r\n&nbsp;</pre>\r\n\r\n<pre>\r\n<code>45&deg; i 80&deg;</code></pre>\r\n\r\n<p>Oblicz miarę trzeciego kąta.</p>	1	[{"added": {}}]	10	1
246	2026-06-22 08:15:14.530068+00	79	<h2>Zadanie 2</h2>\r\n\r\n<p>Oblicz pole tr&oacute;jkąta o podstawie 12 cm i wysokości 7 cm.</p>	1	[{"added": {}}]	10	1
247	2026-06-22 08:15:31.194189+00	80	<h2>Zadanie 3</h2>\r\n\r\n<p>Tr&oacute;jkąt ma boki:</p>\r\n\r\n<pre>\r\n\r\n&nbsp;</pre>\r\n\r\n<pre>\r\n<code>5 cm, 5 cm, 8 cm</code></pre>\r\n\r\n<p>Określ jego rodzaj ze względu na boki.</p>	1	[{"added": {}}]	10	1
248	2026-06-22 08:15:49.608577+00	81	<h2>Zadanie 4</h2>\r\n\r\n<p>Oblicz długość przeciwprostokątnej tr&oacute;jkąta prostokątnego o przyprostokątnych:</p>\r\n\r\n<pre>\r\n\r\n&nbsp;</pre>\r\n\r\n<pre>\r\n<code>6 cm i 8 cm</code></pre>	1	[{"added": {}}]	10	1
249	2026-06-22 08:16:16.544012+00	82	<h2>Zadanie 5 (trudniejsze)</h2>\r\n\r\n<p>W tr&oacute;jkącie prostokątnym przeciwprostokątna ma długość 13 cm, a jedna przyprostokątna 5 cm.</p>\r\n\r\n<p>Oblicz długość drugiej przyprostokątnej.</p>	1	[{"added": {}}]	10	1
250	2026-06-22 08:18:09.29905+00	29	Czworokąty	1	[{"added": {}}]	9	1
251	2026-06-22 08:18:30.360061+00	29	zadania dla czworokątów	1	[{"added": {}}]	12	1
252	2026-06-22 08:19:09.026541+00	83	<h2>Zadanie 1</h2>\r\n\r\n<p>Kwadrat ma bok długości 8 cm.</p>\r\n\r\n<p>Oblicz:</p>\r\n\r\n<ul>\r\n\t<li>pole,</li>\r\n\t<li>obw&oacute;d.</li>\r\n</ul>	1	[{"added": {}}]	10	1
253	2026-06-22 08:19:32.214412+00	84	<h2>Zadanie 2</h2>\r\n\r\n<p>Prostokąt ma długość 10 cm i szerokość 4 cm.</p>\r\n\r\n<p>Oblicz jego pole.</p>	1	[{"added": {}}]	10	1
254	2026-06-22 08:19:48.66633+00	85	<h2>Zadanie 3</h2>\r\n\r\n<p>R&oacute;wnoległobok ma podstawę długości 12 cm i wysokość 5 cm.</p>\r\n\r\n<p>Oblicz pole.</p>	1	[{"added": {}}]	10	1
255	2026-06-22 08:20:03.857049+00	86	<h2>Zadanie 4</h2>\r\n\r\n<p>Trapez ma podstawy długości:</p>\r\n\r\n<ul>\r\n\t<li>10 cm,</li>\r\n\t<li>6 cm,</li>\r\n</ul>\r\n\r\n<p>oraz wysokość 4 cm.</p>\r\n\r\n<p>Oblicz pole.</p>	1	[{"added": {}}]	10	1
256	2026-06-22 08:20:29.659604+00	87	<h2>Zadanie 5 (rozszerzone)</h2>\r\n\r\n<p>Boisko sportowe ma kształt prostokąta o wymiarach:</p>\r\n\r\n<ul>\r\n\t<li>długość: 30 m,</li>\r\n\t<li>szerokość: 20 m.</li>\r\n</ul>\r\n\r\n<p>Oblicz:</p>\r\n\r\n<ol>\r\n\t<li>Pole 	1	[{"added": {}}]	10	1
257	2026-06-22 08:35:02.301357+00	30	Wyznaczanie wartości funkcji	1	[{"added": {}}]	9	1
258	2026-06-22 08:35:27.768864+00	30	zadania dla wyznaczanie wartości funkcji	1	[{"added": {}}]	12	1
259	2026-06-22 08:36:05.692642+00	88	<h3>Zadanie 1</h3>\r\n\r\n<p>Dana jest funkcja:</p>\r\n\r\n<p>f(x)=3x+1f(x)=3x+1f(x)=3x+1</p>\r\n\r\n<p>Oblicz:</p>\r\n\r\n<ul>\r\n\t<li>f(2)f(2)f(2)</li>\r\n\t<li>f(5)f(5)f(5)</li>\r\n</ul>	1	[{"added": {}}]	10	1
260	2026-06-22 08:36:30.071175+00	89	<h3>Zadanie 2</h3>\r\n\r\n<p>Dana jest funkcja:</p>\r\n\r\n<p>f(x)=x2+2f(x)=x^2+2f(x)=x2+2</p>\r\n\r\n<p>Oblicz:</p>\r\n\r\n<ul>\r\n\t<li>f(1)f(1)f(1)</li>\r\n\t<li>f(4)f(4)f(4)</li>\r\n</ul>	1	[{"added": {}}]	10	1
261	2026-06-22 08:36:52.072839+00	90	<h3>Zadanie 3</h3>\r\n\r\n<p>Dana jest funkcja:</p>\r\n\r\n<p>f(x)=5&minus;xf(x)=5-xf(x)=5&minus;x</p>\r\n\r\n<p>Oblicz:</p>\r\n\r\n<ul>\r\n\t<li>f(2)f(2)f(2)</li>\r\n\t<li>f(7)f(7)f(7)</li>\r\n</ul>	1	[{"added": {}}]	10	1
262	2026-06-22 08:37:06.142699+00	91	<p>Dana jest funkcja:</p>\r\n\r\n<p>f(x)=2x2&minus;3xf(x)=2x^2-3xf(x)=2x2&minus;3x</p>\r\n\r\n<p>Oblicz wartość funkcji dla:</p>\r\n\r\n<p>x=2x=2x=2</p>	1	[{"added": {}}]	10	1
263	2026-06-22 08:37:31.554963+00	92	<h3>Zadanie 5 (trudniejsze)</h3>\r\n\r\n<p>Dana jest funkcja:</p>\r\n\r\n<p>f(x)=x2&minus;4x+1f(x)=x^2-4x+1f(x)=x2&minus;4x+1</p>\r\n\r\n<p>Oblicz:</p>\r\n\r\n<ul>\r\n\t<li>f(0)f(0)f(0)</li>\r\n\t<li>f(2)f(2)f(2)</li>\r\n\t<l	1	[{"added": {}}]	10	1
264	2026-06-22 08:38:47.340696+00	31	Dziedzina funkcji	1	[{"added": {}}]	9	1
265	2026-06-22 08:39:12.961382+00	31	zadania dla dziedziny funkcji	1	[{"added": {}}]	12	1
266	2026-06-22 09:08:00.443918+00	32	Miejsce zerowe funkcji	1	[{"added": {}}]	9	1
267	2026-06-22 09:08:32.948337+00	32	zadania dla miejsc zerowych funkcji	1	[{"added": {}}]	12	1
268	2026-06-22 09:12:59.76696+00	33	Monotoniczność funkcji	1	[{"added": {}}]	9	1
269	2026-06-22 09:13:33.626043+00	33	zadania dla monotoniczności funkcji	1	[{"added": {}}]	12	1
270	2026-06-22 09:14:24.351198+00	93	<h3>Zadanie 1</h3>\r\n\r\n<p>Określ monotoniczność funkcji:</p>\r\n\r\n<pre>\r\n\r\n&nbsp;</pre>\r\n\r\n<pre>\r\n<code>f(x) = 3x + 2</code></pre>	1	[{"added": {}}]	10	1
271	2026-06-22 09:14:38.854841+00	94	<h3>Zadanie 2</h3>\r\n\r\n<p>Określ monotoniczność funkcji:</p>\r\n\r\n<pre>\r\n\r\n&nbsp;</pre>\r\n\r\n<pre>\r\n<code>f(x) = -5x + 7</code></pre>	1	[{"added": {}}]	10	1
272	2026-06-22 09:15:03.848849+00	95	<h3>Zadanie 3</h3>\r\n\r\n<p>Czy funkcja f(x)=4f(x) = 4f(x)=4 jest rosnąca, malejąca czy stała?</p>	1	[{"added": {}}]	10	1
273	2026-06-22 09:15:28.007419+00	96	<h3>Zadanie 4</h3>\r\n\r\n<p>Dana jest funkcja:</p>\r\n\r\n<pre>\r\n\r\n&nbsp;</pre>\r\n\r\n<pre>\r\n<code>f(x) = 0x + 9</code></pre>\r\n\r\n<p>Określ jej monotoniczność.</p>	1	[{"added": {}}]	10	1
274	2026-06-22 09:15:47.863279+00	97	<h3>Zadanie 5</h3>\r\n\r\n<p>Dla funkcji f(x)=2x&minus;10f(x) = 2x - 10f(x)=2x&minus;10 oblicz:</p>\r\n\r\n<ul>\r\n\t<li>czy funkcja rośnie czy maleje</li>\r\n\t<li>wartość f(3)f(3)f(3)</li>\r\n</ul>	1	[{"added": {}}]	10	1
275	2026-06-22 10:44:49.823187+00	34	Mediana	1	[{"added": {}}]	9	1
276	2026-06-22 10:45:07.059966+00	34	zadania dla mediany	1	[{"added": {}}]	12	1
277	2026-06-22 10:45:36.975805+00	98	<h3>Zadanie 1</h3>\r\n\r\n<p>Oblicz medianę:<br />\r\n<code>3, 7, 1, 9, 5</code></p>	1	[{"added": {}}]	10	1
278	2026-06-22 10:46:29.657043+00	99	<h3>Zadanie 2</h3>\r\n\r\n<p>Oblicz medianę:<br />\r\n<code>12, 4, 8, 6</code></p>	1	[{"added": {}}]	10	1
279	2026-06-22 10:46:46.270886+00	100	<h3>Zadanie 3</h3>\r\n\r\n<p>Znaleźć medianę:<br />\r\n<code>10, 2, 33, 14, 18, 6, 9</code></p>	1	[{"added": {}}]	10	1
280	2026-06-22 10:47:10.714539+00	101	<h3>Zadanie 4 (zadanie praktyczne)</h3>\r\n\r\n<p>Wzrost uczni&oacute;w w klasie (cm):<br />\r\n<code>160, 165, 170, 155, 180, 175</code></p>	1	[{"added": {}}]	10	1
281	2026-06-22 10:47:45.641405+00	102	<h3>Zadanie 5 (interpretacyjne)</h3>\r\n\r\n<p>Wyniki testu:<br />\r\n<code>1, 2, 2, 3, 3, 3, 10</code></p>\r\n\r\n<p>Kt&oacute;ra miara lepiej opisuje typowy wynik: średnia czy mediana? Uzasadnij.</p>	1	[{"added": {}}]	10	1
282	2026-06-22 10:49:47.238148+00	35	Dominanta	1	[{"added": {}}]	9	1
283	2026-06-22 10:50:19.36125+00	35	zadania dla dominantę	1	[{"added": {}}]	12	1
284	2026-06-22 10:50:45.150448+00	103	<h3>Zadanie 1</h3>\r\n\r\n<p>Znajdź dominantę:</p>\r\n\r\n<pre>\r\n\r\n&nbsp;</pre>\r\n\r\n<pre>\r\n<code>4, 5, 6, 4, 7, 4, 8</code></pre>	1	[{"added": {}}]	10	1
285	2026-06-22 10:50:59.656338+00	104	<h3>Zadanie 2</h3>\r\n\r\n<p>Znajdź dominantę:</p>\r\n\r\n<pre>\r\n\r\n&nbsp;</pre>\r\n\r\n<pre>\r\n<code>10, 12, 12, 15, 15, 15, 18</code></pre>	1	[{"added": {}}]	10	1
286	2026-06-22 10:51:17.086055+00	105	<h3>Zadanie 3</h3>\r\n\r\n<p>Czy istnieje dominanta?</p>\r\n\r\n<pre>\r\n\r\n&nbsp;</pre>\r\n\r\n<pre>\r\n<code>1, 2, 3, 4, 5, 6</code></pre>	1	[{"added": {}}]	10	1
335	2026-06-22 13:57:54.63999+00	52	<h2>Zadanie 1</h2>\r\n\r\n<p>Zredukuj wyrazy podobne:</p>\r\n\r\n<pre>\r\n<code>4x + 7x - 3x</code></pre>	2	[]	10	1
287	2026-06-22 10:51:37.147208+00	106	<h3>Zadanie 4</h3>\r\n\r\n<p>Znajdź dominantę:</p>\r\n\r\n<pre>\r\n\r\n&nbsp;</pre>\r\n\r\n<pre>\r\n<code>2, 2, 3, 3, 4, 4</code></pre>	1	[{"added": {}}]	10	1
288	2026-06-22 10:52:05.945704+00	107	<h3>Zadanie 5 (trudniejsze)</h3>\r\n\r\n<p>W sklepie sprzedano liczbę produkt&oacute;w w dniu:</p>\r\n\r\n<pre>\r\n\r\n&nbsp;</pre>\r\n\r\n<pre>\r\n<code>A: 2 szt.\r\nB: 5 szt.\r\nC: 5 szt.\r\nD: 3 szt.\r\nE: 2 szt.</code></pr	1	[{"added": {}}]	10	1
289	2026-06-22 10:53:14.399112+00	36	Średnia ważona	1	[{"added": {}}]	9	1
290	2026-06-22 10:53:30.994632+00	36	zadania dla średniej ważonej	1	[{"added": {}}]	12	1
291	2026-06-22 10:54:27.799823+00	108	<h3>Zadanie 1</h3>\r\n\r\n<p>Uczeń ma oceny:</p>\r\n\r\n<ul>\r\n\t<li>6 (waga 3)</li>\r\n\t<li>4 (waga 2)</li>\r\n\t<li>5 (waga 1)</li>\r\n</ul>\r\n\r\n<p>Oblicz średnią ważoną.</p>	1	[{"added": {}}]	10	1
292	2026-06-22 10:54:50.604646+00	109	<h3>Zadanie 2</h3>\r\n\r\n<p>Student uzyskał wyniki:</p>\r\n\r\n<ul>\r\n\t<li>70% (waga 2)</li>\r\n\t<li>80% (waga 3)</li>\r\n\t<li>60% (waga 1)</li>\r\n</ul>\r\n\r\n<p>Oblicz średnią ważoną.</p>	1	[{"added": {}}]	10	1
293	2026-06-22 10:55:14.787826+00	110	<h3>Zadanie 3</h3>\r\n\r\n<p>Kt&oacute;ry wynik ma większy wpływ na średnią?</p>\r\n\r\n<ul>\r\n\t<li>A) ocena z wagą 1</li>\r\n\t<li>B) ocena z wagą 5 ✅</li>\r\n\t<li>C) ocena z wagą 2</li>\r\n\t<li>D) wszystkie mają ta	1	[{"added": {}}]	10	1
294	2026-06-22 10:55:30.332011+00	111	<h3>Zadanie 4</h3>\r\n\r\n<p>Uczeń ma średnią:</p>\r\n\r\n<ul>\r\n\t<li>3 (waga 4)</li>\r\n\t<li>5 (waga 1)</li>\r\n</ul>\r\n\r\n<p>Czy średnia będzie bliższa 3 czy 5?</p>	1	[{"added": {}}]	10	1
295	2026-06-22 10:55:49.679154+00	112	<h3>Zadanie 5 (zadanie praktyczne)</h3>\r\n\r\n<p>Sprawdziany mają wagę 4, kartk&oacute;wki wagę 2, prace domowe wagę 1.</p>\r\n\r\n<p>Uczeń uzyskał:</p>\r\n\r\n<ul>\r\n\t<li>sprawdzian: 2</li>\r\n\t<li>kartk&oacute;wk	1	[{"added": {}}]	10	1
296	2026-06-22 10:57:57.022582+00	37	Wariacja	1	[{"added": {}}]	9	1
297	2026-06-22 10:58:14.662928+00	37	zadania dla wariacji	1	[{"added": {}}]	12	1
298	2026-06-22 10:58:36.674963+00	113	<h2>Zadanie 1</h2>\r\n\r\n<p>Ile r&oacute;żnych 3-literowych kod&oacute;w można utworzyć z liter A, B, C, D, E bez powt&oacute;rzeń?</p>	1	[{"added": {}}]	10	1
299	2026-06-22 10:58:54.4471+00	114	<h2>Zadanie 2</h2>\r\n\r\n<p>Ile liczb 3-cyfrowych można utworzyć z cyfr 1&ndash;7 bez powt&oacute;rzeń?</p>	1	[{"added": {}}]	10	1
300	2026-06-22 10:59:12.092079+00	115	<h2>Zadanie 3</h2>\r\n\r\n<p>Ile r&oacute;żnych haseł 5-znakowych można utworzyć z liter A&ndash;Z, jeśli powt&oacute;rzenia są dozwolone?</p>	1	[{"added": {}}]	10	1
301	2026-06-22 10:59:40.134775+00	116	<h2>Zadanie 4</h2>\r\n\r\n<p>Z 6 os&oacute;b wybieramy 2 osoby do zarządu (prezes i wiceprezes). Ile jest możliwości?</p>	1	[{"added": {}}]	10	1
302	2026-06-22 11:00:18.284195+00	117	<h2>Zadanie 6 (trudniejsze)</h2>\r\n\r\n<p>Ile r&oacute;żnych 4-literowych sł&oacute;w można utworzyć z liter A, B, C, D, E, F bez powt&oacute;rzeń?</p>	1	[{"added": {}}]	10	1
303	2026-06-22 11:02:33.821552+00	37	Wariancja	2	[{"changed": {"fields": ["Title", "Content"]}}]	9	1
304	2026-06-22 11:02:49.379629+00	37	zadania dla wariancji	2	[{"changed": {"fields": ["Content"]}}]	12	1
305	2026-06-22 11:03:22.559877+00	113	<h2>Zadanie 1 (podstawowe)</h2>\r\n\r\n<p>Dane:<br />\r\n<code>3, 3, 3, 3, 3</code></p>\r\n\r\n<p>Oblicz wariancję.</p>	2	[{"changed": {"fields": ["Content"]}}]	10	1
306	2026-06-22 11:03:34.905827+00	114	<p>Dane:<br />\r\n<code>1, 2, 3, 4, 5</code></p>\r\n\r\n<p>Oblicz:</p>\r\n\r\n<ul>\r\n\t<li>średnią</li>\r\n\t<li>wariancję</li>\r\n</ul>	2	[{"changed": {"fields": ["Content"]}}]	10	1
307	2026-06-22 11:04:10.512728+00	116	<h2>Zadanie 4</h2>\r\n\r\n<p>Dane dw&oacute;ch klas:</p>\r\n\r\n<ul>\r\n\t<li>Klasa A: <code>5, 5, 6, 6, 5</code></li>\r\n\t<li>Klasa B: <code>2, 5, 8, 10, 5</code></li>\r\n</ul>\r\n\r\n<p>Kt&oacute;ra klasa ma większą w	2	[{"changed": {"fields": ["Content"]}}]	10	1
308	2026-06-22 11:04:48.737208+00	117	<p>Wyniki testu:</p>\r\n\r\n<p><code>2, 4, 6, 8, 10, 12</code></p>\r\n\r\n<p>Oblicz wariancję i zinterpretuj wynik.</p>	2	[{"changed": {"fields": ["Content"]}}]	10	1
309	2026-06-22 11:05:35.558177+00	38	Present Simple	1	[{"added": {}}]	9	1
310	2026-06-22 11:05:53.585082+00	39	Present Continues	1	[{"added": {}}]	9	1
311	2026-06-22 11:06:13.025955+00	40	Present Perfect	1	[{"added": {}}]	9	1
312	2026-06-22 11:06:28.559081+00	41	Past Simple	1	[{"added": {}}]	9	1
313	2026-06-22 11:06:50.576399+00	42	Past Continues	1	[{"added": {}}]	9	1
314	2026-06-22 11:07:08.16657+00	43	Past Perfect	1	[{"added": {}}]	9	1
315	2026-06-22 11:08:51.045859+00	44	Future Simple	1	[{"added": {}}]	9	1
316	2026-06-22 11:09:09.650783+00	45	Future Continues	1	[{"added": {}}]	9	1
317	2026-06-22 11:09:31.743365+00	46	Future Perfect	1	[{"added": {}}]	9	1
318	2026-06-22 11:26:18.466496+00	1	Dodawanie binarne	2	[{"changed": {"fields": ["Content"]}}]	9	1
319	2026-06-22 11:29:31.538501+00	2	Odejmowanie binarne	2	[{"changed": {"fields": ["Content"]}}]	9	1
320	2026-06-22 11:30:17.676095+00	3	Mnożenie binarne	2	[{"changed": {"fields": ["Content"]}}]	9	1
321	2026-06-22 11:31:08.67694+00	4	Dzielenie binarne	2	[{"changed": {"fields": ["Content"]}}]	9	1
322	2026-06-22 11:56:09.337187+00	10	Kinematyka	2	[{"changed": {"fields": ["Content"]}}]	9	1
323	2026-06-22 12:15:03.670524+00	10	Kinematyka	2	[{"changed": {"fields": ["Content"]}}]	9	1
324	2026-06-22 12:46:09.461561+00	10	Kinematyka	2	[{"changed": {"fields": ["Content"]}}]	9	1
325	2026-06-22 12:51:08.579956+00	10	Kinematyka	2	[]	9	1
326	2026-06-22 13:31:20.308868+00	23	Wyrażenia algebraiczne	2	[{"changed": {"fields": ["Content"]}}]	9	1
327	2026-06-22 13:48:22.489055+00	24	Równania i nierówności	2	[{"changed": {"fields": ["Content"]}}]	9	1
328	2026-06-22 13:49:23.115451+00	52	<h2>Zadanie 1</h2>\r\n\r\n<p>Zredukuj wyrazy podobne:</p>\r\n\r\n<pre>\r\n<code>4x + 7x - 3x</code></pre>	2	[{"changed": {"fields": ["Content"]}}]	10	1
329	2026-06-22 13:50:07.273047+00	52	<h2>Zadanie 1</h2>\r\n\r\n<p>Zredukuj wyrazy podobne:</p>\r\n\r\n<pre>\r\n<code>4x + 7x - 3x</code></pre>	2	[]	10	1
330	2026-06-22 13:52:06.488559+00	52	<h2>Zadanie 1</h2>\r\n\r\n<p>Zredukuj wyrazy podobne:</p>\r\n\r\n<pre>\r\n<code>4x + 7x - 3x</code></pre>	2	[{"changed": {"fields": ["Order"]}}]	10	1
331	2026-06-22 13:52:20.210576+00	53	<h2>Zadanie 2</h2>\r\n\r\n<p>Zredukuj wyrazy podobne:</p>\r\n\r\n<pre>\r\n\r\n&nbsp;</pre>\r\n\r\n<pre>\r\n<code>8a - 3a + 2a</code></pre>	2	[{"changed": {"fields": ["Order"]}}]	10	1
332	2026-06-22 13:52:48.315595+00	54	<h2>Zadanie 3</h2>\r\n\r\n<p>Usuń nawias:</p>\r\n\r\n<pre>\r\n\r\n&nbsp;</pre>\r\n\r\n<pre>\r\n<code>5(x + 4)</code></pre>	2	[{"changed": {"fields": ["Order"]}}]	10	1
333	2026-06-22 13:53:15.474447+00	55	<h2>Zadanie 4</h2>\r\n\r\n<p>Usuń nawias:</p>\r\n\r\n<pre>\r\n<code>2(3a - 5)</code></pre>	2	[{"changed": {"fields": ["Content", "Order"]}}]	10	1
334	2026-06-22 13:53:48.361859+00	56	<h2>Zadanie 5</h2>\r\n\r\n<p>Oblicz wartość wyrażenia:</p>\r\n\r\n<pre>\r\n<code>3x + 7</code></pre>\r\n\r\n<p>dla:</p>\r\n\r\n<pre>\r\n<code>x = 5</code></pre>	2	[{"changed": {"fields": ["Content", "Order"]}}]	10	1
389	2026-06-22 17:17:46.134363+00	26	<p><code>x = 59/9, y = 73/9</code></p>	1	[{"added": {}}]	11	1
336	2026-06-22 13:58:03.225715+00	53	<h2>Zadanie 2</h2>\r\n\r\n<p>Zredukuj wyrazy podobne:</p>\r\n\r\n<pre>\r\n\r\n&nbsp;</pre>\r\n\r\n<pre>\r\n<code>8a - 3a + 2a</code></pre>	2	[]	10	1
337	2026-06-22 13:58:10.987018+00	54	<h2>Zadanie 3</h2>\r\n\r\n<p>Usuń nawias:</p>\r\n\r\n<pre>\r\n\r\n&nbsp;</pre>\r\n\r\n<pre>\r\n<code>5(x + 4)</code></pre>	2	[]	10	1
338	2026-06-22 13:58:19.929527+00	55	<h2>Zadanie 4</h2>\r\n\r\n<p>Usuń nawias:</p>\r\n\r\n<pre>\r\n<code>2(3a - 5)</code></pre>	2	[]	10	1
339	2026-06-22 13:58:26.796301+00	56	<h2>Zadanie 5</h2>\r\n\r\n<p>Oblicz wartość wyrażenia:</p>\r\n\r\n<pre>\r\n<code>3x + 7</code></pre>\r\n\r\n<p>dla:</p>\r\n\r\n<pre>\r\n<code>x = 5</code></pre>	2	[]	10	1
340	2026-06-22 13:58:36.35822+00	54	<h2>Zadanie 3</h2>\r\n\r\n<p>Usuń nawias:</p>\r\n\r\n<pre>\r\n<code>5(x + 4)</code></pre>	2	[{"changed": {"fields": ["Content"]}}]	10	1
341	2026-06-22 14:27:49.664617+00	5	11x	1	[{"added": {}}]	11	1
342	2026-06-22 14:28:30.637797+00	5	11x	2	[]	11	1
343	2026-06-22 14:28:42.510144+00	5	8x	2	[{"changed": {"fields": ["Content"]}}]	11	1
344	2026-06-22 14:28:43.747552+00	5	8x	2	[]	11	1
345	2026-06-22 14:32:36.309898+00	5	11x	2	[{"changed": {"fields": ["Content"]}}]	11	1
346	2026-06-22 14:33:09.870156+00	6	8x	1	[{"added": {}}]	11	1
347	2026-06-22 14:33:28.58894+00	7	14x	1	[{"added": {}}]	11	1
348	2026-06-22 14:33:38.447301+00	8	4x	1	[{"added": {}}]	11	1
349	2026-06-22 14:38:36.191649+00	53	<h2>Zadanie 2</h2>\r\n\r\n<p>Zredukuj wyrazy podobne:</p>\r\n\r\n<pre>\r\n<code>8a - 3a + 2b</code></pre>	2	[{"changed": {"fields": ["Content"]}}]	10	1
350	2026-06-22 14:39:33.576286+00	9	6a + 2b	1	[{"added": {}}]	11	1
351	2026-06-22 14:39:54.607429+00	10	11a + 3b	1	[{"added": {}}]	11	1
352	2026-06-22 14:40:09.257784+00	11	5a + 2b	1	[{"added": {}}]	11	1
353	2026-06-22 14:40:40.696146+00	12	5b + 2a	1	[{"added": {}}]	11	1
354	2026-06-22 14:45:23.418555+00	54	<h2>Zadanie 3</h2>\r\n\r\n<p>Rozwiąż wyrażenie:</p>\r\n\r\n<pre>\r\n<code>(x + 8)&sup2;</code></pre>	2	[{"changed": {"fields": ["Content"]}}]	10	1
355	2026-06-22 14:47:25.251541+00	13	a^2-b^2=\\left(a-b\\right)\\left(a+b\\right)	1	[{"added": {}}]	11	1
356	2026-06-22 14:51:00.036936+00	13	<p><code>x&sup3; + 16x + 64</code></p>	2	[{"changed": {"fields": ["Content"]}}]	11	1
357	2026-06-22 14:51:54.072413+00	14	<p><code>x&sup2; + 24x + 64</code></p>	1	[{"added": {}}]	11	1
358	2026-06-22 14:52:24.525853+00	15	<p><code>x&sup2; + 16x + 64</code></p>	1	[{"added": {}}]	11	1
359	2026-06-22 14:52:54.069942+00	16	<p><code>x&sup2; + 64x + 16</code></p>	1	[{"added": {}}]	11	1
360	2026-06-22 14:53:54.610437+00	16	<div><code>x&sup2; + 64x + 16</code></div>	2	[{"changed": {"fields": ["Content"]}}]	11	1
361	2026-06-22 14:54:00.968937+00	15	<div><code>x&sup2; + 16x + 64</code></div>	2	[{"changed": {"fields": ["Content"]}}]	11	1
362	2026-06-22 14:54:07.56221+00	14	<div><code>x&sup2; + 24x + 64</code></div>	2	[{"changed": {"fields": ["Content"]}}]	11	1
363	2026-06-22 14:54:15.311843+00	13	<div><code>x&sup3; + 16x + 64</code></div>	2	[{"changed": {"fields": ["Content"]}}]	11	1
364	2026-06-22 14:55:55.362864+00	13	<div><code>x&sup3; + 16x + 64</code></div>	2	[]	11	1
365	2026-06-22 14:57:19.443186+00	55	<h2>Zadanie 4</h2>\r\n\r\n<p>rozwiąż r&oacute;wnanie kwadratowe:</p>\r\n\r\n<pre>\r\n<code>(a&sup2; - 36)</code></pre>	2	[{"changed": {"fields": ["Content"]}}]	10	1
366	2026-06-22 14:58:38.854294+00	55	<h2>Zadanie 4</h2>\r\n\r\n<p>Rozwiąż r&oacute;wnanie kwadratowe:</p>\r\n\r\n<pre>\r\n<code>(a&sup2; - 36)</code></pre>	2	[{"changed": {"fields": ["Content"]}}]	10	1
367	2026-06-22 14:59:59.15917+00	17	<p><code>(a + 6)(a + 6)</code></p>	1	[{"added": {}}]	11	1
368	2026-06-22 15:00:36.295228+00	18	<p><code>(a - 6)(a + 6)</code></p>	1	[{"added": {}}]	11	1
369	2026-06-22 15:42:29.387036+00	19	<p><code>(a - 5)(a + 6)</code></p>	1	[{"added": {}}]	11	1
370	2026-06-22 15:43:06.216643+00	20	<p><code>(a - 6)(b + 6)</code></p>	1	[{"added": {}}]	11	1
371	2026-06-22 15:46:24.958304+00	21	<p>27</p>	1	[{"added": {}}]	11	1
372	2026-06-22 15:47:13.766482+00	22	<p>15</p>	1	[{"added": {}}]	11	1
373	2026-06-22 15:47:43.478018+00	23	<p>20</p>	1	[{"added": {}}]	11	1
374	2026-06-22 15:47:55.300319+00	24	<p>22</p>	1	[{"added": {}}]	11	1
375	2026-06-22 17:02:15.565625+00	25	Układy równań	2	[{"changed": {"fields": ["Content"]}}]	9	1
376	2026-06-22 17:03:20.353605+00	66	<h2>Zadanie 5 (tekstowe)</h2>\r\n\r\n<p>Suma wieku dw&oacute;ch braci wynosi 24 lata. Starszy brat jest o 4 lata starszy od młodszego.</p>\r\n\r\n<p>Uł&oacute;ż i rozwiąż układ r&oacute;wnań.</p>	3		10	1
377	2026-06-22 17:04:19.303175+00	62	<h2>Zadanie 1</h2>\r\n\r\n<p>Rozwiąż układ:</p>\r\n\r\n<div><code>| 7x + y = 54</code></div>\r\n\r\n<div><code>| 5y - x = 34</code></div>	2	[{"changed": {"fields": ["Content"]}}]	10	1
378	2026-06-22 17:07:15.314022+00	63	<h2>Zadanie 2</h2>\r\n\r\n<p>Rozwiąż metodą podstawiania:</p>\r\n\r\n<div><code>| 3x + 2y = 19</code></div>\r\n\r\n<div><code>| 2y + 5x = 23</code></div>	2	[{"changed": {"fields": ["Content"]}}]	10	1
379	2026-06-22 17:08:19.793537+00	64	<h2>Zadanie 3</h2>\r\n\r\n<p>Rozwiąż układ:</p>\r\n\r\n<div><code>| x + y = 50</code></div>\r\n\r\n<div><code>| x = y - 5</code></div>	2	[{"changed": {"fields": ["Content"]}}]	10	1
380	2026-06-22 17:10:20.724645+00	65	<h2>Zadanie 4</h2>\r\n\r\n<p>Jacek i Paweł mają w sumie 35. Jacek jest starszy od Pawła o 5 lat. Ile lat mają Jacek i Paweł?&nbsp;</p>	2	[{"changed": {"fields": ["Content"]}}]	10	1
381	2026-06-22 17:10:28.250986+00	62	<h2>Zadanie 1</h2>\r\n\r\n<p>Rozwiąż układ:</p>\r\n\r\n<div><code>| 7x + y = 54</code></div>\r\n\r\n<div><code>| 5y - x = 34</code></div>	2	[{"changed": {"fields": ["Order"]}}]	10	1
382	2026-06-22 17:10:33.004208+00	63	<h2>Zadanie 2</h2>\r\n\r\n<p>Rozwiąż metodą podstawiania:</p>\r\n\r\n<div><code>| 3x + 2y = 19</code></div>\r\n\r\n<div><code>| 2y + 5x = 23</code></div>	2	[{"changed": {"fields": ["Order"]}}]	10	1
383	2026-06-22 17:10:38.163996+00	64	<h2>Zadanie 3</h2>\r\n\r\n<p>Rozwiąż układ:</p>\r\n\r\n<div><code>| x + y = 50</code></div>\r\n\r\n<div><code>| x = y - 5</code></div>	2	[{"changed": {"fields": ["Order"]}}]	10	1
384	2026-06-22 17:10:43.179814+00	65	<h2>Zadanie 4</h2>\r\n\r\n<p>Jacek i Paweł mają w sumie 35. Jacek jest starszy od Pawła o 5 lat. Ile lat mają Jacek i Paweł?&nbsp;</p>	2	[{"changed": {"fields": ["Order"]}}]	10	1
385	2026-06-22 17:10:50.965335+00	65	<h2>Zadanie 4</h2>\r\n\r\n<p>Jacek i Paweł mają w sumie 35. Jacek jest starszy od Pawła o 5 lat. Ile lat mają Jacek i Paweł?&nbsp;</p>	2	[{"changed": {"fields": ["Order"]}}]	10	1
386	2026-06-22 17:11:39.311728+00	67	<h2>Zadanie 5</h2>\r\n\r\n<p>W sklepie kupiono 3 zeszyty i 2 długopisy za 19 zł. Następnie kupiono 2 zeszyty i 4 długopisy za 18 zł. Ile kosztował zeszyt i długopis?</p>	2	[{"changed": {"fields": ["Content"]}}]	10	1
387	2026-06-22 17:11:46.032859+00	67	<h2>Zadanie 5</h2>\r\n\r\n<p>W sklepie kupiono 3 zeszyty i 2 długopisy za 19 zł. Następnie kupiono 2 zeszyty i 4 długopisy za 18 zł. Ile kosztował zeszyt i długopis?</p>	2	[{"changed": {"fields": ["Order"]}}]	10	1
388	2026-06-22 17:17:02.603057+00	25	<div>x = 54/9, y = 73/3</div>	1	[{"added": {}}]	11	1
390	2026-06-22 17:19:09.578754+00	27	<p><code>x = 54/7, y = 34/5</code></p>	1	[{"added": {}}]	11	1
391	2026-06-22 17:20:51.823711+00	28	<p><code>x = 28/5, y = 59,9</code></p>	1	[{"added": {}}]	11	1
392	2026-06-22 17:21:23.329326+00	25	<div><code>x = 54/9, y = 73/3</code></div>	2	[{"changed": {"fields": ["Content"]}}]	11	1
393	2026-06-22 17:27:38.377006+00	29	<p><code>x = 2, y = 13/2</code></p>	1	[{"added": {}}]	11	1
394	2026-06-22 17:30:49.23584+00	30	<p>op2</p>	1	[{"added": {}}]	11	1
395	2026-06-22 17:31:04.470711+00	31	<p>op3</p>	1	[{"added": {}}]	11	1
396	2026-06-22 17:31:23.2338+00	32	<p>op4</p>	1	[{"added": {}}]	11	1
397	2026-06-22 17:31:58.380249+00	33	<p>op1</p>	1	[{"added": {}}]	11	1
398	2026-06-22 17:32:11.352336+00	34	<p>op2</p>	1	[{"added": {}}]	11	1
399	2026-06-22 17:32:32.767316+00	35	<p>op3</p>	1	[{"added": {}}]	11	1
400	2026-06-22 17:32:45.711933+00	36	<p>op4</p>	1	[{"added": {}}]	11	1
401	2026-06-22 17:32:56.877399+00	37	<p>op1</p>	1	[{"added": {}}]	11	1
402	2026-06-22 17:33:07.685311+00	38	<p>op2</p>	1	[{"added": {}}]	11	1
403	2026-06-22 17:33:16.938689+00	39	<p>op3</p>	1	[{"added": {}}]	11	1
404	2026-06-22 17:33:28.301722+00	40	<p>op4</p>	1	[{"added": {}}]	11	1
405	2026-06-22 17:33:43.420253+00	41	<p>op1</p>	1	[{"added": {}}]	11	1
406	2026-06-22 17:33:55.194828+00	42	<p>op2</p>	1	[{"added": {}}]	11	1
407	2026-06-22 17:34:05.964194+00	43	<p>op3</p>	1	[{"added": {}}]	11	1
408	2026-06-22 17:34:21.437295+00	44	<p>op4</p>	1	[{"added": {}}]	11	1
409	2026-06-22 17:37:47.737196+00	45	<p><code>a₁ = 1, a₂ = 3, a₃ = 5, a₄ = 7, a₅ = 9</code></p>	1	[{"added": {}}]	11	1
410	2026-06-22 17:38:18.988843+00	46	<p><code>a₁ = 11, a₂ = 9, a₃ = 7, a₄ = 5, a₅ = 3</code></p>	1	[{"added": {}}]	11	1
411	2026-06-22 17:38:30.905957+00	47	<p><code>a₁ = 3, a₂ = 5, a₃ = 7, a₄ = 9, a₅ = 11</code></p>	1	[{"added": {}}]	11	1
412	2026-06-22 17:38:52.876765+00	48	<p><code>a₁ = 3, a₂ = 5, a₃ = 7, a₄ = 7, a₅ = 7</code></p>	1	[{"added": {}}]	11	1
413	2026-06-22 17:48:58.511803+00	49	<p>op1</p>	1	[{"added": {}}]	11	1
414	2026-06-22 17:49:06.316899+00	50	<p>op2</p>	1	[{"added": {}}]	11	1
415	2026-06-22 17:49:17.166887+00	51	<p>op3</p>	1	[{"added": {}}]	11	1
416	2026-06-22 17:49:35.008022+00	52	<p>op4</p>	1	[{"added": {}}]	11	1
417	2026-06-22 17:49:58.27285+00	53	<p>op1</p>	1	[{"added": {}}]	11	1
418	2026-06-22 17:50:08.478218+00	54	<p>op2</p>	1	[{"added": {}}]	11	1
419	2026-06-22 17:50:18.154475+00	55	<p>op3</p>	1	[{"added": {}}]	11	1
420	2026-06-22 17:50:28.887698+00	56	<p>op4</p>	1	[{"added": {}}]	11	1
421	2026-06-22 17:50:46.39542+00	57	<p>op1</p>	1	[{"added": {}}]	11	1
422	2026-06-22 17:50:57.091352+00	58	<p>op2</p>	1	[{"added": {}}]	11	1
423	2026-06-22 17:51:03.544705+00	59	<p>op3</p>	1	[{"added": {}}]	11	1
424	2026-06-22 17:51:13.495941+00	60	<p>op4</p>	1	[{"added": {}}]	11	1
425	2026-06-22 17:51:35.255202+00	61	<p>op1</p>	1	[{"added": {}}]	11	1
426	2026-06-22 17:51:46.219251+00	62	<p>op2</p>	1	[{"added": {}}]	11	1
427	2026-06-22 17:51:55.140042+00	63	<p>op3</p>	1	[{"added": {}}]	11	1
428	2026-06-22 17:52:03.682366+00	64	<p>op4</p>	1	[{"added": {}}]	11	1
429	2026-06-22 17:53:08.904822+00	65	<p>op1</p>	1	[{"added": {}}]	11	1
430	2026-06-22 17:53:35.451244+00	66	<p>op2</p>	1	[{"added": {}}]	11	1
431	2026-06-22 17:53:53.791625+00	67	<p>op3</p>	1	[{"added": {}}]	11	1
432	2026-06-22 17:54:08.961546+00	68	<p>op4</p>	1	[{"added": {}}]	11	1
433	2026-06-22 17:54:28.897664+00	69	<p>op1</p>	1	[{"added": {}}]	11	1
434	2026-06-22 17:54:44.502951+00	70	<p>op2</p>	1	[{"added": {}}]	11	1
435	2026-06-22 17:54:56.943652+00	71	<p>op3</p>	1	[{"added": {}}]	11	1
436	2026-06-22 17:55:07.786632+00	72	<p>op4</p>	1	[{"added": {}}]	11	1
437	2026-06-22 17:55:35.005574+00	73	<p>op1</p>	1	[{"added": {}}]	11	1
438	2026-06-22 17:55:45.622349+00	74	<p>op2</p>	1	[{"added": {}}]	11	1
439	2026-06-22 17:55:54.667363+00	75	<p>op3</p>	1	[{"added": {}}]	11	1
440	2026-06-22 17:56:04.891412+00	76	<p>op4</p>	1	[{"added": {}}]	11	1
441	2026-06-22 17:56:44.843691+00	77	<p>op1</p>	1	[{"added": {}}]	11	1
442	2026-06-22 17:56:58.476122+00	78	<p>op2</p>	1	[{"added": {}}]	11	1
443	2026-06-22 17:57:10.102716+00	79	<p>op3</p>	1	[{"added": {}}]	11	1
444	2026-06-22 17:57:29.948481+00	80	<p>op4</p>	1	[{"added": {}}]	11	1
445	2026-06-22 17:58:07.294256+00	81	<p>op1</p>	1	[{"added": {}}]	11	1
446	2026-06-22 17:58:22.122471+00	82	<p>op2</p>	1	[{"added": {}}]	11	1
447	2026-06-22 17:58:32.450991+00	83	<p>op3</p>	1	[{"added": {}}]	11	1
448	2026-06-22 17:58:42.990619+00	84	<p>op4</p>	1	[{"added": {}}]	11	1
449	2026-06-22 17:59:53.408435+00	85	<p>op1</p>	1	[{"added": {}}]	11	1
450	2026-06-22 18:00:03.599208+00	86	<p>op2</p>	1	[{"added": {}}]	11	1
451	2026-06-22 18:00:12.467323+00	87	<p>op3</p>	1	[{"added": {}}]	11	1
452	2026-06-22 18:00:23.112668+00	88	<p>op4</p>	1	[{"added": {}}]	11	1
453	2026-06-22 18:01:06.733872+00	89	<p>op1</p>	1	[{"added": {}}]	11	1
454	2026-06-22 18:01:20.051569+00	90	<p>op2</p>	1	[{"added": {}}]	11	1
455	2026-06-22 18:01:32.481548+00	91	<p>op3</p>	1	[{"added": {}}]	11	1
456	2026-06-22 18:01:43.545341+00	92	<p>op4</p>	1	[{"added": {}}]	11	1
457	2026-06-22 18:02:24.886083+00	93	<p>op1</p>	1	[{"added": {}}]	11	1
458	2026-06-22 18:02:33.828587+00	94	<p>op2</p>	1	[{"added": {}}]	11	1
459	2026-06-22 18:02:40.615579+00	95	<p>op3</p>	1	[{"added": {}}]	11	1
460	2026-06-22 18:02:47.530632+00	96	<p>op4</p>	1	[{"added": {}}]	11	1
461	2026-06-22 18:03:03.710906+00	97	<p>op1</p>	1	[{"added": {}}]	11	1
462	2026-06-22 18:03:19.070986+00	98	<p>op2</p>	1	[{"added": {}}]	11	1
463	2026-06-22 18:03:26.457534+00	99	<p>op3</p>	1	[{"added": {}}]	11	1
464	2026-06-22 18:03:35.589721+00	100	<p>op4</p>	1	[{"added": {}}]	11	1
465	2026-06-22 18:04:42.503064+00	101	<p>op1</p>	1	[{"added": {}}]	11	1
466	2026-06-22 18:05:03.196444+00	102	<p>op2</p>	1	[{"added": {}}]	11	1
467	2026-06-22 18:05:12.52582+00	103	<p>op3</p>	1	[{"added": {}}]	11	1
468	2026-06-22 18:05:41.036245+00	104	<p>op4</p>	1	[{"added": {}}]	11	1
469	2026-06-22 18:06:17.51132+00	105	<p>op1</p>	1	[{"added": {}}]	11	1
470	2026-06-22 18:06:26.352294+00	106	<p>op2</p>	1	[{"added": {}}]	11	1
471	2026-06-22 18:06:34.662286+00	107	<p>op3</p>	1	[{"added": {}}]	11	1
472	2026-06-22 18:06:42.79824+00	108	<p>op4</p>	1	[{"added": {}}]	11	1
473	2026-06-22 18:07:09.903572+00	109	<p>op1</p>	1	[{"added": {}}]	11	1
474	2026-06-22 18:07:22.101849+00	110	<p>op2</p>	1	[{"added": {}}]	11	1
475	2026-06-22 18:07:28.907162+00	111	<p>op3</p>	1	[{"added": {}}]	11	1
476	2026-06-22 18:07:35.437386+00	112	<p>op4</p>	1	[{"added": {}}]	11	1
477	2026-06-22 18:07:58.012406+00	113	<p>op1</p>	1	[{"added": {}}]	11	1
478	2026-06-22 18:08:12.682654+00	114	<p>op2</p>	1	[{"added": {}}]	11	1
479	2026-06-22 18:08:22.581674+00	115	<p>op3</p>	1	[{"added": {}}]	11	1
480	2026-06-22 18:08:30.945203+00	116	<p>op4</p>	1	[{"added": {}}]	11	1
481	2026-06-22 18:09:05.339005+00	117	<p>op1</p>	1	[{"added": {}}]	11	1
482	2026-06-22 18:09:14.243401+00	118	<p>op2</p>	1	[{"added": {}}]	11	1
483	2026-06-22 18:09:22.645917+00	119	<p>op3</p>	1	[{"added": {}}]	11	1
484	2026-06-22 18:09:32.136436+00	120	<p>op4</p>	1	[{"added": {}}]	11	1
485	2026-06-22 18:10:13.431759+00	121	<p>op1</p>	1	[{"added": {}}]	11	1
486	2026-06-22 18:10:21.051088+00	122	<p>op2</p>	1	[{"added": {}}]	11	1
487	2026-06-22 18:10:28.469184+00	123	<p>op3</p>	1	[{"added": {}}]	11	1
488	2026-06-22 18:10:41.52863+00	124	<p>op4</p>	1	[{"added": {}}]	11	1
489	2026-06-22 18:10:53.880635+00	125	<p>op1</p>	1	[{"added": {}}]	11	1
490	2026-06-22 18:11:02.08841+00	126	<p>op2</p>	1	[{"added": {}}]	11	1
491	2026-06-22 18:11:16.157925+00	127	<p>op3</p>	1	[{"added": {}}]	11	1
492	2026-06-22 18:11:26.522203+00	128	<p>op4</p>	1	[{"added": {}}]	11	1
493	2026-06-22 18:12:08.230136+00	129	<p>op1</p>	1	[{"added": {}}]	11	1
494	2026-06-22 18:12:17.526011+00	130	<p>op2</p>	1	[{"added": {}}]	11	1
495	2026-06-22 18:12:27.901956+00	131	<p>op3</p>	1	[{"added": {}}]	11	1
496	2026-06-22 18:12:40.17873+00	132	<p>op4</p>	1	[{"added": {}}]	11	1
497	2026-06-22 18:13:04.319915+00	133	<p>op1</p>	1	[{"added": {}}]	11	1
498	2026-06-22 18:13:16.751873+00	134	<p>op2</p>	1	[{"added": {}}]	11	1
499	2026-06-22 18:13:22.76589+00	135	<p>op3</p>	1	[{"added": {}}]	11	1
500	2026-06-22 18:13:29.314233+00	136	<p>op4</p>	1	[{"added": {}}]	11	1
501	2026-06-22 18:13:47.891786+00	137	<p>op1</p>	1	[{"added": {}}]	11	1
502	2026-06-22 18:13:55.567468+00	138	<p>op2</p>	1	[{"added": {}}]	11	1
503	2026-06-22 18:14:05.195429+00	139	<p>op3</p>	1	[{"added": {}}]	11	1
504	2026-06-22 18:14:12.969943+00	140	<p>op4</p>	1	[{"added": {}}]	11	1
505	2026-06-22 18:15:39.69368+00	141	<p>op1</p>	1	[{"added": {}}]	11	1
506	2026-06-22 18:16:15.268783+00	142	<p>op2</p>	1	[{"added": {}}]	11	1
507	2026-06-22 18:16:39.384727+00	143	<p>op3</p>	1	[{"added": {}}]	11	1
508	2026-06-22 18:16:52.479974+00	144	<p>op4</p>	1	[{"added": {}}]	11	1
509	2026-06-22 18:17:22.0094+00	145	<p>op1</p>	1	[{"added": {}}]	11	1
510	2026-06-22 18:17:51.85314+00	146	<p>op1</p>	1	[{"added": {}}]	11	1
511	2026-06-22 18:18:10.147495+00	147	<p>op2</p>	1	[{"added": {}}]	11	1
512	2026-06-22 18:18:22.486041+00	148	<p>op3</p>	1	[{"added": {}}]	11	1
513	2026-06-22 18:18:34.69532+00	149	<p>op4</p>	1	[{"added": {}}]	11	1
514	2026-06-22 18:19:04.648845+00	150	<p>op1</p>	1	[{"added": {}}]	11	1
515	2026-06-22 18:19:19.063756+00	151	<p>op2</p>	1	[{"added": {}}]	11	1
516	2026-06-22 18:19:29.979565+00	152	<p>op3</p>	1	[{"added": {}}]	11	1
517	2026-06-22 18:19:37.034687+00	153	<p>op4</p>	1	[{"added": {}}]	11	1
518	2026-06-22 18:20:08.93149+00	154	<p>op1</p>	1	[{"added": {}}]	11	1
519	2026-06-22 18:20:22.061199+00	155	<p>op2</p>	1	[{"added": {}}]	11	1
520	2026-06-22 18:20:36.455915+00	156	<p>op4</p>	1	[{"added": {}}]	11	1
521	2026-06-22 18:21:19.451791+00	157	<p>op1</p>	1	[{"added": {}}]	11	1
522	2026-06-22 18:21:34.475227+00	158	<p>op2</p>	1	[{"added": {}}]	11	1
523	2026-06-22 18:21:40.925132+00	159	<p>op3</p>	1	[{"added": {}}]	11	1
524	2026-06-22 18:21:47.265405+00	160	<p>op4</p>	1	[{"added": {}}]	11	1
525	2026-06-22 18:42:46.994196+00	161	<p>op1</p>	1	[{"added": {}}]	11	1
526	2026-06-22 18:42:54.739505+00	162	<p>op2</p>	1	[{"added": {}}]	11	1
527	2026-06-22 18:43:03.146317+00	163	<p>op3</p>	1	[{"added": {}}]	11	1
528	2026-06-22 18:43:33.438788+00	164	<p>stała</p>	1	[{"added": {}}]	11	1
529	2026-06-22 18:44:01.220728+00	165	<p>nierosnąca</p>	1	[{"added": {}}]	11	1
530	2026-06-22 18:44:31.259551+00	166	<p>nierosnąca</p>	1	[{"added": {}}]	11	1
531	2026-06-22 18:44:56.671196+00	167	<p>rosnąca</p>	1	[{"added": {}}]	11	1
532	2026-06-22 18:45:29.089182+00	168	<p>malejąca</p>	1	[{"added": {}}]	11	1
533	2026-06-22 18:45:40.109337+00	169	<p>stała</p>	1	[{"added": {}}]	11	1
534	2026-06-22 18:45:53.652426+00	170	<p>nierosnąca</p>	1	[{"added": {}}]	11	1
535	2026-06-22 18:46:38.205115+00	171	<p>rosnąca</p>	1	[{"added": {}}]	11	1
536	2026-06-22 18:46:50.143174+00	172	<p>malejąca</p>	1	[{"added": {}}]	11	1
537	2026-06-22 18:47:04.682067+00	173	<p>stała</p>	1	[{"added": {}}]	11	1
538	2026-06-22 18:47:49.192823+00	174	<p>rosnąca</p>	1	[{"added": {}}]	11	1
539	2026-06-22 18:48:00.665703+00	175	<p>malejąca</p>	1	[{"added": {}}]	11	1
540	2026-06-22 18:48:13.16124+00	176	<p>stała</p>	1	[{"added": {}}]	11	1
541	2026-06-22 18:48:50.075453+00	177	<p>rośnie</p>	1	[{"added": {}}]	11	1
542	2026-06-22 18:49:10.067905+00	178	<p>maleje</p>	1	[{"added": {}}]	11	1
543	2026-06-22 18:49:38.353281+00	179	<p>wartości funkcji są takie same</p>	1	[{"added": {}}]	11	1
544	2026-06-22 18:50:10.978702+00	180	<p>wynik wynosi nieskończoność dodatnia</p>	1	[{"added": {}}]	11	1
545	2026-06-22 18:51:31.434353+00	181	<p>3</p>	1	[{"added": {}}]	11	1
546	2026-06-22 18:51:48.316841+00	182	<p>7</p>	1	[{"added": {}}]	11	1
547	2026-06-22 18:51:57.479331+00	183	<p>1</p>	1	[{"added": {}}]	11	1
548	2026-06-22 18:52:06.849847+00	184	<p>9</p>	1	[{"added": {}}]	11	1
549	2026-06-22 18:52:14.190142+00	185	<p>5</p>	1	[{"added": {}}]	11	1
550	2026-06-22 19:03:19.523097+00	186	<p>12</p>	1	[{"added": {}}]	11	1
551	2026-06-22 19:03:46.619132+00	187	<p>4</p>	1	[{"added": {}}]	11	1
552	2026-06-22 19:03:55.486269+00	188	<p>8</p>	1	[{"added": {}}]	11	1
553	2026-06-22 19:04:04.204123+00	189	<p>6</p>	1	[{"added": {}}]	11	1
554	2026-06-22 19:10:02.773621+00	190	<p>10</p>	1	[{"added": {}}]	11	1
555	2026-06-22 19:10:43.38816+00	191	<p>33</p>	1	[{"added": {}}]	11	1
556	2026-06-22 19:10:52.352412+00	192	<p>14</p>	1	[{"added": {}}]	11	1
557	2026-06-22 19:11:11.088922+00	193	<p>18</p>	1	[{"added": {}}]	11	1
558	2026-06-22 19:11:22.223454+00	194	<p>6</p>	1	[{"added": {}}]	11	1
559	2026-06-22 19:11:32.644673+00	195	<p>9</p>	1	[{"added": {}}]	11	1
560	2026-06-22 19:11:50.445726+00	196	<p>op1</p>	1	[{"added": {}}]	11	1
561	2026-06-22 19:12:01.616632+00	197	<p>op2</p>	1	[{"added": {}}]	11	1
562	2026-06-22 19:12:10.114051+00	198	<p>op3</p>	1	[{"added": {}}]	11	1
563	2026-06-22 19:12:18.423796+00	199	<p>op4</p>	1	[{"added": {}}]	11	1
564	2026-06-22 19:12:34.554172+00	200	<p>op1</p>	1	[{"added": {}}]	11	1
565	2026-06-22 19:12:41.877347+00	201	<p>op2</p>	1	[{"added": {}}]	11	1
566	2026-06-22 19:12:48.406138+00	202	<p>op3</p>	1	[{"added": {}}]	11	1
567	2026-06-22 19:12:56.61432+00	203	<p>op4</p>	1	[{"added": {}}]	11	1
568	2026-06-22 19:13:38.017795+00	204	<p>5</p>	1	[{"added": {}}]	11	1
569	2026-06-22 19:13:57.572583+00	205	<p>5</p>	1	[{"added": {}}]	11	1
570	2026-06-22 19:14:06.654549+00	206	<p>6</p>	1	[{"added": {}}]	11	1
571	2026-06-22 19:14:11.971911+00	207	<p>7</p>	1	[{"added": {}}]	11	1
572	2026-06-22 19:14:21.769365+00	208	<p>8</p>	1	[{"added": {}}]	11	1
573	2026-06-22 19:15:04.587574+00	209	<p>10</p>	1	[{"added": {}}]	11	1
574	2026-06-22 19:15:24.102733+00	210	<p>12</p>	1	[{"added": {}}]	11	1
575	2026-06-22 19:15:33.63876+00	211	<p>15</p>	1	[{"added": {}}]	11	1
576	2026-06-22 19:15:42.248463+00	212	<p>18</p>	1	[{"added": {}}]	11	1
577	2026-06-22 19:15:57.760612+00	213	<p>tak</p>	1	[{"added": {}}]	11	1
578	2026-06-22 19:16:09.655558+00	214	<p>nie</p>	1	[{"added": {}}]	11	1
579	2026-06-22 19:16:41.658221+00	215	<p>2</p>	1	[{"added": {}}]	11	1
580	2026-06-22 19:16:51.478937+00	216	<p>3</p>	1	[{"added": {}}]	11	1
581	2026-06-22 19:17:02.857272+00	217	<p>4</p>	1	[{"added": {}}]	11	1
582	2026-06-22 19:17:28.854829+00	218	<p>wszystkie są dominantami</p>	1	[{"added": {}}]	11	1
583	2026-06-22 19:17:55.802973+00	219	<p>A</p>	1	[{"added": {}}]	11	1
584	2026-06-22 19:18:05.333525+00	220	<p>B</p>	1	[{"added": {}}]	11	1
585	2026-06-22 19:18:11.827168+00	221	<p>C</p>	1	[{"added": {}}]	11	1
586	2026-06-22 19:18:20.113684+00	222	<p>D</p>	1	[{"added": {}}]	11	1
587	2026-06-22 19:18:28.877767+00	223	<p>E</p>	1	[{"added": {}}]	11	1
588	2026-06-22 19:20:47.285674+00	224	<p>op1</p>	1	[{"added": {}}]	11	1
589	2026-06-22 19:20:57.710628+00	225	<p>op2</p>	1	[{"added": {}}]	11	1
590	2026-06-22 19:21:07.385782+00	226	<p>op3</p>	1	[{"added": {}}]	11	1
591	2026-06-22 19:21:14.229242+00	227	<p>op4</p>	1	[{"added": {}}]	11	1
592	2026-06-22 19:21:33.292822+00	228	<p>op1</p>	1	[{"added": {}}]	11	1
593	2026-06-22 19:21:51.721476+00	229	<p>op2</p>	1	[{"added": {}}]	11	1
594	2026-06-22 19:22:05.191484+00	230	<p>op3</p>	1	[{"added": {}}]	11	1
595	2026-06-22 19:22:13.06123+00	231	<p>op4</p>	1	[{"added": {}}]	11	1
596	2026-06-22 19:22:47.139113+00	232	<p>A</p>	1	[{"added": {}}]	11	1
597	2026-06-22 19:22:56.010749+00	233	<p>B</p>	1	[{"added": {}}]	11	1
598	2026-06-22 19:23:12.518387+00	234	<p>C</p>	1	[{"added": {}}]	11	1
599	2026-06-22 19:23:21.955408+00	235	<p>D</p>	1	[{"added": {}}]	11	1
600	2026-06-22 19:24:44.163059+00	236	<p>3</p>	1	[{"added": {}}]	11	1
601	2026-06-22 19:25:34.35542+00	237	<p>5</p>	1	[{"added": {}}]	11	1
602	2026-06-22 19:25:55.734676+00	238	<p>nie ma znaczenia</p>	1	[{"added": {}}]	11	1
603	2026-06-22 19:26:29.527386+00	239	<p>op1</p>	1	[{"added": {}}]	11	1
604	2026-06-22 19:26:40.694113+00	240	<p>op2</p>	1	[{"added": {}}]	11	1
605	2026-06-22 19:26:48.624356+00	241	<p>op3</p>	1	[{"added": {}}]	11	1
606	2026-06-22 19:27:05.707128+00	242	<p>op4</p>	1	[{"added": {}}]	11	1
607	2026-06-22 19:27:52.925659+00	243	<p>op1</p>	1	[{"added": {}}]	11	1
608	2026-06-22 19:28:00.979697+00	244	<p>op2</p>	1	[{"added": {}}]	11	1
609	2026-06-22 19:28:11.45808+00	245	<p>op3</p>	1	[{"added": {}}]	11	1
610	2026-06-22 19:28:20.447712+00	246	<p>op4</p>	1	[{"added": {}}]	11	1
611	2026-06-22 19:29:15.483661+00	247	<p>op1</p>	1	[{"added": {}}]	11	1
612	2026-06-22 19:30:00.552968+00	248	<p>op2</p>	1	[{"added": {}}]	11	1
613	2026-06-22 19:30:15.986543+00	249	<p>op3</p>	1	[{"added": {}}]	11	1
614	2026-06-22 19:30:48.543956+00	250	<p>op4</p>	1	[{"added": {}}]	11	1
615	2026-06-22 19:31:10.658545+00	251	<p>op1</p>	1	[{"added": {}}]	11	1
616	2026-06-22 19:31:19.726869+00	252	<p>op2</p>	1	[{"added": {}}]	11	1
617	2026-06-22 19:31:27.635268+00	253	<p>op3</p>	1	[{"added": {}}]	11	1
618	2026-06-22 19:31:37.567672+00	254	<p>op4</p>	1	[{"added": {}}]	11	1
619	2026-06-22 19:32:22.465305+00	255	<p>Klasa A</p>	1	[{"added": {}}]	11	1
620	2026-06-22 19:32:44.62245+00	256	<p>Klasa B</p>	1	[{"added": {}}]	11	1
621	2026-06-22 19:33:23.917795+00	257	<p>obie</p>	1	[{"added": {}}]	11	1
622	2026-06-22 19:33:38.012395+00	258	<p>żadna</p>	1	[{"added": {}}]	11	1
623	2026-06-22 19:34:00.886029+00	259	<p>op1</p>	1	[{"added": {}}]	11	1
624	2026-06-22 19:34:10.380123+00	260	<p>op2</p>	1	[{"added": {}}]	11	1
625	2026-06-22 19:34:17.012477+00	261	<p>op3</p>	1	[{"added": {}}]	11	1
626	2026-06-22 19:34:27.461203+00	262	<p>op3</p>	1	[{"added": {}}]	11	1
627	2026-06-22 19:34:33.899696+00	263	<p>op4</p>	1	[{"added": {}}]	11	1
628	2026-06-22 19:57:59.110969+00	47	Zmienne	1	[{"added": {}}]	9	1
629	2026-06-22 19:58:54.345665+00	48	Operatory	1	[{"added": {}}]	9	1
630	2026-06-22 19:59:35.21012+00	49	Instrukcje warunkowe	1	[{"added": {}}]	9	1
631	2026-06-22 19:59:57.881234+00	50	Pętle	1	[{"added": {}}]	9	1
632	2026-06-22 20:00:24.873113+00	51	Funkcje	1	[{"added": {}}]	9	1
633	2026-06-22 20:21:11.481111+00	3	wyniki	2	[]	18	1
634	2026-06-22 20:27:19.257308+00	10	Kinematyka	2	[{"changed": {"fields": ["Order"]}}]	9	1
635	2026-06-22 20:27:25.772705+00	11	Dynamika	2	[{"changed": {"fields": ["Order"]}}]	9	1
636	2026-06-22 20:27:38.926822+00	12	Praca, energia i moc	2	[{"changed": {"fields": ["Order"]}}]	9	1
637	2026-06-22 20:27:57.118166+00	13	Grawitacja	2	[{"changed": {"fields": ["Order"]}}]	9	1
638	2026-06-22 20:28:22.344268+00	10	Kinematyka	2	[]	9	1
639	2026-06-22 20:28:34.808362+00	11	Dynamika	2	[]	9	1
640	2026-06-22 20:28:39.170475+00	12	Praca, energia i moc	2	[]	9	1
641	2026-06-22 20:28:44.979139+00	13	Grawitacja	2	[]	9	1
642	2026-06-22 20:37:26.943606+00	264	<p>op1</p>	1	[{"added": {}}]	11	1
643	2026-06-22 20:37:36.611108+00	265	<p>op2</p>	1	[{"added": {}}]	11	1
644	2026-06-22 20:37:48.249441+00	266	<p>op3</p>	1	[{"added": {}}]	11	1
645	2026-06-22 20:38:02.018671+00	267	<p>op4</p>	1	[{"added": {}}]	11	1
646	2026-06-22 20:38:18.358805+00	268	<p>op1</p>	1	[{"added": {}}]	11	1
647	2026-06-22 20:38:25.463977+00	269	<p>op2</p>	1	[{"added": {}}]	11	1
648	2026-06-22 20:38:33.592182+00	270	<p>op3</p>	1	[{"added": {}}]	11	1
649	2026-06-22 20:38:43.380953+00	271	<p>op4</p>	1	[{"added": {}}]	11	1
650	2026-06-22 20:38:58.041593+00	272	<p>op1</p>	1	[{"added": {}}]	11	1
651	2026-06-22 20:39:06.721757+00	273	<p>op2</p>	1	[{"added": {}}]	11	1
652	2026-06-22 20:39:16.341649+00	274	<p>op3</p>	1	[{"added": {}}]	11	1
653	2026-06-22 20:39:22.780119+00	275	<p>op4</p>	1	[{"added": {}}]	11	1
654	2026-06-22 20:39:33.553276+00	276	<p>op1</p>	1	[{"added": {}}]	11	1
655	2026-06-22 20:39:40.927848+00	277	<p>op2</p>	1	[{"added": {}}]	11	1
656	2026-06-22 20:39:48.001486+00	278	<p>op3</p>	1	[{"added": {}}]	11	1
657	2026-06-22 20:39:55.137928+00	279	<p>op4</p>	1	[{"added": {}}]	11	1
658	2026-06-22 20:40:29.783605+00	280	<p>op1</p>	1	[{"added": {}}]	11	1
659	2026-06-22 20:40:40.784341+00	281	<p>op2</p>	1	[{"added": {}}]	11	1
660	2026-06-22 20:40:53.050305+00	282	<p>op3</p>	1	[{"added": {}}]	11	1
661	2026-06-22 20:41:02.293389+00	283	<p>op4</p>	1	[{"added": {}}]	11	1
662	2026-06-22 20:41:27.507421+00	284	<p>op1</p>	1	[{"added": {}}]	11	1
663	2026-06-22 20:41:39.51873+00	285	<p>op2</p>	1	[{"added": {}}]	11	1
664	2026-06-22 20:41:49.844204+00	286	<p>op3</p>	1	[{"added": {}}]	11	1
665	2026-06-22 20:42:00.464853+00	287	<p>op4</p>	1	[{"added": {}}]	11	1
666	2026-06-22 20:43:29.661605+00	288	<p>op1</p>	1	[{"added": {}}]	11	1
667	2026-06-22 20:43:38.963334+00	289	<p>op2</p>	1	[{"added": {}}]	11	1
668	2026-06-22 20:43:47.960287+00	290	<p>op3</p>	1	[{"added": {}}]	11	1
669	2026-06-22 20:43:56.37143+00	291	<p>op4</p>	1	[{"added": {}}]	11	1
670	2026-06-22 20:44:18.24551+00	292	<p>op1</p>	1	[{"added": {}}]	11	1
671	2026-06-22 20:44:26.318571+00	293	<p>op2</p>	1	[{"added": {}}]	11	1
672	2026-06-22 20:44:34.829711+00	294	<p>op3</p>	1	[{"added": {}}]	11	1
673	2026-06-22 20:44:45.557246+00	295	<p>op4</p>	1	[{"added": {}}]	11	1
674	2026-06-22 20:45:04.983229+00	296	<p>op1</p>	1	[{"added": {}}]	11	1
675	2026-06-22 20:45:10.785317+00	297	<p>op2</p>	1	[{"added": {}}]	11	1
676	2026-06-22 20:45:21.98584+00	298	<p>op3</p>	1	[{"added": {}}]	11	1
677	2026-06-22 20:45:31.896231+00	299	<p>op4</p>	1	[{"added": {}}]	11	1
678	2026-06-22 20:46:04.149086+00	300	<p>op1</p>	1	[{"added": {}}]	11	1
679	2026-06-22 20:46:13.359195+00	301	<p>op2</p>	1	[{"added": {}}]	11	1
680	2026-06-22 20:46:21.445164+00	302	<p>op3</p>	1	[{"added": {}}]	11	1
681	2026-06-22 20:46:28.554787+00	303	<p>op4</p>	1	[{"added": {}}]	11	1
682	2026-06-22 20:47:00.539482+00	304	<p>op1</p>	1	[{"added": {}}]	11	1
683	2026-06-22 20:47:12.628123+00	305	<p>op2</p>	1	[{"added": {}}]	11	1
684	2026-06-22 20:47:21.886183+00	306	<p>op3</p>	1	[{"added": {}}]	11	1
685	2026-06-22 20:47:35.269626+00	307	<p>op4</p>	1	[{"added": {}}]	11	1
686	2026-06-22 20:49:56.284086+00	308	<p>op1</p>	1	[{"added": {}}]	11	1
687	2026-06-22 20:50:38.07281+00	309	<p>op2</p>	1	[{"added": {}}]	11	1
688	2026-06-22 20:50:51.891669+00	310	<p>op3</p>	1	[{"added": {}}]	11	1
689	2026-06-22 20:51:04.548434+00	311	<p>op4</p>	1	[{"added": {}}]	11	1
690	2026-06-22 20:51:28.820308+00	312	<p>op1</p>	1	[{"added": {}}]	11	1
691	2026-06-22 20:52:23.573713+00	313	<p>op2</p>	1	[{"added": {}}]	11	1
692	2026-06-22 20:52:31.783319+00	314	<p>op3</p>	1	[{"added": {}}]	11	1
693	2026-06-22 20:52:38.79842+00	315	<p>op4</p>	1	[{"added": {}}]	11	1
694	2026-06-22 20:53:41.60828+00	316	<p>op1</p>	1	[{"added": {}}]	11	1
695	2026-06-22 20:53:57.732114+00	317	<p>op2</p>	1	[{"added": {}}]	11	1
696	2026-06-22 20:54:13.804061+00	318	<p>op3</p>	1	[{"added": {}}]	11	1
697	2026-06-22 20:54:26.440751+00	319	<p>op4</p>	1	[{"added": {}}]	11	1
698	2026-06-22 20:54:41.382854+00	320	<p>op1</p>	1	[{"added": {}}]	11	1
699	2026-06-22 20:55:11.88919+00	321	<p>op3</p>	1	[{"added": {}}]	11	1
700	2026-06-22 20:55:21.470073+00	322	<p>op4</p>	1	[{"added": {}}]	11	1
701	2026-06-22 20:55:35.400086+00	323	<p>op1</p>	1	[{"added": {}}]	11	1
702	2026-06-22 20:55:49.368349+00	324	<p>op2</p>	1	[{"added": {}}]	11	1
703	2026-06-22 20:56:00.951975+00	325	<p>op3</p>	1	[{"added": {}}]	11	1
704	2026-06-22 20:56:10.043514+00	326	<p>op4</p>	1	[{"added": {}}]	11	1
705	2026-06-22 20:56:32.07464+00	327	<p>op2</p>	1	[{"added": {}}]	11	1
706	2026-06-22 20:56:47.769576+00	328	<p>op1</p>	1	[{"added": {}}]	11	1
707	2026-06-22 20:56:56.434895+00	329	<p>op2</p>	1	[{"added": {}}]	11	1
708	2026-06-22 20:57:08.41817+00	330	<p>op3</p>	1	[{"added": {}}]	11	1
709	2026-06-22 20:57:20.290148+00	331	<p>op4</p>	1	[{"added": {}}]	11	1
710	2026-06-22 20:58:34.309502+00	332	<p>op1</p>	1	[{"added": {}}]	11	1
711	2026-06-22 20:58:59.352985+00	333	<p>op2</p>	1	[{"added": {}}]	11	1
712	2026-06-22 20:59:10.000081+00	334	<p>op3</p>	1	[{"added": {}}]	11	1
713	2026-06-22 20:59:21.043088+00	335	<p>op4</p>	1	[{"added": {}}]	11	1
714	2026-06-22 20:59:48.377205+00	336	<p>op1</p>	1	[{"added": {}}]	11	1
715	2026-06-22 21:00:10.733068+00	337	<p>op2</p>	1	[{"added": {}}]	11	1
716	2026-06-22 21:01:38.937871+00	338	<p>op3</p>	1	[{"added": {}}]	11	1
717	2026-06-22 21:01:48.248714+00	339	<p>op3</p>	1	[{"added": {}}]	11	1
718	2026-06-22 21:02:54.642853+00	340	<p>op1</p>	1	[{"added": {}}]	11	1
719	2026-06-22 21:03:11.632464+00	341	<p>op2</p>	1	[{"added": {}}]	11	1
720	2026-06-22 21:03:22.536726+00	342	<p>op3</p>	1	[{"added": {}}]	11	1
721	2026-06-22 21:03:30.12493+00	343	<p>op4</p>	1	[{"added": {}}]	11	1
722	2026-06-22 21:03:47.586061+00	344	<p>op1</p>	1	[{"added": {}}]	11	1
723	2026-06-22 21:03:53.996939+00	345	<p>op2</p>	1	[{"added": {}}]	11	1
724	2026-06-22 21:04:02.966213+00	346	<p>op3</p>	1	[{"added": {}}]	11	1
725	2026-06-22 21:04:08.90774+00	347	<p>op4</p>	1	[{"added": {}}]	11	1
726	2026-06-22 21:04:43.033369+00	348	<p>op1</p>	1	[{"added": {}}]	11	1
727	2026-06-22 21:04:49.239377+00	349	<p>op2</p>	1	[{"added": {}}]	11	1
728	2026-06-22 21:04:58.129724+00	350	<p>op3</p>	1	[{"added": {}}]	11	1
729	2026-06-22 21:05:06.151871+00	351	<p>op4</p>	1	[{"added": {}}]	11	1
730	2026-06-22 21:06:10.065171+00	352	<p>op1</p>	1	[{"added": {}}]	11	1
731	2026-06-22 21:06:22.650209+00	353	<p>op2</p>	1	[{"added": {}}]	11	1
732	2026-06-22 21:06:31.786231+00	354	<p>op3</p>	1	[{"added": {}}]	11	1
733	2026-06-22 21:06:42.422282+00	355	<p>op4</p>	1	[{"added": {}}]	11	1
734	2026-06-22 21:07:24.146428+00	356	<p>op1</p>	1	[{"added": {}}]	11	1
735	2026-06-22 21:08:10.35354+00	357	<p>op2</p>	1	[{"added": {}}]	11	1
736	2026-06-22 21:08:17.480211+00	358	<p>op3</p>	1	[{"added": {}}]	11	1
737	2026-06-22 21:08:25.879321+00	359	<p>op4</p>	1	[{"added": {}}]	11	1
738	2026-06-22 21:08:55.180671+00	360	<p>op1</p>	1	[{"added": {}}]	11	1
739	2026-06-22 21:09:07.883143+00	361	<p>op3</p>	1	[{"added": {}}]	11	1
740	2026-06-22 21:09:18.457739+00	362	<p>op4</p>	1	[{"added": {}}]	11	1
741	2026-06-22 21:09:43.087088+00	363	<p>op1</p>	1	[{"added": {}}]	11	1
742	2026-06-22 21:15:25.552407+00	364	<p>op1</p>	1	[{"added": {}}]	11	1
743	2026-06-22 21:15:46.648575+00	365	<p>op2</p>	1	[{"added": {}}]	11	1
744	2026-06-22 21:15:57.045469+00	366	<p>op3</p>	1	[{"added": {}}]	11	1
745	2026-06-22 21:16:07.808931+00	367	<p>op4</p>	1	[{"added": {}}]	11	1
746	2026-06-22 21:17:28.851682+00	368	<p>op1</p>	1	[{"added": {}}]	11	1
747	2026-06-22 21:17:45.318089+00	369	<p>op2</p>	1	[{"added": {}}]	11	1
748	2026-06-22 21:17:56.877231+00	370	<p>op3</p>	1	[{"added": {}}]	11	1
749	2026-06-22 21:18:04.703917+00	371	<p>op4</p>	1	[{"added": {}}]	11	1
750	2026-06-22 21:18:16.848432+00	372	<p>op1</p>	1	[{"added": {}}]	11	1
751	2026-06-22 21:18:22.924294+00	373	<p>op2</p>	1	[{"added": {}}]	11	1
752	2026-06-22 21:18:29.599516+00	374	<p>op3</p>	1	[{"added": {}}]	11	1
753	2026-06-22 21:18:38.0699+00	375	<p>op4</p>	1	[{"added": {}}]	11	1
754	2026-06-22 21:18:58.300698+00	376	<p>op1</p>	1	[{"added": {}}]	11	1
755	2026-06-22 21:19:15.531132+00	377	<p>op2</p>	1	[{"added": {}}]	11	1
756	2026-06-22 21:19:22.751282+00	378	<p>op3</p>	1	[{"added": {}}]	11	1
757	2026-06-22 21:19:28.646709+00	379	<p>op4</p>	1	[{"added": {}}]	11	1
758	2026-06-22 21:21:44.649372+00	380	<p>op1</p>	1	[{"added": {}}]	11	1
759	2026-06-22 21:22:02.060412+00	381	<p>op2</p>	1	[{"added": {}}]	11	1
760	2026-06-22 21:22:09.320468+00	382	<p>op3</p>	1	[{"added": {}}]	11	1
761	2026-06-22 21:22:16.267824+00	383	<p>op4</p>	1	[{"added": {}}]	11	1
762	2026-06-22 21:22:37.779691+00	384	<p>op1</p>	1	[{"added": {}}]	11	1
763	2026-06-22 21:22:45.244042+00	385	<p>op2</p>	1	[{"added": {}}]	11	1
764	2026-06-22 21:22:51.634789+00	386	<p>op3</p>	1	[{"added": {}}]	11	1
765	2026-06-22 21:22:58.279338+00	387	<p>op4</p>	1	[{"added": {}}]	11	1
766	2026-06-22 21:23:53.803503+00	388	<p>op1</p>	1	[{"added": {}}]	11	1
767	2026-06-22 21:24:01.920748+00	389	<p>op2</p>	1	[{"added": {}}]	11	1
768	2026-06-22 21:24:10.162316+00	390	<p>op3</p>	1	[{"added": {}}]	11	1
769	2026-06-22 21:24:21.715287+00	391	<p>op4</p>	1	[{"added": {}}]	11	1
770	2026-06-22 21:24:45.899068+00	392	<p>op1</p>	1	[{"added": {}}]	11	1
771	2026-06-22 21:24:59.338886+00	393	<p>op2</p>	1	[{"added": {}}]	11	1
772	2026-06-22 21:25:06.652848+00	394	<p>op3</p>	1	[{"added": {}}]	11	1
773	2026-06-22 21:25:27.696284+00	395	<p>op4</p>	1	[{"added": {}}]	11	1
774	2026-06-22 21:25:36.790057+00	396	<p>op1</p>	1	[{"added": {}}]	11	1
775	2026-06-22 21:25:43.039249+00	397	<p>op2</p>	1	[{"added": {}}]	11	1
776	2026-06-22 21:25:50.854798+00	398	<p>op3</p>	1	[{"added": {}}]	11	1
777	2026-06-22 21:26:01.58578+00	399	<p>op4</p>	1	[{"added": {}}]	11	1
778	2026-06-22 21:26:41.188022+00	400	<p>op1</p>	1	[{"added": {}}]	11	1
779	2026-06-22 21:26:56.525108+00	401	<p>op2</p>	1	[{"added": {}}]	11	1
780	2026-06-22 21:27:11.208276+00	402	<p>op3</p>	1	[{"added": {}}]	11	1
781	2026-06-22 21:27:18.053373+00	403	<p>op4</p>	1	[{"added": {}}]	11	1
782	2026-06-22 21:27:46.902351+00	404	<p>op1</p>	1	[{"added": {}}]	11	1
783	2026-06-22 21:27:53.397687+00	405	<p>op2</p>	1	[{"added": {}}]	11	1
784	2026-06-22 21:28:00.599436+00	406	<p>op3</p>	1	[{"added": {}}]	11	1
785	2026-06-22 21:28:07.60146+00	407	<p>op4</p>	1	[{"added": {}}]	11	1
786	2026-06-22 21:29:14.706121+00	408	<p>op1</p>	1	[{"added": {}}]	11	1
787	2026-06-22 21:29:22.102442+00	409	<p>op2</p>	1	[{"added": {}}]	11	1
788	2026-06-22 21:29:27.481024+00	410	<p>op3</p>	1	[{"added": {}}]	11	1
789	2026-06-22 21:29:32.84394+00	411	<p>op4</p>	1	[{"added": {}}]	11	1
790	2026-06-22 21:29:44.480798+00	412	<p>A</p>	1	[{"added": {}}]	11	1
791	2026-06-22 21:29:53.478882+00	413	<p>B</p>	1	[{"added": {}}]	11	1
792	2026-06-22 21:30:00.312212+00	414	<p>C</p>	1	[{"added": {}}]	11	1
793	2026-06-22 21:30:18.823567+00	415	<p>Żadna</p>	1	[{"added": {}}]	11	1
794	2026-06-22 21:30:50.125773+00	416	<p>op1</p>	1	[{"added": {}}]	11	1
795	2026-06-22 21:31:02.475185+00	417	<p>op2</p>	1	[{"added": {}}]	11	1
796	2026-06-22 21:31:11.425102+00	418	<p>op3</p>	1	[{"added": {}}]	11	1
797	2026-06-22 21:31:20.630606+00	419	<p>op4</p>	1	[{"added": {}}]	11	1
798	2026-06-22 21:31:33.570346+00	420	<p>op1</p>	1	[{"added": {}}]	11	1
799	2026-06-22 21:31:51.804744+00	421	<p>op2</p>	1	[{"added": {}}]	11	1
800	2026-06-22 21:31:58.327744+00	422	<p>op3</p>	1	[{"added": {}}]	11	1
801	2026-06-22 21:32:05.268894+00	423	<p>op4</p>	1	[{"added": {}}]	11	1
802	2026-06-22 21:32:21.349778+00	424	<p>op1</p>	1	[{"added": {}}]	11	1
803	2026-06-22 21:32:28.614035+00	425	<p>op2</p>	1	[{"added": {}}]	11	1
804	2026-06-22 21:32:37.791931+00	426	<p>op3</p>	1	[{"added": {}}]	11	1
805	2026-06-22 21:32:44.706954+00	427	<p>op4</p>	1	[{"added": {}}]	11	1
806	2026-06-22 21:35:31.23222+00	428	<p>op1</p>	1	[{"added": {}}]	11	1
807	2026-06-22 21:35:56.163561+00	429	<p>op2</p>	1	[{"added": {}}]	11	1
808	2026-06-22 21:36:08.890538+00	430	<p>op3</p>	1	[{"added": {}}]	11	1
809	2026-06-22 21:36:17.756588+00	431	<p>opc4</p>	1	[{"added": {}}]	11	1
810	2026-06-22 21:38:00.632341+00	432	<p>op1</p>	1	[{"added": {}}]	11	1
811	2026-06-22 21:38:12.062996+00	433	<p>op2</p>	1	[{"added": {}}]	11	1
812	2026-06-22 21:38:20.904675+00	434	<p>op3</p>	1	[{"added": {}}]	11	1
813	2026-06-22 21:38:29.136914+00	435	<p>op4</p>	1	[{"added": {}}]	11	1
814	2026-06-22 21:38:51.818019+00	436	<p>op1</p>	1	[{"added": {}}]	11	1
815	2026-06-22 21:39:07.49826+00	437	<p>op2</p>	1	[{"added": {}}]	11	1
816	2026-06-22 21:39:16.279752+00	438	<p>op3</p>	1	[{"added": {}}]	11	1
817	2026-06-22 21:39:24.149523+00	439	<p>op4</p>	1	[{"added": {}}]	11	1
818	2026-06-22 21:40:36.189804+00	440	<p>op1</p>	1	[{"added": {}}]	11	1
819	2026-06-22 21:40:52.941065+00	441	<p>op2</p>	1	[{"added": {}}]	11	1
820	2026-06-22 21:41:03.306402+00	442	<p>op3</p>	1	[{"added": {}}]	11	1
821	2026-06-22 21:41:13.120622+00	443	<p>op4</p>	1	[{"added": {}}]	11	1
822	2026-06-22 21:41:41.379173+00	444	<p>op1</p>	1	[{"added": {}}]	11	1
823	2026-06-22 21:41:49.442697+00	445	<p>op2</p>	1	[{"added": {}}]	11	1
824	2026-06-22 21:42:14.430717+00	446	<p>op3</p>	1	[{"added": {}}]	11	1
825	2026-06-22 21:42:24.718735+00	447	<p>op4</p>	1	[{"added": {}}]	11	1
826	2026-06-22 22:08:34.194097+00	52	Optyka geometryczna	1	[{"added": {}}]	9	1
827	2026-06-22 22:10:27.759073+00	38	zadania dla optyki geometrycznej	1	[{"added": {}}]	12	1
828	2026-06-22 22:10:52.2001+00	118	<h2>Zadanie 1</h2>\r\n\r\n<p>Promień światła pada na lustro pod kątem 40&deg;.</p>\r\n\r\n<p>Oblicz kąt odbicia.</p>	1	[{"added": {}}]	10	1
829	2026-06-22 22:11:50.896093+00	119	<h2>Zadanie 2</h2>\r\n\r\n<p>Promień pada na zwierciadło pod kątem 25&deg;.</p>\r\n\r\n<p>Jaki będzie kąt odbicia?</p>	1	[{"added": {}}]	10	1
830	2026-06-22 22:12:03.492274+00	120	<h2>Zadanie 3</h2>\r\n\r\n<p>Przedmiot znajduje się 2 m przed zwierciadłem płaskim.</p>\r\n\r\n<p>W jakiej odległości za lustrem powstanie obraz?</p>	1	[{"added": {}}]	10	1
831	2026-06-22 22:12:17.799356+00	121	<h2>Zadanie 4</h2>\r\n\r\n<p>Przedmiot znajduje się 5 m od lustra.</p>\r\n\r\n<p>Jaka jest odległość między przedmiotem a jego obrazem?</p>	1	[{"added": {}}]	10	1
832	2026-06-22 22:14:20.423158+00	122	<h2>Zadanie 5</h2>\r\n\r\n<p>Podaj przykład urządzenia wykorzystującego soczewkę skupiającą.</p>\r\n\r\n<h3>Przykładowe odpowiedzi</h3>\r\n\r\n<ul>\r\n\t<li>lupa,</li>\r\n\t<li>mikroskop,</li>\r\n\t<li>aparat fotograficzn	1	[{"added": {}}]	10	1
833	2026-06-22 22:16:59.391984+00	53	Optyka falowa	1	[{"added": {}}]	9	1
834	2026-06-22 22:17:05.380204+00	52	Optyka geometryczna	2	[]	9	1
835	2026-06-22 22:18:58.52647+00	39	zadania dla optyki falowej	1	[{"added": {}}]	12	1
836	2026-06-22 22:19:14.707044+00	123	<h2>Zadanie 1</h2>\r\n\r\n<p>Oblicz długość fali światła o częstotliwości:</p>\r\n\r\n<pre>\r\n<code>6 &middot; 10&sup1;⁴ Hz</code></pre>\r\n\r\n<p>Przyjmij:</p>\r\n\r\n<pre>\r\n<code>c = 3 &middot; 10⁸ m/s</code></pre>	1	[{"added": {}}]	10	1
837	2026-06-22 22:19:36.809523+00	124	<h2>Zadanie 2</h2>\r\n\r\n<p>Oblicz częstotliwość światła o długości fali:</p>\r\n\r\n<pre>\r\n<code>600 nm</code></pre>	1	[{"added": {}}]	10	1
838	2026-06-22 22:19:52.639096+00	125	<h2>Zadanie 3</h2>\r\n\r\n<p>Jak zmieni się długość fali światła, gdy jego częstotliwość wzrośnie dwukrotnie?</p>	1	[{"added": {}}]	10	1
839	2026-06-22 22:20:23.309812+00	126	<h2>Zadanie 4</h2>\r\n\r\n<p>Podaj dwa przykłady zjawisk świadczących o falowej naturze światła.</p>	1	[{"added": {}}]	10	1
840	2026-06-22 22:20:34.121672+00	127	<h2>Zadanie 5</h2>\r\n\r\n<p>Dlaczego na powierzchni bańki mydlanej obserwujemy kolorowe wzory?</p>	1	[{"added": {}}]	10	1
841	2026-06-22 22:24:27.568365+00	448	<p>op1</p>	1	[{"added": {}}]	11	1
842	2026-06-22 22:24:51.559107+00	449	<p>op2</p>	1	[{"added": {}}]	11	1
843	2026-06-22 22:25:00.529525+00	450	<p>op3</p>	1	[{"added": {}}]	11	1
844	2026-06-22 22:25:08.790431+00	451	<p>op4</p>	1	[{"added": {}}]	11	1
845	2026-06-22 22:25:34.277068+00	452	<p>op1</p>	1	[{"added": {}}]	11	1
846	2026-06-22 22:25:47.347798+00	453	<p>op2</p>	1	[{"added": {}}]	11	1
847	2026-06-22 22:25:58.579046+00	454	<p>op3</p>	1	[{"added": {}}]	11	1
848	2026-06-22 22:26:21.699564+00	455	<p>op4</p>	1	[{"added": {}}]	11	1
849	2026-06-22 22:27:27.821552+00	456	<p>op1</p>	1	[{"added": {}}]	11	1
850	2026-06-22 22:27:38.483981+00	457	<p>op2</p>	1	[{"added": {}}]	11	1
851	2026-06-22 22:27:48.394054+00	458	<p>op3</p>	1	[{"added": {}}]	11	1
852	2026-06-22 22:27:57.498971+00	459	<p>op4</p>	1	[{"added": {}}]	11	1
853	2026-06-22 22:28:52.739343+00	460	<p>op1</p>	1	[{"added": {}}]	11	1
854	2026-06-22 22:29:04.91102+00	461	<p>op2</p>	1	[{"added": {}}]	11	1
855	2026-06-22 22:29:11.764945+00	462	<p>op3</p>	1	[{"added": {}}]	11	1
856	2026-06-22 22:29:20.558056+00	463	<p>op4</p>	1	[{"added": {}}]	11	1
857	2026-06-22 22:29:35.461099+00	464	<p>op1</p>	1	[{"added": {}}]	11	1
858	2026-06-22 22:29:42.580647+00	465	<p>op2</p>	1	[{"added": {}}]	11	1
859	2026-06-22 22:29:50.197415+00	466	<p>op3</p>	1	[{"added": {}}]	11	1
860	2026-06-22 22:30:01.638284+00	467	<p>op4</p>	1	[{"added": {}}]	11	1
861	2026-06-22 22:31:22.272308+00	468	<p>op1</p>	1	[{"added": {}}]	11	1
862	2026-06-22 22:31:48.35981+00	469	<p>op2</p>	1	[{"added": {}}]	11	1
863	2026-06-22 22:32:00.443955+00	470	<p>op3</p>	1	[{"added": {}}]	11	1
864	2026-06-22 22:32:13.75202+00	471	<p>op3</p>	1	[{"added": {}}]	11	1
865	2026-06-22 22:32:20.53684+00	472	<p>op4</p>	1	[{"added": {}}]	11	1
866	2026-06-22 22:32:47.759753+00	473	<p>op1</p>	1	[{"added": {}}]	11	1
867	2026-06-22 22:32:54.43416+00	474	<p>op2</p>	1	[{"added": {}}]	11	1
868	2026-06-22 22:33:02.394194+00	475	<p>op3</p>	1	[{"added": {}}]	11	1
869	2026-06-22 22:33:11.04089+00	476	<p>op4</p>	1	[{"added": {}}]	11	1
870	2026-06-22 22:34:02.812454+00	477	<p>op1</p>	1	[{"added": {}}]	11	1
871	2026-06-22 22:34:13.359074+00	478	<p>op2</p>	1	[{"added": {}}]	11	1
872	2026-06-22 22:34:22.510576+00	479	<p>op3</p>	1	[{"added": {}}]	11	1
873	2026-06-22 22:34:33.11918+00	480	<p>op4</p>	1	[{"added": {}}]	11	1
874	2026-06-22 22:35:15.600786+00	481	<p>op1</p>	1	[{"added": {}}]	11	1
875	2026-06-22 22:35:30.038684+00	482	<p>op3</p>	1	[{"added": {}}]	11	1
876	2026-06-22 22:35:41.280076+00	483	<p>op4</p>	1	[{"added": {}}]	11	1
877	2026-06-22 22:35:56.621446+00	484	<p>op</p>	1	[{"added": {}}]	11	1
878	2026-06-22 22:36:19.446158+00	485	<p>op2</p>	1	[{"added": {}}]	11	1
879	2026-06-22 22:36:36.792138+00	486	<p>op2</p>	1	[{"added": {}}]	11	1
880	2026-06-22 22:36:46.887612+00	487	<p>op3</p>	1	[{"added": {}}]	11	1
881	2026-06-22 22:36:56.721762+00	488	<p>op4</p>	1	[{"added": {}}]	11	1
882	2026-06-22 22:56:45.995246+00	38	Present Simple	2	[{"changed": {"fields": ["Order", "Content"]}}]	9	1
883	2026-06-22 22:56:54.367699+00	41	Past Simple	2	[]	9	1
884	2026-06-22 22:57:01.736562+00	38	Present Simple	2	[]	9	1
885	2026-06-22 23:01:55.551757+00	39	Present Continuous	2	[{"changed": {"fields": ["Title", "Content"]}}]	9	1
886	2026-06-22 23:02:17.403072+00	38	Present Simple	2	[{"changed": {"fields": ["Content"]}}]	9	1
887	2026-06-22 23:02:30.330013+00	42	Past Continues	2	[]	9	1
888	2026-06-22 23:18:38.353268+00	39	Present Continuous	2	[{"changed": {"fields": ["Order", "Content"]}}]	9	1
889	2026-06-22 23:36:18.356914+00	40	Present Perfect	2	[{"changed": {"fields": ["Order", "Content"]}}]	9	1
890	2026-06-22 23:40:21.040352+00	38	Present Simple	2	[{"changed": {"fields": ["Content"]}}]	9	1
891	2026-06-22 23:41:29.61567+00	41	Past Simple	2	[{"changed": {"fields": ["Order", "Content"]}}]	9	1
892	2026-06-22 23:41:43.591028+00	42	Past Continues	2	[{"changed": {"fields": ["Order", "Content"]}}]	9	1
893	2026-06-22 23:41:57.907871+00	43	Past Perfect	2	[{"changed": {"fields": ["Order", "Content"]}}]	9	1
894	2026-06-22 23:42:14.431481+00	44	Future Simple	2	[{"changed": {"fields": ["Order", "Content"]}}]	9	1
895	2026-06-22 23:42:31.177655+00	45	Future Continues	2	[{"changed": {"fields": ["Order", "Content"]}}]	9	1
896	2026-06-22 23:42:51.931309+00	46	Future Perfect	2	[{"changed": {"fields": ["Content"]}}]	9	1
897	2026-06-22 23:51:08.957152+00	41	Past Simple	2	[]	9	1
898	2026-06-22 23:51:41.861098+00	38	Present Simple	2	[]	9	1
899	2026-06-22 23:52:29.053997+00	41	Past Simple	2	[{"changed": {"fields": ["Content"]}}]	9	1
900	2026-06-22 23:52:41.975457+00	42	Past Continues	2	[]	9	1
901	2026-06-22 23:52:59.556322+00	39	Present Continuous	2	[]	9	1
902	2026-06-22 23:59:06.014166+00	38	Present Simple	2	[{"changed": {"fields": ["Content"]}}]	9	1
903	2026-06-22 23:59:25.281068+00	41	Past Simple	2	[{"changed": {"fields": ["Content"]}}]	9	1
904	2026-06-22 23:59:42.75713+00	38	Present Simple	2	[]	9	1
905	2026-06-23 00:00:37.464447+00	41	Past Simple	2	[{"changed": {"fields": ["Content"]}}]	9	1
906	2026-06-23 00:00:53.897164+00	38	Present Simple	2	[{"changed": {"fields": ["Content"]}}]	9	1
907	2026-06-23 08:31:49.78643+00	41	Past Simple	2	[{"changed": {"fields": ["Content"]}}]	9	1
908	2026-06-23 08:32:17.557723+00	40	Present Perfect	2	[]	9	1
909	2026-06-23 08:32:30.789962+00	42	Past Continues	2	[]	9	1
910	2026-06-23 08:32:41.234704+00	39	Present Continuous	2	[]	9	1
911	2026-06-23 08:32:53.843602+00	42	Past Continues	2	[{"changed": {"fields": ["Content"]}}]	9	1
912	2026-06-23 08:33:01.532041+00	45	Future Continues	2	[{"changed": {"fields": ["Content"]}}]	9	1
913	2026-06-23 08:33:11.380968+00	40	Present Perfect	2	[]	9	1
914	2026-06-23 08:33:18.422965+00	43	Past Perfect	2	[{"changed": {"fields": ["Content"]}}]	9	1
915	2026-06-23 08:33:25.433833+00	46	Future Perfect	2	[{"changed": {"fields": ["Content"]}}]	9	1
916	2026-06-23 09:49:01.226919+00	42	Past Continues	2	[{"changed": {"fields": ["Content"]}}]	9	1
917	2026-06-23 09:49:20.343594+00	40	Present Perfect	2	[]	9	1
918	2026-06-23 09:51:23.429364+00	42	Past Continues	2	[{"changed": {"fields": ["Content"]}}]	9	1
919	2026-06-23 10:01:39.365802+00	43	Past Perfect	2	[{"changed": {"fields": ["Content"]}}]	9	1
920	2026-06-23 10:01:59.844449+00	44	Future Simple	2	[{"changed": {"fields": ["Content"]}}]	9	1
921	2026-06-23 10:02:11.38547+00	38	Present Simple	2	[]	9	1
922	2026-06-23 10:09:37.099082+00	44	Future Simple	2	[{"changed": {"fields": ["Content"]}}]	9	1
923	2026-06-23 10:23:07.138031+00	45	Future Continues	2	[{"changed": {"fields": ["Content"]}}]	9	1
924	2026-06-23 10:33:19.847946+00	46	Future Perfect	2	[{"changed": {"fields": ["Order", "Content"]}}]	9	1
925	2026-06-23 10:33:29.94449+00	45	Future Continues	2	[]	9	1
926	2026-06-23 10:33:38.167653+00	44	Future Simple	2	[]	9	1
927	2026-06-23 10:33:43.129588+00	43	Past Perfect	2	[]	9	1
928	2026-06-23 10:33:48.673477+00	42	Past Continues	2	[]	9	1
929	2026-06-23 10:33:56.382633+00	41	Past Simple	2	[]	9	1
930	2026-06-23 10:34:03.769701+00	40	Present Perfect	2	[]	9	1
931	2026-06-23 10:34:07.933682+00	39	Present Continuous	2	[]	9	1
932	2026-06-23 10:34:17.874893+00	38	Present Simple	2	[]	9	1
933	2026-06-23 11:02:32.654653+00	40	zestaw pytań dla Present Simple	1	[{"added": {}}]	12	1
934	2026-06-23 11:03:07.325792+00	41	zestaw pytań dla Present Continuous	1	[{"added": {}}]	12	1
935	2026-06-23 11:03:24.971926+00	42	zestaw pytań dla Prezent Perfect	1	[{"added": {}}]	12	1
936	2026-06-23 11:03:45.776379+00	43	zestaw pytań dla Past Simple	1	[{"added": {}}]	12	1
937	2026-06-23 11:04:13.145213+00	44	zestaw pytań dla Past Continuous	1	[{"added": {}}]	12	1
938	2026-06-23 11:04:32.710744+00	45	zastaw pytań dla Past Perfect	1	[{"added": {}}]	12	1
939	2026-06-23 11:04:49.509732+00	46	zestaw pytań dla Future Simple	1	[{"added": {}}]	12	1
940	2026-06-23 11:05:13.804305+00	47	zestaw pytań dla Future Continuous	1	[{"added": {}}]	12	1
941	2026-06-23 11:05:35.288089+00	48	zestaw pytań dla Future Perfect	1	[{"added": {}}]	12	1
942	2026-06-23 11:07:35.810278+00	128	<p>Zadanie 1.</p>\r\n\r\n<p>Uzupełni brakujące zdanie:</p>\r\n\r\n<p>My brother ___ to school by bus.</p>\r\n\r\n<ul>\r\n\t<li>A) go</li>\r\n\t<li>B) goes</li>\r\n\t<li>C) going</li>\r\n</ul>	1	[{"added": {}}]	10	1
943	2026-06-23 11:08:16.924169+00	129	<p>Zadanie 2.</p>\r\n\r\n<p>Uzupełni brakujące zdanie:</p>\r\n\r\n<p>We ___ breakfast at 7 a.m.</p>\r\n\r\n<ul>\r\n\t<li>a) has</li>\r\n\t<li>b) have</li>\r\n\t<li>c) having</li>\r\n</ul>	1	[{"added": {}}]	10	1
944	2026-06-23 11:08:29.99286+00	130	<p>We ___ breakfast at 7 a.m.</p>\r\n\r\n<ul>\r\n\t<li>a) has</li>\r\n\t<li>b) have ✅</li>\r\n\t<li>c) having</li>\r\n</ul>	1	[{"added": {}}]	10	1
945	2026-06-23 11:08:43.727919+00	129	<p>Zadanie 2.</p>\r\n\r\n<p>Uzupełni brakujące zdanie:</p>\r\n\r\n<p>We ___ breakfast at 7 a.m.</p>\r\n\r\n<ul>\r\n\t<li>a) has</li>\r\n\t<li>b) have</li>\r\n\t<li>c) having</li>\r\n</ul>	2	[]	10	1
946	2026-06-23 11:09:34.942698+00	130	<p>Zadanie 3.</p>\r\n\r\n<p>Uzupełni brakujące zdanie:</p>\r\n\r\n<p>She ___ her homework every day.</p>\r\n\r\n<ul>\r\n\t<li>a) do</li>\r\n\t<li>b) doing</li>\r\n\t<li>c) does</li>\r\n</ul>	2	[{"changed": {"fields": ["Content", "Order"]}}]	10	1
947	2026-06-23 11:09:59.25241+00	130	<p>Zadanie 3.</p>\r\n\r\n<p>Uzupełni brakujące zdanie:</p>\r\n\r\n<p>She ___ her homework every day.</p>\r\n\r\n<ul>\r\n\t<li>a) do</li>\r\n\t<li>b) doing</li>\r\n\t<li>c) does</li>\r\n</ul>	2	[]	10	1
948	2026-06-23 11:10:57.314258+00	131	<p>Zadanie 4.</p>\r\n\r\n<p>Uzupełni brakujące zdanie:</p>\r\n\r\n<p>___ your parents work in Gdańsk?</p>\r\n\r\n<ul>\r\n\t<li>a) Do</li>\r\n\t<li>b) Does</li>\r\n\t<li>c) Are</li>\r\n</ul>	1	[{"added": {}}]	10	1
949	2026-06-23 11:11:19.003452+00	132	<p>He ___ like fish.</p>\r\n\r\n<ul>\r\n\t<li>a) don&#39;t</li>\r\n\t<li>b) doesn&#39;t ✅</li>\r\n\t<li>c) isn&#39;t</li>\r\n</ul>	1	[{"added": {}}]	10	1
950	2026-06-23 11:11:25.516121+00	131	<p>Zadanie 4.</p>\r\n\r\n<p>Uzupełni brakujące zdanie:</p>\r\n\r\n<p>___ your parents work in Gdańsk?</p>\r\n\r\n<ul>\r\n\t<li>a) Do</li>\r\n\t<li>b) Does</li>\r\n\t<li>c) Are</li>\r\n</ul>	2	[]	10	1
951	2026-06-23 11:12:00.810484+00	132	<p>Zadanie 5.</p>\r\n\r\n<p>Uzupełni brakujące zdanie:</p>\r\n\r\n<p>He ___ like fish.</p>\r\n\r\n<ul>\r\n\t<li>A) doesn&#39;t</li>\r\n\t<li>B) don&#39;t</li>\r\n\t<li>C) isn&#39;t</li>\r\n</ul>	2	[{"changed": {"fields": ["Content"]}}]	10	1
952	2026-06-23 11:12:13.024755+00	131	<p>Zadanie 4.</p>\r\n\r\n<p>Uzupełni brakujące zdanie:</p>\r\n\r\n<p>___ your parents work in Gdańsk?</p>\r\n\r\n<ul>\r\n\t<li>A) Do</li>\r\n\t<li>B) Does</li>\r\n\t<li>C) Are</li>\r\n</ul>	2	[{"changed": {"fields": ["Content"]}}]	10	1
953	2026-06-23 11:12:22.45153+00	130	<p>Zadanie 3.</p>\r\n\r\n<p>Uzupełni brakujące zdanie:</p>\r\n\r\n<p>She ___ her homework every day.</p>\r\n\r\n<ul>\r\n\t<li>A) do</li>\r\n\t<li>B) doing</li>\r\n\t<li>C) does</li>\r\n</ul>	2	[{"changed": {"fields": ["Content"]}}]	10	1
954	2026-06-23 11:12:31.616039+00	129	<p>Zadanie 2.</p>\r\n\r\n<p>Uzupełni brakujące zdanie:</p>\r\n\r\n<p>We ___ breakfast at 7 a.m.</p>\r\n\r\n<ul>\r\n\t<li>A) has</li>\r\n\t<li>B) have</li>\r\n\t<li>C) having</li>\r\n</ul>	2	[{"changed": {"fields": ["Content"]}}]	10	1
955	2026-06-23 11:12:34.880295+00	129	<p>Zadanie 2.</p>\r\n\r\n<p>Uzupełni brakujące zdanie:</p>\r\n\r\n<p>We ___ breakfast at 7 a.m.</p>\r\n\r\n<ul>\r\n\t<li>A) has</li>\r\n\t<li>B) have</li>\r\n\t<li>C) having</li>\r\n</ul>	2	[]	10	1
956	2026-06-23 11:12:39.927398+00	128	<p>Zadanie 1.</p>\r\n\r\n<p>Uzupełni brakujące zdanie:</p>\r\n\r\n<p>My brother ___ to school by bus.</p>\r\n\r\n<ul>\r\n\t<li>A) go</li>\r\n\t<li>B) goes</li>\r\n\t<li>C) going</li>\r\n</ul>	2	[]	10	1
957	2026-06-23 11:13:39.895389+00	489	<p>A</p>	1	[{"added": {}}]	11	1
958	2026-06-23 11:13:56.28133+00	490	<p>B</p>	1	[{"added": {}}]	11	1
959	2026-06-23 11:14:09.404622+00	491	<p>C</p>	1	[{"added": {}}]	11	1
960	2026-06-23 11:14:23.562793+00	492	<p>A</p>	1	[{"added": {}}]	11	1
961	2026-06-23 11:14:37.136523+00	493	<p>B</p>	1	[{"added": {}}]	11	1
962	2026-06-23 11:14:43.247128+00	493	<p>B</p>	2	[{"changed": {"fields": ["Is correct"]}}]	11	1
963	2026-06-23 11:14:50.872927+00	494	<p>C</p>	1	[{"added": {}}]	11	1
964	2026-06-23 11:15:10.271554+00	495	<p>A</p>	1	[{"added": {}}]	11	1
965	2026-06-23 11:15:20.478896+00	496	<p>B</p>	1	[{"added": {}}]	11	1
966	2026-06-23 11:15:33.163348+00	497	<p>C</p>	1	[{"added": {}}]	11	1
967	2026-06-23 11:15:48.856476+00	498	<p>A</p>	1	[{"added": {}}]	11	1
968	2026-06-23 11:16:02.505406+00	499	<p>B</p>	1	[{"added": {}}]	11	1
969	2026-06-23 11:16:18.58555+00	500	<p>C</p>	1	[{"added": {}}]	11	1
970	2026-06-23 11:16:41.233582+00	501	<p>A</p>	1	[{"added": {}}]	11	1
971	2026-06-23 11:16:51.558979+00	502	<p>B</p>	1	[{"added": {}}]	11	1
972	2026-06-23 11:17:01.909796+00	503	<p>C</p>	1	[{"added": {}}]	11	1
973	2026-06-23 11:32:27.287004+00	128	<p>Zadanie 1.</p>\r\n\r\n<p>Uzupełni brakujące zdanie:</p>\r\n\r\n<p>My brother ___ to school by bus.</p>\r\n\r\n<ul>\r\n\t<li>A) go</li>\r\n\t<li>B) goes</li>\r\n\t<li>C) going</li>\r\n</ul>	2	[]	10	1
974	2026-06-23 11:33:39.657384+00	133	<p>Zadanie 1.</p>\r\n\r\n<p>Uzupełni brakujące zdanie:</p>\r\n\r\n<p>My brother ________ TV now.</p>\r\n\r\n<ul>\r\n\t<li>A) watches</li>\r\n\t<li>B) is watching</li>\r\n\t<li>C) watch</li>\r\n</ul>	1	[{"added": {}}]	10	1
975	2026-06-23 11:34:00.390179+00	134	<p>Zadanie 1.</p>\r\n\r\n<p>Uzupełni brakujące zdanie:</p>\r\n\r\n<p>We ________ dinner at the moment.</p>\r\n\r\n<ul>\r\n\t<li>A) are eating ✅</li>\r\n\t<li>B) eat</li>\r\n\t<li>C) eats</li>\r\n</ul>	1	[{"added": {}}]	10	1
976	2026-06-23 11:34:29.822883+00	134	<p>Zadanie 2.</p>\r\n\r\n<p>Uzupełni brakujące zdanie:</p>\r\n\r\n<p>We ________ dinner at the moment.</p>\r\n\r\n<ul>\r\n\t<li>A) are eating ✅</li>\r\n\t<li>B) eat</li>\r\n\t<li>C) eats</li>\r\n</ul>	2	[{"changed": {"fields": ["Content"]}}]	10	1
977	2026-06-23 11:34:47.99285+00	135	<p>Zadanie 3.</p>\r\n\r\n<p>Uzupełni brakujące zdanie:</p>\r\n\r\n<p>________ they playing basketball?</p>\r\n\r\n<ul>\r\n\t<li>A) Is</li>\r\n\t<li>B) Are ✅</li>\r\n\t<li>C) Am</li>\r\n</ul>	1	[{"added": {}}]	10	1
978	2026-06-23 11:35:04.747351+00	132	<p>Zadanie 5.</p>\r\n\r\n<p>Uzupełni brakujące zdanie:</p>\r\n\r\n<p>He ___ like fish.</p>\r\n\r\n<ul>\r\n\t<li>A) doesn&#39;t</li>\r\n\t<li>B) don&#39;t</li>\r\n\t<li>C) isn&#39;t</li>\r\n</ul>	2	[]	10	1
979	2026-06-23 11:35:39.742711+00	136	<p>Zadanie 4.</p>\r\n\r\n<p>Uzupełni brakujące zdanie:</p>\r\n\r\n<p>I ________ my homework now.</p>\r\n\r\n<ul>\r\n\t<li>A) am doing ✅</li>\r\n\t<li>B) do</li>\r\n\t<li>C) does</li>\r\n</ul>	1	[{"added": {}}]	10	1
980	2026-06-23 11:35:59.490535+00	137	<p>Zadanie 5.</p>\r\n\r\n<p>Uzupełni brakujące zdanie:</p>\r\n\r\n<p>She ________ not listening.</p>\r\n\r\n<ul>\r\n\t<li>A) are</li>\r\n\t<li>B) am</li>\r\n\t<li>C) is</li>\r\n</ul>	1	[{"added": {}}]	10	1
981	2026-06-23 11:36:19.573623+00	136	<p>Zadanie 4.</p>\r\n\r\n<p>Uzupełni brakujące zdanie:</p>\r\n\r\n<p>I ________ my homework now.</p>\r\n\r\n<ul>\r\n\t<li>A) am doing</li>\r\n\t<li>B) do</li>\r\n\t<li>C) does</li>\r\n</ul>	2	[{"changed": {"fields": ["Content"]}}]	10	1
982	2026-06-23 11:36:26.339538+00	135	<p>Zadanie 3.</p>\r\n\r\n<p>Uzupełni brakujące zdanie:</p>\r\n\r\n<p>________ they playing basketball?</p>\r\n\r\n<ul>\r\n\t<li>A) Is</li>\r\n\t<li>B) Are</li>\r\n\t<li>C) Am</li>\r\n</ul>	2	[{"changed": {"fields": ["Content"]}}]	10	1
983	2026-06-23 11:36:31.315098+00	134	<p>Zadanie 2.</p>\r\n\r\n<p>Uzupełni brakujące zdanie:</p>\r\n\r\n<p>We ________ dinner at the moment.</p>\r\n\r\n<ul>\r\n\t<li>A) are eating</li>\r\n\t<li>B) eat</li>\r\n\t<li>C) eats</li>\r\n</ul>	2	[{"changed": {"fields": ["Content"]}}]	10	1
984	2026-06-23 11:36:43.110806+00	133	<p>Zadanie 1.</p>\r\n\r\n<p>Uzupełni brakujące zdanie:</p>\r\n\r\n<p>My brother ________ TV now.</p>\r\n\r\n<ul>\r\n\t<li>A) watches</li>\r\n\t<li>B) is watching</li>\r\n\t<li>C) watch</li>\r\n</ul>	2	[]	10	1
985	2026-06-23 11:44:38.52086+00	137	<p>Zadanie 5.</p>\r\n\r\n<p>Uzupełni brakujące zdanie:</p>\r\n\r\n<p>She ________ not listening.</p>\r\n\r\n<ul>\r\n\t<li>A) are</li>\r\n\t<li>B) am</li>\r\n\t<li>C) is</li>\r\n</ul>	2	[]	10	1
986	2026-06-23 11:45:50.0022+00	138	<p>Zadanie 1.</p>\r\n\r\n<p>Uzupełni brakujące zdanie:</p>\r\n\r\n<p>I ______ my homework already.</p>\r\n\r\n<p>A) did<br />\r\nB) have done<br />\r\nC) do<br />\r\nD) am doing</p>	1	[{"added": {}}]	10	1
987	2026-06-23 11:46:23.188984+00	138	<p>Zadanie 1.</p>\r\n\r\n<p>Uzupełni brakujące zdanie:</p>\r\n\r\n<p>I ______ my homework already.</p>\r\n\r\n<p>A) did<br />\r\nB) have done<br />\r\nC) do<br />\r\nD) am doing</p>	2	[]	10	1
988	2026-06-23 11:47:01.315206+00	139	<p>Zadanie 2.</p>\r\n\r\n<p>Uzupełni brakujące zdanie:</p>\r\n\r\n<p>She ______ to Spain three times.</p>\r\n\r\n<p>A) has gone<br />\r\nB) has been<br />\r\nC) went<br />\r\nD) goes</p>	1	[{"added": {}}]	10	1
989	2026-06-23 11:47:45.443263+00	139	<p>Zadanie 2.</p>\r\n\r\n<p>Uzupełni brakujące zdanie:</p>\r\n\r\n<p>She ______ to Spain three times.</p>\r\n\r\n<p>A) has gone<br />\r\nB) has been<br />\r\nC) went<br />\r\nD) goes</p>	2	[]	10	1
990	2026-06-23 11:48:21.322821+00	140	<p>Zadanie 3.</p>\r\n\r\n<p>Uzupełni brakujące zdanie:</p>\r\n\r\n<p>______ you ever ridden a horse?</p>\r\n\r\n<p>A) Did<br />\r\nB) Do<br />\r\nC) Have<br />\r\nD) Has</p>	1	[{"added": {}}]	10	1
991	2026-06-23 11:49:30.296687+00	141	<p>Zadanie 4.</p>\r\n\r\n<p>Uzupełni brakujące zdanie:</p>\r\n\r\n<p>They ______ the project yet.</p>\r\n\r\n<p>A) haven&#39;t finished<br />\r\nB) didn&#39;t finish<br />\r\nC) don&#39;t finish<br />\r\nD) aren&#39;t 	1	[{"added": {}}]	10	1
992	2026-06-23 11:50:19.996732+00	142	<p>Zadanie 5.</p>\r\n\r\n<p>Uzupełni brakujące zdanie:</p>\r\n\r\n<p>He ______ his keys.</p>\r\n\r\n<p>A) lost<br />\r\nB) has lost<br />\r\nC) loses<br />\r\nD) losing</p>	1	[{"added": {}}]	10	1
993	2026-06-23 11:51:49.223092+00	143	<p>Zadanie 1.</p>\r\n\r\n<p>Uzupełni brakujące zdanie:</p>\r\n\r\n<p>She _____ to the cinema yesterday.</p>\r\n\r\n<ul>\r\n\t<li>A) go</li>\r\n\t<li>B) went</li>\r\n\t<li>C) gone</li>\r\n</ul>	1	[{"added": {}}]	10	1
994	2026-06-23 11:52:20.404343+00	144	<p>Zadanie 2.</p>\r\n\r\n<p>Uzupełni brakujące zdanie:</p>\r\n\r\n<p>We _____ dinner at 7 p.m.</p>\r\n\r\n<ul>\r\n\t<li>A) eat</li>\r\n\t<li>B) ate</li>\r\n\t<li>C) eaten</li>\r\n</ul>	1	[{"added": {}}]	10	1
995	2026-06-23 11:53:03.686211+00	145	<p>Zadanie 3.</p>\r\n\r\n<p>Uzupełni brakujące zdanie:</p>\r\n\r\n<p>Did you _____ the book?</p>\r\n\r\n<ul>\r\n\t<li>A) read</li>\r\n\t<li>B) reads</li>\r\n\t<li>C) reading</li>\r\n</ul>	1	[{"added": {}}]	10	1
996	2026-06-23 11:54:05.772171+00	146	<p>Zadanie 4.</p>\r\n\r\n<p>Uzupełni brakujące zdanie:</p>\r\n\r\n<p>They _____ not come to the party.</p>\r\n\r\n<ul>\r\n\t<li>A) do</li>\r\n\t<li>B) did</li>\r\n\t<li>C) were</li>\r\n</ul>	1	[{"added": {}}]	10	1
997	2026-06-23 11:54:41.114054+00	147	<p>Zadanie 5.</p>\r\n\r\n<p>Uzupełni brakujące zdanie:</p>\r\n\r\n<p>I _____ my keys last week.</p>\r\n\r\n<ul>\r\n\t<li>A) lose</li>\r\n\t<li>B) lost</li>\r\n\t<li>C) losing</li>\r\n</ul>	1	[{"added": {}}]	10	1
998	2026-06-23 11:57:25.588559+00	148	<p>Zadanie 1.</p>\r\n\r\n<p>Uzupełni brakujące zdanie:</p>\r\n\r\n<p>While I ___ to school, it started raining.<br />\r\nA) was walking<br />\r\nB) walked<br />\r\nC) am walking</p>	1	[{"added": {}}]	10	1
999	2026-06-23 11:58:09.265176+00	149	<p>Zadanie 2.</p>\r\n\r\n<p>Uzupełni brakujące zdanie:</p>\r\n\r\n<p>They ___ dinner when I arrived.<br />\r\nA) were eating<br />\r\nB) ate<br />\r\nC) eat</p>	1	[{"added": {}}]	10	1
1000	2026-06-23 11:59:22.392762+00	150	<p>Zadanie 3.</p>\r\n\r\n<p>Uzupełni brakujące zdanie:</p>\r\n\r\n<p>She ___ not listening to the teacher.<br />\r\nA) was<br />\r\nB) were<br />\r\nC) did</p>	1	[{"added": {}}]	10	1
1001	2026-06-23 12:00:50.92386+00	151	<p>Zadanie 1.</p>\r\n\r\n<p>Uzupełni brakujące zdanie:</p>\r\n\r\n<p>By the time we got there, the film _________:</p>\r\n\r\n<ul>\r\n\t<li>A) started</li>\r\n\t<li>B) had started</li>\r\n\t<li>C) was starting</li>\r\n</ul>	1	[{"added": {}}]	10	1
1002	2026-06-23 12:01:26.992579+00	152	<p>Zadanie 2.</p>\r\n\r\n<p>Uzupełni brakujące zdanie:</p>\r\n\r\n<p>He didn&rsquo;t recognize me, because he ______________________:</p>\r\n\r\n<ul>\r\n\t<li>A) hadn&rsquo;t seen me for years</li>\r\n\t<li>B) didn&rsq	1	[{"added": {}}]	10	1
1003	2026-06-23 12:02:19.638232+00	153	<p>Zadanie 3.</p>\r\n\r\n<p>Uzupełni brakujące zdanie:</p>\r\n\r\n<p>After she __________ dinner, she went out.</p>\r\n\r\n<ul>\r\n\t<li>A) cooked</li>\r\n\t<li>B) had cooked</li>\r\n\t<li>C) cooks</li>\r\n</ul>	1	[{"added": {}}]	10	1
1004	2026-06-23 12:02:58.079305+00	154	<p>Zadanie 4.</p>\r\n\r\n<p>Uzupełni brakujące zdanie:</p>\r\n\r\n<p>They were upset, because they ___________________:</p>\r\n\r\n<ul>\r\n\t<li>A) lost the keys</li>\r\n\t<li>B) had lost the keys</li>\r\n\t<li>C) were lo	1	[{"added": {}}]	10	1
1005	2026-06-23 12:04:33.358186+00	155	<p>Zadanie 1.</p>\r\n\r\n<p>Wstaw <strong>will</strong> lub <strong>won&rsquo;t</strong>:</p>\r\n\r\n<p>I ___ call you tomorrow.</p>	1	[{"added": {}}]	10	1
1006	2026-06-23 12:05:29.36867+00	156	<p>Zadanie 2.</p>\r\n\r\n<p>Wstaw <strong>will</strong> lub <strong>won&rsquo;t</strong>:</p>\r\n\r\n<p>She ___ be late. (She is very punctual)</p>	1	[{"added": {}}]	10	1
1007	2026-06-23 12:06:28.636929+00	157	<p>Zadanie 3.</p>\r\n\r\n<p>Wstaw <strong>will</strong> lub <strong>won&rsquo;t</strong>:</p>\r\n\r\n<p>They ___ help us with the project. (They are allways helpful)</p>	1	[{"added": {}}]	10	1
1008	2026-06-23 12:07:10.391804+00	158	<p>Zadanie 4.</p>\r\n\r\n<p>Wstaw <strong>will</strong> lub <strong>won&rsquo;t</strong>:</p>\r\n\r\n<p>It ___ rain today. (The sky is clear)</p>	1	[{"added": {}}]	10	1
1009	2026-06-23 12:08:03.18445+00	159	<p>Zadanie 5.</p>\r\n\r\n<p>Wstaw <strong>will</strong> lub <strong>won&rsquo;t</strong>:</p>\r\n\r\n<p>We ___ win this match, I hope.</p>	1	[{"added": {}}]	10	1
1010	2026-06-23 12:10:31.58894+00	160	<p>Zadanie 1.</p>\r\n\r\n<p>Uzupełni brakujące zdanie:</p>\r\n\r\n<p>At 10 p.m. I ______ (sleep).</p>	1	[{"added": {}}]	10	1
1011	2026-06-23 12:10:51.972239+00	161	<p>Zadanie 2.</p>\r\n\r\n<p>Uzupełni brakujące zdanie:</p>\r\n\r\n<p>This time tomorrow she ______ (travel) to Paris.</p>	1	[{"added": {}}]	10	1
1012	2026-06-23 12:11:23.849854+00	162	<p>Zadanie 3.</p>\r\n\r\n<p>Uzupełni brakujące zdanie:</p>\r\n\r\n<p>They ______ (watch) TV at 7 p.m.</p>	1	[{"added": {}}]	10	1
1013	2026-06-23 12:11:58.131385+00	163	<p>Zadanie 4.</p>\r\n\r\n<p>Uzupełni brakujące zdanie:</p>\r\n\r\n<p>We ______ (have) dinner at 6 o&rsquo;clock.</p>	1	[{"added": {}}]	10	1
1014	2026-06-23 12:12:19.478076+00	164	<p>Zadanie 5.</p>\r\n\r\n<p>Uzupełni brakujące zdanie:</p>\r\n\r\n<p>He ______ (work) when you arrive.</p>	1	[{"added": {}}]	10	1
1015	2026-06-23 12:23:40.622863+00	165	<p>Zadanie 1.</p>\r\n\r\n<p>Uzupełni brakujące zdanie:</p>\r\n\r\n<p>By next month, I ___ my driving test.<br />\r\nA) pass<br />\r\nB. will have passed<br />\r\nC. will pass</p>	1	[{"added": {}}]	10	1
1016	2026-06-23 12:24:20.211341+00	166	<p>Zadanie 2.</p>\r\n\r\n<p>Uzupełni brakujące zdanie:</p>\r\n\r\n<p>They ___ the film before we arrive.<br />\r\nA) will watch<br />\r\nB) will have watched<br />\r\nC) watch</p>	1	[{"added": {}}]	10	1
1017	2026-06-23 12:25:13.477989+00	167	<p>Zadanie 3.</p>\r\n\r\n<p>Uzupełni brakujące zdanie:</p>\r\n\r\n<p>She ___ by the time you call her.<br />\r\nA) will leave<br />\r\nB) will have left<br />\r\nC) leaves</p>	1	[{"added": {}}]	10	1
1018	2026-06-23 12:25:49.325792+00	168	<p>Zadanie 4.</p>\r\n\r\n<p>Uzupełni brakujące zdanie:</p>\r\n\r\n<p>We ___ dinner by 7 p.m.<br />\r\nA) will have eaten<br />\r\nB) eat<br />\r\nC) will eat</p>	1	[{"added": {}}]	10	1
1019	2026-06-23 12:43:18.99513+00	20	Dom	2	[{"changed": {"fields": ["Content"]}}]	9	1
1020	2026-06-23 12:44:04.784017+00	20	Dom	2	[{"changed": {"fields": ["Order"]}}]	9	1
1021	2026-06-23 13:17:29.802249+00	19	Szkoła	2	[{"changed": {"fields": ["Order", "Content"]}}]	9	1
1022	2026-06-23 13:19:19.024529+00	19	Szkoła	2	[]	9	1
1023	2026-06-23 13:19:32.104086+00	21	Człowiek	3		9	1
1024	2026-06-23 13:24:13.941415+00	22	Podróże	2	[{"changed": {"fields": ["Content"]}}]	9	1
1025	2026-06-23 13:27:27.692731+00	22	Podróże	2	[{"changed": {"fields": ["Order"]}}]	9	1
1026	2026-06-23 13:32:12.849974+00	49	zestaw zadań dla dom	1	[{"added": {}}]	12	1
1027	2026-06-23 13:32:47.551993+00	50	zestaw zadań dla szkoła	1	[{"added": {}}]	12	1
1028	2026-06-23 13:33:30.626788+00	51	zestaw zadań dla podróże	1	[{"added": {}}]	12	1
1029	2026-06-23 13:38:19.632266+00	51	zestaw zadań dla podróże	3		12	1
1030	2026-06-23 13:38:32.2515+00	50	zestaw zadań dla szkoła	3		12	1
1031	2026-06-23 13:38:47.588712+00	49	zestaw zadań dla dom	3		12	1
1032	2026-06-23 13:40:23.269728+00	169	<p>Zadanie 1.&nbsp;</p>\r\n\r\n<p>Co oznacza słowo:</p>\r\n\r\n<p><strong>station</strong></p>	1	[{"added": {}}]	10	1
1033	2026-06-23 13:40:43.202186+00	170	<p>Zadanie 2.&nbsp;</p>\r\n\r\n<p>Co oznacza słowo:</p>\r\n\r\n<p><strong>motorbike</strong></p>	1	[{"added": {}}]	10	1
1034	2026-06-23 13:42:07.682136+00	171	<p>Zadanie 3.&nbsp;</p>\r\n\r\n<p>Co oznacza słowo:</p>\r\n\r\n<p><strong>lake</strong></p>	1	[{"added": {}}]	10	1
1035	2026-06-23 13:42:51.118914+00	172	<p>Zadanie 4.&nbsp;</p>\r\n\r\n<p>Jak po angielsku brzmi słowo:</p>\r\n\r\n<p><strong>samoch&oacute;d</strong></p>	1	[{"added": {}}]	10	1
1036	2026-06-23 13:43:16.784114+00	173	<p>Zadanie 5.&nbsp;</p>\r\n\r\n<p>Jak po angielsku brzmi słowo:</p>\r\n\r\n<p><strong>wieś</strong></p>	1	[{"added": {}}]	10	1
1037	2026-06-23 13:43:52.485611+00	174	<p>Zadanie 1.&nbsp;</p>\r\n\r\n<p>Co oznacza słowo:</p>\r\n\r\n<p><strong>hallway</strong></p>	1	[{"added": {}}]	10	1
1038	2026-06-23 13:44:14.364151+00	175	<p>Zadanie 2.&nbsp;</p>\r\n\r\n<p>Co oznacza słowo:</p>\r\n\r\n<p><strong>fridge</strong></p>	1	[{"added": {}}]	10	1
1039	2026-06-23 13:44:37.78134+00	176	<p>Zadanie 3.&nbsp;</p>\r\n\r\n<p>Co oznacza słowo:</p>\r\n\r\n<p><strong>ceiling</strong></p>	1	[{"added": {}}]	10	1
1040	2026-06-23 13:45:46.36032+00	177	<p>Zadanie 4.&nbsp;</p>\r\n\r\n<p>Jak po angielsku brzmi słowo:</p>\r\n\r\n<p><strong>zmywarka</strong></p>	1	[{"added": {}}]	10	1
1120	2026-06-23 15:05:46.183092+00	574	<p>C</p>	1	[{"added": {}}]	11	1
1041	2026-06-23 13:46:08.297975+00	178	<p>Zadanie 5.&nbsp;</p>\r\n\r\n<p>Jak po angielsku brzmi słowo:</p>\r\n\r\n<p><strong>piwnica</strong></p>	1	[{"added": {}}]	10	1
1042	2026-06-23 13:47:19.914933+00	179	<p>Zadanie 1.&nbsp;</p>\r\n\r\n<p>Co oznacza słowo:</p>\r\n\r\n<p><strong>secretary</strong></p>	1	[{"added": {}}]	10	1
1043	2026-06-23 13:47:44.227822+00	180	<p>Zadanie 2.&nbsp;</p>\r\n\r\n<p>Co oznacza słowo:</p>\r\n\r\n<p><strong>physics</strong></p>	1	[{"added": {}}]	10	1
1044	2026-06-23 13:48:12.790881+00	181	<p>Zadanie 3.&nbsp;</p>\r\n\r\n<p>Co oznacza słowo:</p>\r\n\r\n<p><strong>blackbord</strong></p>	1	[{"added": {}}]	10	1
1045	2026-06-23 13:48:47.889032+00	182	<p>Zadanie 4.&nbsp;</p>\r\n\r\n<p>Jak po angielsku brzmi słowo:</p>\r\n\r\n<p><strong>świadectwo</strong></p>	1	[{"added": {}}]	10	1
1046	2026-06-23 13:49:27.572826+00	183	<p>Zadanie 5.&nbsp;</p>\r\n\r\n<p>Jak po angielsku brzmi słowo:</p>\r\n\r\n<p><strong>wychowanie fizyczne</strong></p>	1	[{"added": {}}]	10	1
1047	2026-06-23 13:53:30.653609+00	5	Procesor (CPU)	2	[{"changed": {"fields": ["Order", "Content"]}}]	9	1
1048	2026-06-23 13:53:40.049997+00	6	Pamięć RAM	2	[]	9	1
1049	2026-06-23 14:22:15.389473+00	504	<p>kanapa</p>	1	[{"added": {}}]	11	1
1050	2026-06-23 14:22:28.1211+00	505	<p>przedpok&oacute;j</p>	1	[{"added": {}}]	11	1
1051	2026-06-23 14:22:58.189205+00	506	<p>dach</p>	1	[{"added": {}}]	11	1
1052	2026-06-23 14:23:20.356476+00	507	<p>lod&oacute;wka</p>	1	[{"added": {}}]	11	1
1053	2026-06-23 14:23:39.740414+00	508	<p>komin</p>	1	[{"added": {}}]	11	1
1054	2026-06-23 14:23:50.298207+00	509	<p>kuchnia</p>	1	[{"added": {}}]	11	1
1055	2026-06-23 14:24:19.0554+00	510	<p>drzwi</p>	1	[{"added": {}}]	11	1
1056	2026-06-23 14:24:39.254115+00	511	<p>brama</p>	1	[{"added": {}}]	11	1
1057	2026-06-23 14:24:58.968924+00	512	<p>sufit</p>	1	[{"added": {}}]	11	1
1058	2026-06-23 14:25:25.981152+00	513	<p>dishwasher</p>	1	[{"added": {}}]	11	1
1059	2026-06-23 14:25:57.289162+00	514	<p>garden</p>	1	[{"added": {}}]	11	1
1060	2026-06-23 14:26:50.271365+00	515	<p>wardrobe</p>	1	[{"added": {}}]	11	1
1061	2026-06-23 14:27:07.230139+00	516	<p>floor</p>	1	[{"added": {}}]	11	1
1062	2026-06-23 14:27:23.962908+00	517	<p>basement</p>	1	[{"added": {}}]	11	1
1063	2026-06-23 14:27:39.815365+00	518	<p>sofa</p>	1	[{"added": {}}]	11	1
1064	2026-06-23 14:29:39.382505+00	519	<p>świadectwo</p>	1	[{"added": {}}]	11	1
1065	2026-06-23 14:29:54.110418+00	520	<p>biologia</p>	1	[{"added": {}}]	11	1
1066	2026-06-23 14:30:03.965897+00	521	<p>sekretarka</p>	1	[{"added": {}}]	11	1
1067	2026-06-23 14:30:28.660667+00	522	<p>fizyka</p>	1	[{"added": {}}]	11	1
1068	2026-06-23 14:31:19.880783+00	523	<p>ocena</p>	1	[{"added": {}}]	11	1
1069	2026-06-23 14:31:58.568454+00	524	<p>wychowawca</p>	1	[{"added": {}}]	11	1
1070	2026-06-23 14:32:32.790442+00	525	<p>zadanie</p>	1	[{"added": {}}]	11	1
1071	2026-06-23 14:33:01.347522+00	526	<p>informatyka</p>	1	[{"added": {}}]	11	1
1072	2026-06-23 14:33:17.481411+00	527	<p>tablica</p>	1	[{"added": {}}]	11	1
1073	2026-06-23 14:35:05.788604+00	528	<p><strong>textbook</strong></p>	1	[{"added": {}}]	11	1
1074	2026-06-23 14:35:34.69792+00	528	<p>textbook</p>	2	[{"changed": {"fields": ["Content"]}}]	11	1
1075	2026-06-23 14:36:14.271216+00	529	<p>report card</p>	1	[{"added": {}}]	11	1
1076	2026-06-23 14:36:35.367936+00	530	<p>history</p>	1	[{"added": {}}]	11	1
1077	2026-06-23 14:36:56.617679+00	531	<p>physical education</p>	1	[{"added": {}}]	11	1
1078	2026-06-23 14:37:17.451325+00	532	<p>librarian</p>	1	[{"added": {}}]	11	1
1079	2026-06-23 14:37:39.596427+00	533	<p>assignment</p>	1	[{"added": {}}]	11	1
1080	2026-06-23 14:38:54.717679+00	534	<p>ł&oacute;dź</p>	1	[{"added": {}}]	11	1
1081	2026-06-23 14:39:13.793469+00	535	<p>stacja</p>	1	[{"added": {}}]	11	1
1082	2026-06-23 14:39:28.984661+00	536	<p>miasto</p>	1	[{"added": {}}]	11	1
1083	2026-06-23 14:39:47.409575+00	537	<p>motocykl</p>	1	[{"added": {}}]	11	1
1084	2026-06-23 14:39:59.01925+00	538	<p>las</p>	1	[{"added": {}}]	11	1
1085	2026-06-23 14:40:11.319037+00	539	<p>port</p>	1	[{"added": {}}]	11	1
1086	2026-06-23 14:40:36.781016+00	540	<p>jezioro</p>	1	[{"added": {}}]	11	1
1087	2026-06-23 14:41:43.496256+00	541	<p>lotnisko</p>	1	[{"added": {}}]	11	1
1088	2026-06-23 14:41:59.177067+00	542	<p>tramwaj</p>	1	[{"added": {}}]	11	1
1089	2026-06-23 14:45:18.454948+00	543	<p>desert</p>	1	[{"added": {}}]	11	1
1090	2026-06-23 14:46:04.009959+00	544	<p>forest</p>	1	[{"added": {}}]	11	1
1091	2026-06-23 14:46:14.610166+00	545	<p>car</p>	1	[{"added": {}}]	11	1
1092	2026-06-23 14:49:35.993466+00	546	<p>harbour</p>	1	[{"added": {}}]	11	1
1093	2026-06-23 14:49:58.63966+00	547	<p>countryside</p>	1	[{"added": {}}]	11	1
1094	2026-06-23 14:50:14.339164+00	548	<p>ship</p>	1	[{"added": {}}]	11	1
1095	2026-06-23 14:53:44.184126+00	549	<p>A</p>	1	[{"added": {}}]	11	1
1096	2026-06-23 14:53:52.755139+00	550	<p>B</p>	1	[{"added": {}}]	11	1
1097	2026-06-23 14:54:01.084318+00	551	<p>C</p>	1	[{"added": {}}]	11	1
1098	2026-06-23 14:55:01.636625+00	552	<p>A</p>	1	[{"added": {}}]	11	1
1099	2026-06-23 14:55:38.215063+00	553	<p>B</p>	1	[{"added": {}}]	11	1
1100	2026-06-23 14:55:51.224422+00	554	<p>C</p>	1	[{"added": {}}]	11	1
1101	2026-06-23 14:56:49.984491+00	555	<p>A</p>	1	[{"added": {}}]	11	1
1102	2026-06-23 14:57:07.272796+00	556	<p>B</p>	1	[{"added": {}}]	11	1
1103	2026-06-23 14:57:14.714826+00	557	<p>C</p>	1	[{"added": {}}]	11	1
1104	2026-06-23 14:57:51.0878+00	558	<p>A</p>	1	[{"added": {}}]	11	1
1105	2026-06-23 14:58:01.342647+00	559	<p>B</p>	1	[{"added": {}}]	11	1
1106	2026-06-23 14:58:14.188131+00	560	<p>C</p>	1	[{"added": {}}]	11	1
1107	2026-06-23 14:58:52.913198+00	561	<p>A</p>	1	[{"added": {}}]	11	1
1108	2026-06-23 14:59:06.848362+00	562	<p>B</p>	1	[{"added": {}}]	11	1
1109	2026-06-23 14:59:20.379747+00	563	<p>C</p>	1	[{"added": {}}]	11	1
1110	2026-06-23 15:00:37.898044+00	564	<p>A</p>	1	[{"added": {}}]	11	1
1111	2026-06-23 15:00:48.569555+00	565	<p>B</p>	1	[{"added": {}}]	11	1
1112	2026-06-23 15:01:03.532062+00	566	<p>C</p>	1	[{"added": {}}]	11	1
1113	2026-06-23 15:01:09.930217+00	567	<p>D</p>	1	[{"added": {}}]	11	1
1114	2026-06-23 15:04:15.695296+00	568	<p>A</p>	1	[{"added": {}}]	11	1
1115	2026-06-23 15:04:29.956194+00	569	<p>B</p>	1	[{"added": {}}]	11	1
1116	2026-06-23 15:04:54.70608+00	570	<p>C</p>	1	[{"added": {}}]	11	1
1117	2026-06-23 15:05:05.998415+00	571	<p>D</p>	1	[{"added": {}}]	11	1
1118	2026-06-23 15:05:24.299452+00	572	<p>A</p>	1	[{"added": {}}]	11	1
1119	2026-06-23 15:05:35.685945+00	573	<p>B</p>	1	[{"added": {}}]	11	1
1121	2026-06-23 15:06:03.481999+00	575	<p>D</p>	1	[{"added": {}}]	11	1
1122	2026-06-23 15:07:46.974192+00	576	<p>A</p>	1	[{"added": {}}]	11	1
1123	2026-06-23 15:08:13.624947+00	577	<p>B</p>	1	[{"added": {}}]	11	1
1124	2026-06-23 15:08:26.42413+00	578	<p>C</p>	1	[{"added": {}}]	11	1
1125	2026-06-23 15:08:38.331936+00	579	<p>D</p>	1	[{"added": {}}]	11	1
1126	2026-06-23 15:09:21.931546+00	580	<p>A</p>	1	[{"added": {}}]	11	1
1127	2026-06-23 15:09:33.035258+00	581	<p>B</p>	1	[{"added": {}}]	11	1
1128	2026-06-23 15:09:42.312638+00	582	<p>C</p>	1	[{"added": {}}]	11	1
1129	2026-06-23 15:09:52.626595+00	583	<p>D</p>	1	[{"added": {}}]	11	1
1130	2026-06-23 16:48:54.075503+00	584	<p>A</p>	1	[{"added": {}}]	11	1
1131	2026-06-23 16:49:06.739046+00	585	<p>B</p>	1	[{"added": {}}]	11	1
1132	2026-06-23 16:49:18.28731+00	586	<p>C</p>	1	[{"added": {}}]	11	1
1133	2026-06-23 16:50:17.342213+00	587	<p>A</p>	1	[{"added": {}}]	11	1
1134	2026-06-23 16:50:43.180612+00	588	<p>B</p>	1	[{"added": {}}]	11	1
1135	2026-06-23 16:50:55.580887+00	589	<p>C</p>	1	[{"added": {}}]	11	1
1136	2026-06-23 16:51:32.871302+00	589	<p>C</p>	3		11	1
1137	2026-06-23 16:51:32.871356+00	588	<p>B</p>	3		11	1
1138	2026-06-23 16:52:29.324916+00	590	<p>B</p>	1	[{"added": {}}]	11	1
1139	2026-06-23 16:52:38.622767+00	591	<p>C</p>	1	[{"added": {}}]	11	1
1140	2026-06-23 16:53:54.86968+00	592	<p>A</p>	1	[{"added": {}}]	11	1
1141	2026-06-23 16:54:07.068249+00	593	<p>B</p>	1	[{"added": {}}]	11	1
1142	2026-06-23 16:54:13.866568+00	594	<p>C</p>	1	[{"added": {}}]	11	1
1143	2026-06-23 16:54:28.060489+00	595	<p>A</p>	1	[{"added": {}}]	11	1
1144	2026-06-23 16:54:44.147475+00	596	<p>B</p>	1	[{"added": {}}]	11	1
1145	2026-06-23 16:55:20.171747+00	597	<p>C</p>	1	[{"added": {}}]	11	1
1146	2026-06-23 16:55:49.496792+00	598	<p>A</p>	1	[{"added": {}}]	11	1
1147	2026-06-23 16:56:00.517676+00	599	<p>B</p>	1	[{"added": {}}]	11	1
1148	2026-06-23 16:56:08.753568+00	600	<p>C</p>	1	[{"added": {}}]	11	1
1149	2026-06-23 16:57:59.902706+00	601	<p>A</p>	1	[{"added": {}}]	11	1
1150	2026-06-23 16:58:10.079268+00	602	<p>B</p>	1	[{"added": {}}]	11	1
1151	2026-06-23 16:58:16.569234+00	603	<p>C</p>	1	[{"added": {}}]	11	1
1152	2026-06-23 16:58:57.195699+00	604	<p>A</p>	1	[{"added": {}}]	11	1
1153	2026-06-23 16:59:10.159515+00	605	<p>B</p>	1	[{"added": {}}]	11	1
1154	2026-06-23 16:59:18.29211+00	606	<p>C</p>	1	[{"added": {}}]	11	1
1155	2026-06-23 16:59:45.162134+00	607	<p>A</p>	1	[{"added": {}}]	11	1
1156	2026-06-23 17:00:00.682789+00	608	<p>B</p>	1	[{"added": {}}]	11	1
1157	2026-06-23 17:00:08.899487+00	609	<p>C</p>	1	[{"added": {}}]	11	1
1158	2026-06-23 17:02:08.7163+00	610	<p>A</p>	1	[{"added": {}}]	11	1
1159	2026-06-23 17:02:24.413696+00	611	<p>B</p>	1	[{"added": {}}]	11	1
1160	2026-06-23 17:02:31.358381+00	612	<p>C</p>	1	[{"added": {}}]	11	1
1161	2026-06-23 17:03:13.974903+00	613	<p>A</p>	1	[{"added": {}}]	11	1
1162	2026-06-23 17:03:20.89337+00	614	<p>B</p>	1	[{"added": {}}]	11	1
1163	2026-06-23 17:03:28.788735+00	615	<p>C</p>	1	[{"added": {}}]	11	1
1164	2026-06-23 17:03:43.829669+00	616	<p>A</p>	1	[{"added": {}}]	11	1
1165	2026-06-23 17:03:52.621923+00	617	<p>B</p>	1	[{"added": {}}]	11	1
1166	2026-06-23 17:03:59.260924+00	618	<p>C</p>	1	[{"added": {}}]	11	1
1167	2026-06-23 17:04:23.188946+00	619	<p>A</p>	1	[{"added": {}}]	11	1
1168	2026-06-23 17:04:32.8604+00	620	<p>B</p>	1	[{"added": {}}]	11	1
1169	2026-06-23 17:04:39.456261+00	621	<p>C</p>	1	[{"added": {}}]	11	1
1170	2026-06-23 17:11:08.951182+00	622	<p>will</p>	1	[{"added": {}}]	11	1
1171	2026-06-23 17:11:26.218514+00	623	<p>won&#39;t</p>	1	[{"added": {}}]	11	1
1172	2026-06-23 17:13:12.18207+00	624	<p>will</p>	1	[{"added": {}}]	11	1
1173	2026-06-23 17:13:24.522173+00	625	<p>won&#39;t</p>	1	[{"added": {}}]	11	1
1174	2026-06-23 17:13:58.256107+00	626	<p>will</p>	1	[{"added": {}}]	11	1
1175	2026-06-23 17:14:33.157865+00	627	<p>won&#39;t</p>	1	[{"added": {}}]	11	1
1176	2026-06-23 17:14:47.102032+00	628	<p>will</p>	1	[{"added": {}}]	11	1
1177	2026-06-23 17:15:05.090887+00	629	<p>won&#39;t</p>	1	[{"added": {}}]	11	1
1178	2026-06-23 17:15:29.14317+00	630	<p>will</p>	1	[{"added": {}}]	11	1
1179	2026-06-23 17:15:38.791383+00	631	<p>won&#39;t</p>	1	[{"added": {}}]	11	1
1180	2026-06-23 17:17:40.012502+00	632	<p>will sleeping</p>	1	[{"added": {}}]	11	1
1181	2026-06-23 17:18:04.210661+00	633	<p>will be spleeping</p>	1	[{"added": {}}]	11	1
1182	2026-06-23 17:18:34.878211+00	634	<p>sleeping</p>	1	[{"added": {}}]	11	1
1183	2026-06-23 17:19:06.931997+00	635	<p>were be sleeping</p>	1	[{"added": {}}]	11	1
1184	2026-06-23 17:20:38.241831+00	636	<p>travels</p>	1	[{"added": {}}]	11	1
1185	2026-06-23 17:21:06.557163+00	637	<p>been traveling</p>	1	[{"added": {}}]	11	1
1186	2026-06-23 17:21:33.687969+00	638	<p>is traveling</p>	1	[{"added": {}}]	11	1
1187	2026-06-23 17:21:51.153949+00	639	<p>will be traveling</p>	1	[{"added": {}}]	11	1
1188	2026-06-23 17:30:36.594411+00	640	<p>watch</p>	1	[{"added": {}}]	11	1
1189	2026-06-23 17:30:56.740504+00	641	<p>will be watching</p>	1	[{"added": {}}]	11	1
1190	2026-06-23 17:31:28.251056+00	642	<p>were watching</p>	1	[{"added": {}}]	11	1
1191	2026-06-23 17:32:00.355047+00	643	<p>are watching</p>	1	[{"added": {}}]	11	1
1192	2026-06-23 17:33:58.366968+00	644	<p>had having</p>	1	[{"added": {}}]	11	1
1193	2026-06-23 17:34:16.018068+00	645	<p>having</p>	1	[{"added": {}}]	11	1
1194	2026-06-23 17:35:11.552727+00	646	<p>will be having</p>	1	[{"added": {}}]	11	1
1195	2026-06-23 17:35:37.144335+00	647	<p>had</p>	1	[{"added": {}}]	11	1
1196	2026-06-23 17:36:23.96667+00	648	<p>is working</p>	1	[{"added": {}}]	11	1
1197	2026-06-23 17:37:08.397466+00	649	<p>been working</p>	1	[{"added": {}}]	11	1
1198	2026-06-23 17:37:51.25877+00	650	<p>will be working</p>	1	[{"added": {}}]	11	1
1199	2026-06-23 17:38:29.425477+00	651	<p>did worked</p>	1	[{"added": {}}]	11	1
1200	2026-06-23 17:39:31.6891+00	652	<p>A</p>	1	[{"added": {}}]	11	1
1201	2026-06-23 17:39:39.168168+00	653	<p>B</p>	1	[{"added": {}}]	11	1
1202	2026-06-23 17:39:51.412998+00	654	<p>C</p>	1	[{"added": {}}]	11	1
1203	2026-06-23 17:40:11.040469+00	655	<p>A</p>	1	[{"added": {}}]	11	1
1204	2026-06-23 17:40:33.186127+00	656	<p>B</p>	1	[{"added": {}}]	11	1
1205	2026-06-23 17:40:39.897766+00	657	<p>C</p>	1	[{"added": {}}]	11	1
1206	2026-06-23 17:41:57.579879+00	658	<p>A</p>	1	[{"added": {}}]	11	1
1207	2026-06-23 17:42:12.561264+00	659	<p>B</p>	1	[{"added": {}}]	11	1
1208	2026-06-23 17:42:29.694929+00	660	<p>C</p>	1	[{"added": {}}]	11	1
1209	2026-06-23 17:43:01.653252+00	661	<p>A</p>	1	[{"added": {}}]	11	1
1210	2026-06-23 17:43:08.754188+00	662	<p>B</p>	1	[{"added": {}}]	11	1
1211	2026-06-23 17:43:18.694742+00	663	<p>C</p>	1	[{"added": {}}]	11	1
\.


--
-- Data for Name: django_content_type; Type: TABLE DATA; Schema: public; Owner: elearn_user
--

COPY public.django_content_type (id, app_label, model) FROM stdin;
1	admin	logentry
2	auth	permission
3	auth	group
4	contenttypes	contenttype
5	sessions	session
6	users	user
7	e_learn	lesson
8	coureses	module
9	coureses	topic
10	coureses	question
11	coureses	answer
12	coureses	quest
13	coureses	course
14	quizes	quiz_answer
15	quizes	quiz
16	quizes	quiz_task
17	results	results
18	e_learn	mode
\.


--
-- Data for Name: django_migrations; Type: TABLE DATA; Schema: public; Owner: elearn_user
--

COPY public.django_migrations (id, app, name, applied) FROM stdin;
1	contenttypes	0001_initial	2026-06-19 14:29:11.646493+00
2	contenttypes	0002_remove_content_type_name	2026-06-19 14:29:11.658176+00
3	auth	0001_initial	2026-06-19 14:29:11.716152+00
4	auth	0002_alter_permission_name_max_length	2026-06-19 14:29:11.724314+00
5	auth	0003_alter_user_email_max_length	2026-06-19 14:29:11.73179+00
6	auth	0004_alter_user_username_opts	2026-06-19 14:29:11.740929+00
7	auth	0005_alter_user_last_login_null	2026-06-19 14:29:11.74858+00
8	auth	0006_require_contenttypes_0002	2026-06-19 14:29:11.75233+00
9	auth	0007_alter_validators_add_error_messages	2026-06-19 14:29:11.76085+00
10	auth	0008_alter_user_username_max_length	2026-06-19 14:29:11.768772+00
11	auth	0009_alter_user_last_name_max_length	2026-06-19 14:29:11.776635+00
12	auth	0010_alter_group_name_max_length	2026-06-19 14:29:11.788541+00
13	auth	0011_update_proxy_permissions	2026-06-19 14:29:11.796033+00
14	auth	0012_alter_user_first_name_max_length	2026-06-19 14:29:11.806068+00
15	users	0001_initial	2026-06-19 14:29:11.849976+00
16	admin	0001_initial	2026-06-19 14:29:11.875623+00
17	admin	0002_logentry_remove_auto_add	2026-06-19 14:29:11.884605+00
18	admin	0003_logentry_add_action_flag_choices	2026-06-19 14:29:11.895086+00
19	sessions	0001_initial	2026-06-19 14:29:11.912563+00
20	coureses	0001_initial	2026-06-19 14:29:49.24267+00
21	e_learn	0001_initial	2026-06-19 14:29:49.264687+00
22	quizes	0001_initial	2026-06-19 14:29:49.320073+00
23	coureses	0002_alter_question_content	2026-06-19 19:39:49.308051+00
24	quizes	0002_alter_quiz_course_alter_quiz_answer_answer_and_more	2026-06-20 10:28:48.557544+00
25	quizes	0003_quiz_answer_is_correct	2026-06-20 10:55:19.731391+00
26	results	0001_initial	2026-06-20 12:31:30.998794+00
27	e_learn	0002_mode_delete_lesson	2026-06-20 22:27:36.999532+00
28	e_learn	0003_mode_url	2026-06-21 07:04:59.213065+00
29	coureses	0003_question_order_topic_order	2026-06-22 13:51:32.569913+00
30	coureses	0004_alter_question_options	2026-06-22 13:59:55.85472+00
31	coureses	0005_alter_answer_content	2026-06-22 14:48:22.865356+00
32	coureses	0006_alter_topic_options	2026-06-22 23:47:56.614913+00
\.


--
-- Data for Name: django_session; Type: TABLE DATA; Schema: public; Owner: elearn_user
--

COPY public.django_session (session_key, session_data, expire_date) FROM stdin;
dzabz3bnh7u5o62df04hsnyxaxve1aed	.eJxVjDsOwjAQBe_iGlnOxl9Kes5g7a5tHECOFCcV4u4QKQW0b2beS0Tc1hq3npc4JXEWIE6_GyE_cttBumO7zZLnti4TyV2RB-3yOqf8vBzu30HFXr-1Yxq1AhgGCyYoiy6TD6SLdZ61IXIEpUBANk75nJhJh2RGTw4hkRbvD9CYOAY:1wc5GG:rxj-EwREK8Df0a7nqREfXnmozZJlcT42fwWgNjoK-wY	2026-07-07 17:50:12.538515+00
\.


--
-- Data for Name: e_learn_mode; Type: TABLE DATA; Schema: public; Owner: elearn_user
--

COPY public.e_learn_mode (id, name, image, url) FROM stdin;
1	kursy		/courses/
2	quizy		/quizes/
3	wyniki		/results/
\.


--
-- Data for Name: quizes_quiz; Type: TABLE DATA; Schema: public; Owner: elearn_user
--

COPY public.quizes_quiz (id, title, course_id) FROM stdin;
1	Quiz wiedzy - Fizyka	1
2	Quiz wiedzy - Matematyka	2
3	Quiz wiedzy - Język angielski	3
4	Quiz wiedzy - Informatyka	4
\.


--
-- Data for Name: quizes_quiz_answer; Type: TABLE DATA; Schema: public; Owner: elearn_user
--

COPY public.quizes_quiz_answer (id, option, answer_id, is_correct) FROM stdin;
1	opd1	36	f
2	odp2	36	t
3	opd3	36	f
4	odp4	36	f
\.


--
-- Data for Name: quizes_quiz_task; Type: TABLE DATA; Schema: public; Owner: elearn_user
--

COPY public.quizes_quiz_task (id, context, task_id) FROM stdin;
1	Zad.1 - F	1
2	Zad.2 - F	1
3	Zad.3 - F	1
4	Zad.4 - F	1
6	Zad.5 - F	1
7	Zad.6 - F	1
9	Zad.7 - F	1
10	Zad.8 - F	1
12	Zad.9 - F	1
13	Zad.10 - F	1
14	Zad.1 - M	2
15	Zad.2 - M	2
16	Zad.3 - M	2
17	Zad.4 - M	2
18	Zad.5 - M	2
19	Zad.6 - M	2
20	Zad.7 - M	2
22	Zad.8 - M	2
23	Zad.9 - M	2
24	Zad.10 - M	2
25	Zad.1 - J	3
26	Zad.2 - J	3
27	Zad.3 - J	3
28	Zad.4 - J	3
29	Zad.5 - J	3
31	Zad.6 - J	3
32	Zad.7 - J	3
33	Zad.8 - J	3
34	Zad.9 - J	3
35	Zad.10 - J	3
37	Zad.2 - I	4
38	Zad.3 - I	4
39	Zad.4 - I	4
40	Zad.5 - I	4
41	Zad.6 - I	4
42	Zad.7 - I	4
43	Zad.8 - I	4
44	Zad.9 - I	4
45	Zad.10 - I	4
36	Zad.1 - I	4
\.


--
-- Data for Name: results_results; Type: TABLE DATA; Schema: public; Owner: elearn_user
--

COPY public.results_results (id, score, max_score, started_at, finished_at, duration, quiz_id, users_id) FROM stdin;
\.


--
-- Data for Name: users_user; Type: TABLE DATA; Schema: public; Owner: elearn_user
--

COPY public.users_user (id, password, last_login, is_superuser, username, first_name, last_name, is_staff, is_active, date_joined, email, avatar, created_at) FROM stdin;
1	pbkdf2_sha256$1000000$xmvZdyxREyqv0er5y4wlVI$53UpiTZFYsPWJXSPeiO2bqeQDwxFlndzZN0CWSdtNkY=	2026-06-20 09:53:20.493193+00	t	admin			t	t	2026-06-19 14:30:55.157411+00	25972@ed.amw.gdynia.pl		2026-06-19 14:30:55.666542+00
2	pbkdf2_sha256$1000000$82REYdpIp4KxsQ3PwFf0OK$CBSC++quTr5+Ofi3hAjWUUOeHCI7rVQbY4c31wYTzSc=	2026-06-23 17:50:12.531008+00	f	test			f	t	2026-06-20 09:47:16.390844+00	test@test.pl		2026-06-20 09:47:16.951596+00
\.


--
-- Data for Name: users_user_groups; Type: TABLE DATA; Schema: public; Owner: elearn_user
--

COPY public.users_user_groups (id, user_id, group_id) FROM stdin;
\.


--
-- Data for Name: users_user_user_permissions; Type: TABLE DATA; Schema: public; Owner: elearn_user
--

COPY public.users_user_user_permissions (id, user_id, permission_id) FROM stdin;
\.


--
-- Name: auth_group_id_seq; Type: SEQUENCE SET; Schema: public; Owner: elearn_user
--

SELECT pg_catalog.setval('public.auth_group_id_seq', 1, false);


--
-- Name: auth_group_permissions_id_seq; Type: SEQUENCE SET; Schema: public; Owner: elearn_user
--

SELECT pg_catalog.setval('public.auth_group_permissions_id_seq', 1, false);


--
-- Name: auth_permission_id_seq; Type: SEQUENCE SET; Schema: public; Owner: elearn_user
--

SELECT pg_catalog.setval('public.auth_permission_id_seq', 72, true);


--
-- Name: coureses_answer_id_seq; Type: SEQUENCE SET; Schema: public; Owner: elearn_user
--

SELECT pg_catalog.setval('public.coureses_answer_id_seq', 663, true);


--
-- Name: coureses_course_id_seq; Type: SEQUENCE SET; Schema: public; Owner: elearn_user
--

SELECT pg_catalog.setval('public.coureses_course_id_seq', 4, true);


--
-- Name: coureses_module_id_seq; Type: SEQUENCE SET; Schema: public; Owner: elearn_user
--

SELECT pg_catalog.setval('public.coureses_module_id_seq', 15, true);


--
-- Name: coureses_quest_id_seq; Type: SEQUENCE SET; Schema: public; Owner: elearn_user
--

SELECT pg_catalog.setval('public.coureses_quest_id_seq', 51, true);


--
-- Name: coureses_question_id_seq; Type: SEQUENCE SET; Schema: public; Owner: elearn_user
--

SELECT pg_catalog.setval('public.coureses_question_id_seq', 183, true);


--
-- Name: coureses_topic_id_seq; Type: SEQUENCE SET; Schema: public; Owner: elearn_user
--

SELECT pg_catalog.setval('public.coureses_topic_id_seq', 53, true);


--
-- Name: django_admin_log_id_seq; Type: SEQUENCE SET; Schema: public; Owner: elearn_user
--

SELECT pg_catalog.setval('public.django_admin_log_id_seq', 1211, true);


--
-- Name: django_content_type_id_seq; Type: SEQUENCE SET; Schema: public; Owner: elearn_user
--

SELECT pg_catalog.setval('public.django_content_type_id_seq', 18, true);


--
-- Name: django_migrations_id_seq; Type: SEQUENCE SET; Schema: public; Owner: elearn_user
--

SELECT pg_catalog.setval('public.django_migrations_id_seq', 32, true);


--
-- Name: e_learn_mode_id_seq; Type: SEQUENCE SET; Schema: public; Owner: elearn_user
--

SELECT pg_catalog.setval('public.e_learn_mode_id_seq', 3, true);


--
-- Name: quizes_quiz_answer_id_seq; Type: SEQUENCE SET; Schema: public; Owner: elearn_user
--

SELECT pg_catalog.setval('public.quizes_quiz_answer_id_seq', 4, true);


--
-- Name: quizes_quiz_id_seq; Type: SEQUENCE SET; Schema: public; Owner: elearn_user
--

SELECT pg_catalog.setval('public.quizes_quiz_id_seq', 4, true);


--
-- Name: quizes_quiz_task_id_seq; Type: SEQUENCE SET; Schema: public; Owner: elearn_user
--

SELECT pg_catalog.setval('public.quizes_quiz_task_id_seq', 45, true);


--
-- Name: results_results_id_seq; Type: SEQUENCE SET; Schema: public; Owner: elearn_user
--

SELECT pg_catalog.setval('public.results_results_id_seq', 1, false);


--
-- Name: users_user_groups_id_seq; Type: SEQUENCE SET; Schema: public; Owner: elearn_user
--

SELECT pg_catalog.setval('public.users_user_groups_id_seq', 1, false);


--
-- Name: users_user_id_seq; Type: SEQUENCE SET; Schema: public; Owner: elearn_user
--

SELECT pg_catalog.setval('public.users_user_id_seq', 2, true);


--
-- Name: users_user_user_permissions_id_seq; Type: SEQUENCE SET; Schema: public; Owner: elearn_user
--

SELECT pg_catalog.setval('public.users_user_user_permissions_id_seq', 1, false);


--
-- Name: auth_group auth_group_name_key; Type: CONSTRAINT; Schema: public; Owner: elearn_user
--

ALTER TABLE ONLY public.auth_group
    ADD CONSTRAINT auth_group_name_key UNIQUE (name);


--
-- Name: auth_group_permissions auth_group_permissions_group_id_permission_id_0cd325b0_uniq; Type: CONSTRAINT; Schema: public; Owner: elearn_user
--

ALTER TABLE ONLY public.auth_group_permissions
    ADD CONSTRAINT auth_group_permissions_group_id_permission_id_0cd325b0_uniq UNIQUE (group_id, permission_id);


--
-- Name: auth_group_permissions auth_group_permissions_pkey; Type: CONSTRAINT; Schema: public; Owner: elearn_user
--

ALTER TABLE ONLY public.auth_group_permissions
    ADD CONSTRAINT auth_group_permissions_pkey PRIMARY KEY (id);


--
-- Name: auth_group auth_group_pkey; Type: CONSTRAINT; Schema: public; Owner: elearn_user
--

ALTER TABLE ONLY public.auth_group
    ADD CONSTRAINT auth_group_pkey PRIMARY KEY (id);


--
-- Name: auth_permission auth_permission_content_type_id_codename_01ab375a_uniq; Type: CONSTRAINT; Schema: public; Owner: elearn_user
--

ALTER TABLE ONLY public.auth_permission
    ADD CONSTRAINT auth_permission_content_type_id_codename_01ab375a_uniq UNIQUE (content_type_id, codename);


--
-- Name: auth_permission auth_permission_pkey; Type: CONSTRAINT; Schema: public; Owner: elearn_user
--

ALTER TABLE ONLY public.auth_permission
    ADD CONSTRAINT auth_permission_pkey PRIMARY KEY (id);


--
-- Name: coureses_answer coureses_answer_pkey; Type: CONSTRAINT; Schema: public; Owner: elearn_user
--

ALTER TABLE ONLY public.coureses_answer
    ADD CONSTRAINT coureses_answer_pkey PRIMARY KEY (id);


--
-- Name: coureses_course coureses_course_pkey; Type: CONSTRAINT; Schema: public; Owner: elearn_user
--

ALTER TABLE ONLY public.coureses_course
    ADD CONSTRAINT coureses_course_pkey PRIMARY KEY (id);


--
-- Name: coureses_course coureses_course_slug_key; Type: CONSTRAINT; Schema: public; Owner: elearn_user
--

ALTER TABLE ONLY public.coureses_course
    ADD CONSTRAINT coureses_course_slug_key UNIQUE (slug);


--
-- Name: coureses_module coureses_module_pkey; Type: CONSTRAINT; Schema: public; Owner: elearn_user
--

ALTER TABLE ONLY public.coureses_module
    ADD CONSTRAINT coureses_module_pkey PRIMARY KEY (id);


--
-- Name: coureses_quest coureses_quest_pkey; Type: CONSTRAINT; Schema: public; Owner: elearn_user
--

ALTER TABLE ONLY public.coureses_quest
    ADD CONSTRAINT coureses_quest_pkey PRIMARY KEY (id);


--
-- Name: coureses_question coureses_question_pkey; Type: CONSTRAINT; Schema: public; Owner: elearn_user
--

ALTER TABLE ONLY public.coureses_question
    ADD CONSTRAINT coureses_question_pkey PRIMARY KEY (id);


--
-- Name: coureses_topic coureses_topic_pkey; Type: CONSTRAINT; Schema: public; Owner: elearn_user
--

ALTER TABLE ONLY public.coureses_topic
    ADD CONSTRAINT coureses_topic_pkey PRIMARY KEY (id);


--
-- Name: django_admin_log django_admin_log_pkey; Type: CONSTRAINT; Schema: public; Owner: elearn_user
--

ALTER TABLE ONLY public.django_admin_log
    ADD CONSTRAINT django_admin_log_pkey PRIMARY KEY (id);


--
-- Name: django_content_type django_content_type_app_label_model_76bd3d3b_uniq; Type: CONSTRAINT; Schema: public; Owner: elearn_user
--

ALTER TABLE ONLY public.django_content_type
    ADD CONSTRAINT django_content_type_app_label_model_76bd3d3b_uniq UNIQUE (app_label, model);


--
-- Name: django_content_type django_content_type_pkey; Type: CONSTRAINT; Schema: public; Owner: elearn_user
--

ALTER TABLE ONLY public.django_content_type
    ADD CONSTRAINT django_content_type_pkey PRIMARY KEY (id);


--
-- Name: django_migrations django_migrations_pkey; Type: CONSTRAINT; Schema: public; Owner: elearn_user
--

ALTER TABLE ONLY public.django_migrations
    ADD CONSTRAINT django_migrations_pkey PRIMARY KEY (id);


--
-- Name: django_session django_session_pkey; Type: CONSTRAINT; Schema: public; Owner: elearn_user
--

ALTER TABLE ONLY public.django_session
    ADD CONSTRAINT django_session_pkey PRIMARY KEY (session_key);


--
-- Name: e_learn_mode e_learn_mode_pkey; Type: CONSTRAINT; Schema: public; Owner: elearn_user
--

ALTER TABLE ONLY public.e_learn_mode
    ADD CONSTRAINT e_learn_mode_pkey PRIMARY KEY (id);


--
-- Name: quizes_quiz_answer quizes_quiz_answer_pkey; Type: CONSTRAINT; Schema: public; Owner: elearn_user
--

ALTER TABLE ONLY public.quizes_quiz_answer
    ADD CONSTRAINT quizes_quiz_answer_pkey PRIMARY KEY (id);


--
-- Name: quizes_quiz quizes_quiz_course_id_key; Type: CONSTRAINT; Schema: public; Owner: elearn_user
--

ALTER TABLE ONLY public.quizes_quiz
    ADD CONSTRAINT quizes_quiz_course_id_key UNIQUE (course_id);


--
-- Name: quizes_quiz quizes_quiz_pkey; Type: CONSTRAINT; Schema: public; Owner: elearn_user
--

ALTER TABLE ONLY public.quizes_quiz
    ADD CONSTRAINT quizes_quiz_pkey PRIMARY KEY (id);


--
-- Name: quizes_quiz_task quizes_quiz_task_pkey; Type: CONSTRAINT; Schema: public; Owner: elearn_user
--

ALTER TABLE ONLY public.quizes_quiz_task
    ADD CONSTRAINT quizes_quiz_task_pkey PRIMARY KEY (id);


--
-- Name: results_results results_results_pkey; Type: CONSTRAINT; Schema: public; Owner: elearn_user
--

ALTER TABLE ONLY public.results_results
    ADD CONSTRAINT results_results_pkey PRIMARY KEY (id);


--
-- Name: users_user users_user_email_key; Type: CONSTRAINT; Schema: public; Owner: elearn_user
--

ALTER TABLE ONLY public.users_user
    ADD CONSTRAINT users_user_email_key UNIQUE (email);


--
-- Name: users_user_groups users_user_groups_pkey; Type: CONSTRAINT; Schema: public; Owner: elearn_user
--

ALTER TABLE ONLY public.users_user_groups
    ADD CONSTRAINT users_user_groups_pkey PRIMARY KEY (id);


--
-- Name: users_user_groups users_user_groups_user_id_group_id_b88eab82_uniq; Type: CONSTRAINT; Schema: public; Owner: elearn_user
--

ALTER TABLE ONLY public.users_user_groups
    ADD CONSTRAINT users_user_groups_user_id_group_id_b88eab82_uniq UNIQUE (user_id, group_id);


--
-- Name: users_user users_user_pkey; Type: CONSTRAINT; Schema: public; Owner: elearn_user
--

ALTER TABLE ONLY public.users_user
    ADD CONSTRAINT users_user_pkey PRIMARY KEY (id);


--
-- Name: users_user_user_permissions users_user_user_permissions_pkey; Type: CONSTRAINT; Schema: public; Owner: elearn_user
--

ALTER TABLE ONLY public.users_user_user_permissions
    ADD CONSTRAINT users_user_user_permissions_pkey PRIMARY KEY (id);


--
-- Name: users_user_user_permissions users_user_user_permissions_user_id_permission_id_43338c45_uniq; Type: CONSTRAINT; Schema: public; Owner: elearn_user
--

ALTER TABLE ONLY public.users_user_user_permissions
    ADD CONSTRAINT users_user_user_permissions_user_id_permission_id_43338c45_uniq UNIQUE (user_id, permission_id);


--
-- Name: users_user users_user_username_key; Type: CONSTRAINT; Schema: public; Owner: elearn_user
--

ALTER TABLE ONLY public.users_user
    ADD CONSTRAINT users_user_username_key UNIQUE (username);


--
-- Name: auth_group_name_a6ea08ec_like; Type: INDEX; Schema: public; Owner: elearn_user
--

CREATE INDEX auth_group_name_a6ea08ec_like ON public.auth_group USING btree (name varchar_pattern_ops);


--
-- Name: auth_group_permissions_group_id_b120cbf9; Type: INDEX; Schema: public; Owner: elearn_user
--

CREATE INDEX auth_group_permissions_group_id_b120cbf9 ON public.auth_group_permissions USING btree (group_id);


--
-- Name: auth_group_permissions_permission_id_84c5c92e; Type: INDEX; Schema: public; Owner: elearn_user
--

CREATE INDEX auth_group_permissions_permission_id_84c5c92e ON public.auth_group_permissions USING btree (permission_id);


--
-- Name: auth_permission_content_type_id_2f476e4b; Type: INDEX; Schema: public; Owner: elearn_user
--

CREATE INDEX auth_permission_content_type_id_2f476e4b ON public.auth_permission USING btree (content_type_id);


--
-- Name: coureses_answer_question_id_3a1f3b7e; Type: INDEX; Schema: public; Owner: elearn_user
--

CREATE INDEX coureses_answer_question_id_3a1f3b7e ON public.coureses_answer USING btree (question_id);


--
-- Name: coureses_course_slug_c7c5051b_like; Type: INDEX; Schema: public; Owner: elearn_user
--

CREATE INDEX coureses_course_slug_c7c5051b_like ON public.coureses_course USING btree (slug varchar_pattern_ops);


--
-- Name: coureses_module_course_id_c7b9aeee; Type: INDEX; Schema: public; Owner: elearn_user
--

CREATE INDEX coureses_module_course_id_c7b9aeee ON public.coureses_module USING btree (course_id);


--
-- Name: coureses_quest_quest_id_a28d0895; Type: INDEX; Schema: public; Owner: elearn_user
--

CREATE INDEX coureses_quest_quest_id_a28d0895 ON public.coureses_quest USING btree (quest_id);


--
-- Name: coureses_question_question_id_8f7ccd48; Type: INDEX; Schema: public; Owner: elearn_user
--

CREATE INDEX coureses_question_question_id_8f7ccd48 ON public.coureses_question USING btree (question_id);


--
-- Name: coureses_topic_module_id_07e13668; Type: INDEX; Schema: public; Owner: elearn_user
--

CREATE INDEX coureses_topic_module_id_07e13668 ON public.coureses_topic USING btree (module_id);


--
-- Name: django_admin_log_content_type_id_c4bce8eb; Type: INDEX; Schema: public; Owner: elearn_user
--

CREATE INDEX django_admin_log_content_type_id_c4bce8eb ON public.django_admin_log USING btree (content_type_id);


--
-- Name: django_admin_log_user_id_c564eba6; Type: INDEX; Schema: public; Owner: elearn_user
--

CREATE INDEX django_admin_log_user_id_c564eba6 ON public.django_admin_log USING btree (user_id);


--
-- Name: django_session_expire_date_a5c62663; Type: INDEX; Schema: public; Owner: elearn_user
--

CREATE INDEX django_session_expire_date_a5c62663 ON public.django_session USING btree (expire_date);


--
-- Name: django_session_session_key_c0390e0f_like; Type: INDEX; Schema: public; Owner: elearn_user
--

CREATE INDEX django_session_session_key_c0390e0f_like ON public.django_session USING btree (session_key varchar_pattern_ops);


--
-- Name: quizes_quiz_answer_answer_id_401d6314; Type: INDEX; Schema: public; Owner: elearn_user
--

CREATE INDEX quizes_quiz_answer_answer_id_401d6314 ON public.quizes_quiz_answer USING btree (answer_id);


--
-- Name: quizes_quiz_task_task_id_19916569; Type: INDEX; Schema: public; Owner: elearn_user
--

CREATE INDEX quizes_quiz_task_task_id_19916569 ON public.quizes_quiz_task USING btree (task_id);


--
-- Name: results_results_quiz_id_a0ad2b1c; Type: INDEX; Schema: public; Owner: elearn_user
--

CREATE INDEX results_results_quiz_id_a0ad2b1c ON public.results_results USING btree (quiz_id);


--
-- Name: results_results_users_id_588cb56b; Type: INDEX; Schema: public; Owner: elearn_user
--

CREATE INDEX results_results_users_id_588cb56b ON public.results_results USING btree (users_id);


--
-- Name: users_user_email_243f6e77_like; Type: INDEX; Schema: public; Owner: elearn_user
--

CREATE INDEX users_user_email_243f6e77_like ON public.users_user USING btree (email varchar_pattern_ops);


--
-- Name: users_user_groups_group_id_9afc8d0e; Type: INDEX; Schema: public; Owner: elearn_user
--

CREATE INDEX users_user_groups_group_id_9afc8d0e ON public.users_user_groups USING btree (group_id);


--
-- Name: users_user_groups_user_id_5f6f5a90; Type: INDEX; Schema: public; Owner: elearn_user
--

CREATE INDEX users_user_groups_user_id_5f6f5a90 ON public.users_user_groups USING btree (user_id);


--
-- Name: users_user_user_permissions_permission_id_0b93982e; Type: INDEX; Schema: public; Owner: elearn_user
--

CREATE INDEX users_user_user_permissions_permission_id_0b93982e ON public.users_user_user_permissions USING btree (permission_id);


--
-- Name: users_user_user_permissions_user_id_20aca447; Type: INDEX; Schema: public; Owner: elearn_user
--

CREATE INDEX users_user_user_permissions_user_id_20aca447 ON public.users_user_user_permissions USING btree (user_id);


--
-- Name: users_user_username_06e46fe6_like; Type: INDEX; Schema: public; Owner: elearn_user
--

CREATE INDEX users_user_username_06e46fe6_like ON public.users_user USING btree (username varchar_pattern_ops);


--
-- Name: auth_group_permissions auth_group_permissio_permission_id_84c5c92e_fk_auth_perm; Type: FK CONSTRAINT; Schema: public; Owner: elearn_user
--

ALTER TABLE ONLY public.auth_group_permissions
    ADD CONSTRAINT auth_group_permissio_permission_id_84c5c92e_fk_auth_perm FOREIGN KEY (permission_id) REFERENCES public.auth_permission(id) DEFERRABLE INITIALLY DEFERRED;


--
-- Name: auth_group_permissions auth_group_permissions_group_id_b120cbf9_fk_auth_group_id; Type: FK CONSTRAINT; Schema: public; Owner: elearn_user
--

ALTER TABLE ONLY public.auth_group_permissions
    ADD CONSTRAINT auth_group_permissions_group_id_b120cbf9_fk_auth_group_id FOREIGN KEY (group_id) REFERENCES public.auth_group(id) DEFERRABLE INITIALLY DEFERRED;


--
-- Name: auth_permission auth_permission_content_type_id_2f476e4b_fk_django_co; Type: FK CONSTRAINT; Schema: public; Owner: elearn_user
--

ALTER TABLE ONLY public.auth_permission
    ADD CONSTRAINT auth_permission_content_type_id_2f476e4b_fk_django_co FOREIGN KEY (content_type_id) REFERENCES public.django_content_type(id) DEFERRABLE INITIALLY DEFERRED;


--
-- Name: coureses_answer coureses_answer_question_id_3a1f3b7e_fk_coureses_question_id; Type: FK CONSTRAINT; Schema: public; Owner: elearn_user
--

ALTER TABLE ONLY public.coureses_answer
    ADD CONSTRAINT coureses_answer_question_id_3a1f3b7e_fk_coureses_question_id FOREIGN KEY (question_id) REFERENCES public.coureses_question(id) DEFERRABLE INITIALLY DEFERRED;


--
-- Name: coureses_module coureses_module_course_id_c7b9aeee_fk_coureses_course_id; Type: FK CONSTRAINT; Schema: public; Owner: elearn_user
--

ALTER TABLE ONLY public.coureses_module
    ADD CONSTRAINT coureses_module_course_id_c7b9aeee_fk_coureses_course_id FOREIGN KEY (course_id) REFERENCES public.coureses_course(id) DEFERRABLE INITIALLY DEFERRED;


--
-- Name: coureses_quest coureses_quest_quest_id_a28d0895_fk_coureses_topic_id; Type: FK CONSTRAINT; Schema: public; Owner: elearn_user
--

ALTER TABLE ONLY public.coureses_quest
    ADD CONSTRAINT coureses_quest_quest_id_a28d0895_fk_coureses_topic_id FOREIGN KEY (quest_id) REFERENCES public.coureses_topic(id) DEFERRABLE INITIALLY DEFERRED;


--
-- Name: coureses_question coureses_question_question_id_8f7ccd48_fk_coureses_quest_id; Type: FK CONSTRAINT; Schema: public; Owner: elearn_user
--

ALTER TABLE ONLY public.coureses_question
    ADD CONSTRAINT coureses_question_question_id_8f7ccd48_fk_coureses_quest_id FOREIGN KEY (question_id) REFERENCES public.coureses_quest(id) DEFERRABLE INITIALLY DEFERRED;


--
-- Name: coureses_topic coureses_topic_module_id_07e13668_fk_coureses_module_id; Type: FK CONSTRAINT; Schema: public; Owner: elearn_user
--

ALTER TABLE ONLY public.coureses_topic
    ADD CONSTRAINT coureses_topic_module_id_07e13668_fk_coureses_module_id FOREIGN KEY (module_id) REFERENCES public.coureses_module(id) DEFERRABLE INITIALLY DEFERRED;


--
-- Name: django_admin_log django_admin_log_content_type_id_c4bce8eb_fk_django_co; Type: FK CONSTRAINT; Schema: public; Owner: elearn_user
--

ALTER TABLE ONLY public.django_admin_log
    ADD CONSTRAINT django_admin_log_content_type_id_c4bce8eb_fk_django_co FOREIGN KEY (content_type_id) REFERENCES public.django_content_type(id) DEFERRABLE INITIALLY DEFERRED;


--
-- Name: django_admin_log django_admin_log_user_id_c564eba6_fk_users_user_id; Type: FK CONSTRAINT; Schema: public; Owner: elearn_user
--

ALTER TABLE ONLY public.django_admin_log
    ADD CONSTRAINT django_admin_log_user_id_c564eba6_fk_users_user_id FOREIGN KEY (user_id) REFERENCES public.users_user(id) DEFERRABLE INITIALLY DEFERRED;


--
-- Name: quizes_quiz_answer quizes_quiz_answer_answer_id_401d6314_fk_quizes_quiz_task_id; Type: FK CONSTRAINT; Schema: public; Owner: elearn_user
--

ALTER TABLE ONLY public.quizes_quiz_answer
    ADD CONSTRAINT quizes_quiz_answer_answer_id_401d6314_fk_quizes_quiz_task_id FOREIGN KEY (answer_id) REFERENCES public.quizes_quiz_task(id) DEFERRABLE INITIALLY DEFERRED;


--
-- Name: quizes_quiz quizes_quiz_course_id_edff1726_fk_coureses_course_id; Type: FK CONSTRAINT; Schema: public; Owner: elearn_user
--

ALTER TABLE ONLY public.quizes_quiz
    ADD CONSTRAINT quizes_quiz_course_id_edff1726_fk_coureses_course_id FOREIGN KEY (course_id) REFERENCES public.coureses_course(id) DEFERRABLE INITIALLY DEFERRED;


--
-- Name: quizes_quiz_task quizes_quiz_task_task_id_19916569_fk_quizes_quiz_id; Type: FK CONSTRAINT; Schema: public; Owner: elearn_user
--

ALTER TABLE ONLY public.quizes_quiz_task
    ADD CONSTRAINT quizes_quiz_task_task_id_19916569_fk_quizes_quiz_id FOREIGN KEY (task_id) REFERENCES public.quizes_quiz(id) DEFERRABLE INITIALLY DEFERRED;


--
-- Name: results_results results_results_quiz_id_a0ad2b1c_fk_quizes_quiz_id; Type: FK CONSTRAINT; Schema: public; Owner: elearn_user
--

ALTER TABLE ONLY public.results_results
    ADD CONSTRAINT results_results_quiz_id_a0ad2b1c_fk_quizes_quiz_id FOREIGN KEY (quiz_id) REFERENCES public.quizes_quiz(id) DEFERRABLE INITIALLY DEFERRED;


--
-- Name: results_results results_results_users_id_588cb56b_fk_users_user_id; Type: FK CONSTRAINT; Schema: public; Owner: elearn_user
--

ALTER TABLE ONLY public.results_results
    ADD CONSTRAINT results_results_users_id_588cb56b_fk_users_user_id FOREIGN KEY (users_id) REFERENCES public.users_user(id) DEFERRABLE INITIALLY DEFERRED;


--
-- Name: users_user_groups users_user_groups_group_id_9afc8d0e_fk_auth_group_id; Type: FK CONSTRAINT; Schema: public; Owner: elearn_user
--

ALTER TABLE ONLY public.users_user_groups
    ADD CONSTRAINT users_user_groups_group_id_9afc8d0e_fk_auth_group_id FOREIGN KEY (group_id) REFERENCES public.auth_group(id) DEFERRABLE INITIALLY DEFERRED;


--
-- Name: users_user_groups users_user_groups_user_id_5f6f5a90_fk_users_user_id; Type: FK CONSTRAINT; Schema: public; Owner: elearn_user
--

ALTER TABLE ONLY public.users_user_groups
    ADD CONSTRAINT users_user_groups_user_id_5f6f5a90_fk_users_user_id FOREIGN KEY (user_id) REFERENCES public.users_user(id) DEFERRABLE INITIALLY DEFERRED;


--
-- Name: users_user_user_permissions users_user_user_perm_permission_id_0b93982e_fk_auth_perm; Type: FK CONSTRAINT; Schema: public; Owner: elearn_user
--

ALTER TABLE ONLY public.users_user_user_permissions
    ADD CONSTRAINT users_user_user_perm_permission_id_0b93982e_fk_auth_perm FOREIGN KEY (permission_id) REFERENCES public.auth_permission(id) DEFERRABLE INITIALLY DEFERRED;


--
-- Name: users_user_user_permissions users_user_user_permissions_user_id_20aca447_fk_users_user_id; Type: FK CONSTRAINT; Schema: public; Owner: elearn_user
--

ALTER TABLE ONLY public.users_user_user_permissions
    ADD CONSTRAINT users_user_user_permissions_user_id_20aca447_fk_users_user_id FOREIGN KEY (user_id) REFERENCES public.users_user(id) DEFERRABLE INITIALLY DEFERRED;


--
-- PostgreSQL database dump complete
--

\unrestrict jqc2DblcpO5xr3YR8vfjuHicMxlgTzu3ESKdUE4agZpSKDqV99T9FMOnHxVO7As

